job_id,source,title,company,location,remote,seniority,salary_min,salary_max,salary_currency,skills,posted_date,url,description,scraped_at
9c50f7c264f071e4,demo,Junior Frontend Engineer,Pixelforge,"New York, NY",False,Junior,67000.0,91000.0,USD,PHP; React; GraphQL; Git; Selenium,2026-08-10,https://example.com/jobs/demo-w0-0,"Pixelforge | Junior Frontend Engineer | New York, NY | ONSITE | $67k-$91k Pixelforge is hiring a Junior Frontend Engineer. You will build and ship production systems with a small, friendly team. Tech stack: GraphQL, Git, PHP, Selenium, React. We offer flexible hours, learning budget and a transparent hiring process.",2026-08-16T05:41:41+00:00
477c6c52b0801b1b,demo,Junior Data Scientist,Neonbyte,"Amsterdam, Netherlands",False,Junior,66000.0,89000.0,USD,Python; SQL; Pandas; scikit-learn; Hadoop; Tableau; Machine Learning,2026-08-13,https://example.com/jobs/demo-w0-1,"Neonbyte | Junior Data Scientist | Amsterdam, Netherlands | HYBRID | $66k-$89k Neonbyte is hiring a Junior Data Scientist. You will build and ship production systems with a small, friendly team. Tech stack: Python, SQL, Machine Learning, scikit-learn, Pandas, Tableau, Hadoop. We offer flexible hours, learning budget and a transparent hiring process.",2026-08-16T05:41:41+00:00
1dd2c1c4f6a111c5,demo,Senior Data Engineer,Kestrel Works,Remote (US),True,Senior,126000.0,186000.0,USD,Python; SQL; Microservices; Spark; Kafka; AWS,2026-08-10,https://example.com/jobs/demo-w0-2,"Kestrel Works | Senior Data Engineer | Remote (US) | REMOTE | $126k-$186k Kestrel Works is hiring a Senior Data Engineer. You will build and ship production systems with a small, friendly team. Tech stack: Microservices, AWS, Spark, Python, Kafka, SQL. We offer flexible hours, learning budget and a transparent hiring process.",2026-08-16T05:41:41+00:00
ed76041f354653ea,demo,Junior Data Engineer,Helio Systems,"Bangalore, India",False,Junior,72000.0,93000.0,USD,SQL; Spark; Hadoop; Airflow; Elasticsearch; AWS,2026-08-11,https://example.com/jobs/demo-w0-3,"Helio Systems | Junior Data Engineer | Bangalore, India | ONSITE | $72k-$93k Helio Systems is hiring a Junior Data Engineer. You will build and ship production systems with a small, friendly team. Tech stack: AWS, SQL, Hadoop, Elasticsearch, Airflow, Spark. We offer flexible hours, learning budget and a transparent hiring process.",2026-08-16T05:41:41+00:00
7b446ccd99560c0b,demo,Machine Learning Engineer,Aurora Cloud,"New York, NY",False,,99000.0,123000.0,USD,jQuery; PyTorch; TensorFlow; Hadoop; AWS; Kubernetes; Machine Learning; Selenium,2026-08-15,https://example.com/jobs/demo-w0-4,"Aurora Cloud | Machine Learning Engineer | New York, NY | HYBRID | $99k-$123k Aurora Cloud is hiring a Machine Learning Engineer. You will build and ship production systems with a small, friendly team. Tech stack: Hadoop, PyTorch, Kubernetes, jQuery, AWS, Selenium, TensorFlow. We offer flexible hours, learning budget and a transparent hiring process.",2026-08-16T05:41:41+00:00
40b77bdbf49e52ae,demo,Senior Backend Engineer,Pixelforge,"Amsterdam, Netherlands",False,Senior,133000.0,186000.0,USD,Python; Django; PostgreSQL; Redis; AWS; Docker; Web Scraping,2026-08-10,https://example.com/jobs/demo-w0-5,"Pixelforge | Senior Backend Engineer | Amsterdam, Netherlands | ONSITE | $133k-$186k Pixelforge is hiring a Senior Backend Engineer. You will build and ship production systems with a small, friendly team. Tech stack: Django, Docker, Redis, PostgreSQL, Python, Web Scraping, AWS. We offer flexible hours, learning budget and a transparent hiring process.",2026-08-16T05:41:41+00:00
dc4eb24804d91184,demo,Junior Machine Learning Engineer,Verdant AI,"Bangalore, India",False,Junior,67000.0,88000.0,USD,jQuery; PyTorch; TensorFlow; Machine Learning; Selenium,2026-08-15,https://example.com/jobs/demo-w0-6,"Verdant AI | Junior Machine Learning Engineer | Bangalore, India | ONSITE | $67k-$88k Verdant AI is hiring a Junior Machine Learning Engineer. You will build and ship production systems with a small, friendly team. Tech stack: TensorFlow, Selenium, jQuery, PyTorch. We offer flexible hours, learning budget and a transparent hiring process.",2026-08-16T05:41:41+00:00
8f39d3355afd5b31,demo,Junior Analytics Engineer,Lumen Analytics,Remote (EU),True,Junior,68000.0,95000.0,USD,Python; SQL; dbt; BigQuery; Looker; Git; Web Scraping,2026-08-14,https://example.com/jobs/demo-w0-7,"Lumen Analytics | Junior Analytics Engineer | Remote (EU) | REMOTE | $68k-$95k Lumen Analytics is hiring a Junior Analytics Engineer. You will build and ship production systems with a small, friendly team. Tech stack: SQL, Looker, Web Scraping, dbt, BigQuery, Python, Git. We offer flexible hours, learning budget and a transparent hiring process.",2026-08-16T05:41:41+00:00
439402ee2569655e,demo,Senior Systems Engineer,Brightwave,"Berlin, Germany",False,Senior,128000.0,179000.0,USD,Go; Rust; Microservices; Hadoop; MySQL,2026-08-10,https://example.com/jobs/demo-w0-8,"Brightwave | Senior Systems Engineer | Berlin, Germany | ONSITE | $128k-$179k Brightwave is hiring a Senior Systems Engineer. You will build and ship production systems with a small, friendly team. Tech stack: Microservices, Hadoop, Go, Rust, MySQL. We offer flexible hours, learning budget and a transparent hiring process.",2026-08-16T05:41:41+00:00
ff89c608b36b049e,demo,Systems Engineer,Neonbyte,"New York, NY",False,,99000.0,138000.0,USD,PHP; Microservices; Kubernetes; Selenium,2026-08-12,https://example.com/jobs/demo-w0-9,"Neonbyte | Systems Engineer | New York, NY | ONSITE | $99k-$138k Neonbyte is hiring a Systems Engineer. You will build and ship production systems with a small, friendly team. Tech stack: Kubernetes, Microservices, PHP, Selenium. We offer flexible hours, learning budget and a transparent hiring process.",2026-08-16T05:41:41+00:00
12bab867299d6294,demo,Senior Analytics Engineer,Mintleaf,"Lisbon, Portugal",False,Senior,127000.0,180000.0,USD,Python; PHP; SQL; dbt; Snowflake; BigQuery; Looker,2026-08-10,https://example.com/jobs/demo-w0-10,"Mintleaf | Senior Analytics Engineer | Lisbon, Portugal | ONSITE | $127k-$180k Mintleaf is hiring a Senior Analytics Engineer. You will build and ship production systems with a small, friendly team. Tech stack: Python, BigQuery, Snowflake, PHP, SQL, dbt, Looker. We offer flexible hours, learning budget and a transparent hiring process.",2026-08-16T05:41:41+00:00
7f73ba30a1b48e86,demo,AI Engineer,Fjord Software,"Austin, TX",False,,103000.0,123000.0,USD,Python; FastAPI; jQuery; Generative AI; Hugging Face; Selenium,2026-08-14,https://example.com/jobs/demo-w0-11,"Fjord Software | AI Engineer | Austin, TX | HYBRID | $103k-$123k Fjord Software is hiring a AI Engineer. You will build and ship production systems with a small, friendly team. Tech stack: Hugging Face, jQuery, Python, FastAPI, Generative AI, Selenium. We offer flexible hours, learning budget and a transparent hiring process.",2026-08-16T05:41:41+00:00
01fb6aef0cf2bab2,demo,Lead Systems Engineer,Orbitly,"Austin, TX",False,Lead,157000.0,208000.0,USD,C++; Go; Rust; Kubernetes; CI/CD; Linux; Web Scraping,2026-08-10,https://example.com/jobs/demo-w0-12,"Orbitly | Lead Systems Engineer | Austin, TX | HYBRID | $157k-$208k Orbitly is hiring a Lead Systems Engineer. You will build and ship production systems with a small, friendly team. Tech stack: C++, CI/CD, Linux, Kubernetes, Go, Web Scraping, Rust. We offer flexible hours, learning budget and a transparent hiring process.",2026-08-16T05:41:41+00:00
8c7017701d8cb357,demo,Senior Backend Engineer,Neonbyte,"San Francisco, CA",False,Senior,136000.0,180000.0,USD,PHP; jQuery; PostgreSQL; Redis,2026-08-14,https://example.com/jobs/demo-w0-13,"Neonbyte | Senior Backend Engineer | San Francisco, CA | ONSITE | $136k-$180k Neonbyte is hiring a Senior Backend Engineer. You will build and ship production systems with a small, friendly team. Tech stack: jQuery, PHP, Redis, PostgreSQL. We offer flexible hours, learning budget and a transparent hiring process.",2026-08-16T05:41:41+00:00
c66c165524e73a42,demo,Lead AI Engineer,Tidewater Data,"Amsterdam, Netherlands",False,Lead,158000.0,204000.0,USD,Python; FastAPI; Microservices; LangChain; Hugging Face; Selenium,2026-08-12,https://example.com/jobs/demo-w0-14,"Tidewater Data | Lead AI Engineer | Amsterdam, Netherlands | HYBRID | $158k-$204k Tidewater Data is hiring a Lead AI Engineer. You will build and ship production systems with a small, friendly team. Tech stack: Selenium, FastAPI, Hugging Face, Python, Microservices, LangChain. We offer flexible hours, learning budget and a transparent hiring process.",2026-08-16T05:41:41+00:00
ebaf99deff68681a,demo,Machine Learning Engineer,Quantix,"Bangalore, India",False,,99000.0,142000.0,USD,TensorFlow; Hadoop; AWS; Docker; Machine Learning,2026-08-16,https://example.com/jobs/demo-w0-15,"Quantix | Machine Learning Engineer | Bangalore, India | ONSITE | $99k-$142k Quantix is hiring a Machine Learning Engineer. You will build and ship production systems with a small, friendly team. Tech stack: Hadoop, AWS, TensorFlow, Docker. We offer flexible hours, learning budget and a transparent hiring process.",2026-08-16T05:41:41+00:00
f273b0c09696a82d,demo,Senior Backend Engineer,Orbitly,Singapore,False,Senior,129000.0,176000.0,USD,REST API; Hadoop; Redis; Docker,2026-08-11,https://example.com/jobs/demo-w0-16,"Orbitly | Senior Backend Engineer | Singapore | ONSITE | $129k-$176k Orbitly is hiring a Senior Backend Engineer. You will build and ship production systems with a small, friendly team. Tech stack: Docker, REST API, Hadoop, Redis. We offer flexible hours, learning budget and a transparent hiring process.",2026-08-16T05:41:41+00:00
0a8b916857695619,demo,Junior Backend Engineer,Helio Systems,"New York, NY",False,Junior,78000.0,92000.0,USD,Django; jQuery; REST API; PostgreSQL; Elasticsearch; Docker; Web Scraping,2026-08-10,https://example.com/jobs/demo-w0-17,"Helio Systems | Junior Backend Engineer | New York, NY | HYBRID | $78k-$92k Helio Systems is hiring a Junior Backend Engineer. You will build and ship production systems with a small, friendly team. Tech stack: PostgreSQL, Docker, Elasticsearch, jQuery, Web Scraping, Django, REST API. We offer flexible hours, learning budget and a transparent hiring process.",2026-08-16T05:41:41+00:00
26809b77c34f55bd,demo,Systems Engineer,Nimbus Labs,"San Francisco, CA",False,,97000.0,137000.0,USD,C++; jQuery; Hadoop; Selenium,2026-08-12,https://example.com/jobs/demo-w0-18,"Nimbus Labs | Systems Engineer | San Francisco, CA | HYBRID | $97k-$137k Nimbus Labs is hiring a Systems Engineer. You will build and ship production systems with a small, friendly team. Tech stack: jQuery, C++, Hadoop, Selenium. We offer flexible hours, learning budget and a transparent hiring process.",2026-08-16T05:41:41+00:00
93eaeb73746a365f,demo,Analytics Engineer,Pixelforge,Remote,True,,101000.0,135000.0,USD,Hadoop; Snowflake; BigQuery; Selenium,2026-08-16,https://example.com/jobs/demo-w0-19,"Pixelforge | Analytics Engineer | Remote | REMOTE | $101k-$135k Pixelforge is hiring a Analytics Engineer. You will build and ship production systems with a small, friendly team. Tech stack: Selenium, BigQuery, Hadoop, Snowflake. We offer flexible hours, learning budget and a transparent hiring process.",2026-08-16T05:41:41+00:00
4ca36819f3f6a64a,demo,Lead Data Scientist,Quantix,"San Francisco, CA",False,Lead,161000.0,221000.0,USD,Python; PHP; jQuery; Microservices; Pandas; NumPy; scikit-learn,2026-08-13,https://example.com/jobs/demo-w0-20,"Quantix | Lead Data Scientist | San Francisco, CA | ONSITE | $161k-$221k Quantix is hiring a Lead Data Scientist. You will build and ship production systems with a small, friendly team. Tech stack: jQuery, Microservices, scikit-learn, Pandas, PHP, Python, NumPy. We offer flexible hours, learning budget and a transparent hiring process.",2026-08-16T05:41:41+00:00
981feb8b6be0619f,demo,Senior Machine Learning Engineer,Quantix,"Toronto, Canada",False,Senior,127000.0,172000.0,USD,PyTorch; TensorFlow; Kubernetes; Machine Learning; MLOps,2026-08-12,https://example.com/jobs/demo-w0-21,"Quantix | Senior Machine Learning Engineer | Toronto, Canada | ONSITE | $127k-$172k Quantix is hiring a Senior Machine Learning Engineer. You will build and ship production systems with a small, friendly team. Tech stack: Kubernetes, MLOps, TensorFlow, PyTorch. We offer flexible hours, learning budget and a transparent hiring process.",2026-08-16T05:41:41+00:00
176ca2dacf460caa,demo,Senior Analytics Engineer,Polaris Health,"San Francisco, CA",False,Senior,129000.0,183000.0,USD,Python; PHP; SQL; dbt; BigQuery; Looker; MySQL,2026-08-14,https://example.com/jobs/demo-w0-22,"Polaris Health | Senior Analytics Engineer | San Francisco, CA | HYBRID | $129k-$183k Polaris Health is hiring a Senior Analytics Engineer. You will build and ship production systems with a small, friendly team. Tech stack: MySQL, Python, BigQuery, SQL, Looker, PHP, dbt. We offer flexible hours, learning budget and a transparent hiring process.",2026-08-16T05:41:41+00:00
8020d0d27bc02556,demo,AI Engineer,Lumen Analytics,"San Francisco, CA",False,,97000.0,129000.0,USD,Python; PHP; MySQL; MongoDB; Hugging Face,2026-08-15,https://example.com/jobs/demo-w0-23,"Lumen Analytics | AI Engineer | San Francisco, CA | ONSITE | $97k-$129k Lumen Analytics is hiring a AI Engineer. You will build and ship production systems with a small, friendly team. Tech stack: MongoDB, Hugging Face, PHP, MySQL, Python. We offer flexible hours, learning budget and a transparent hiring process.",2026-08-16T05:41:41+00:00
f54e70844430e068,demo,Lead Analytics Engineer,Polaris Health,"Bangalore, India",False,Lead,156000.0,219000.0,USD,SQL; jQuery; dbt; Snowflake; BigQuery; Looker; Elasticsearch,2026-08-13,https://example.com/jobs/demo-w0-24,"Polaris Health | Lead Analytics Engineer | Bangalore, India | ONSITE | $156k-$219k Polaris Health is hiring a Lead Analytics Engineer. You will build and ship production systems with a small, friendly team. Tech stack: SQL, jQuery, Elasticsearch, Looker, BigQuery, dbt, Snowflake. We offer flexible hours, learning budget and a transparent hiring process.",2026-08-16T05:41:41+00:00
c96a96c43bcf46d0,demo,AI Engineer,Pixelforge,"New York, NY",False,,89000.0,135000.0,USD,Python; FastAPI; Hadoop; Git; RAG; Hugging Face; Web Scraping,2026-08-16,https://example.com/jobs/demo-w0-25,"Pixelforge | AI Engineer | New York, NY | ONSITE | $89k-$135k Pixelforge is hiring a AI Engineer. You will build and ship production systems with a small, friendly team. Tech stack: FastAPI, Web Scraping, Hadoop, Hugging Face, Git, Python, RAG. We offer flexible hours, learning budget and a transparent hiring process.",2026-08-16T05:41:41+00:00
3c37dc573d33a014,demo,Junior Systems Engineer,Tidewater Data,"San Francisco, CA",False,Junior,68000.0,101000.0,USD,C++; Hadoop; Kubernetes; Linux; Git,2026-08-11,https://example.com/jobs/demo-w0-26,"Tidewater Data | Junior Systems Engineer | San Francisco, CA | HYBRID | $68k-$101k Tidewater Data is hiring a Junior Systems Engineer. You will build and ship production systems with a small, friendly team. Tech stack: Hadoop, Kubernetes, C++, Linux, Git. We offer flexible hours, learning budget and a transparent hiring process.",2026-08-16T05:41:41+00:00
13a0fc9d09f2f7d4,demo,Junior Full Stack Developer,Pixelforge,"Lisbon, Portugal",False,Junior,69000.0,88000.0,USD,TypeScript; PHP; React; GraphQL; PostgreSQL; Docker; CI/CD,2026-08-11,https://example.com/jobs/demo-w0-27,"Pixelforge | Junior Full Stack Developer | Lisbon, Portugal | HYBRID | $69k-$88k Pixelforge is hiring a Junior Full Stack Developer. You will build and ship production systems with a small, friendly team. Tech stack: TypeScript, PostgreSQL, GraphQL, React, PHP, CI/CD, Docker. We offer flexible hours, learning budget and a transparent hiring process.",2026-08-16T05:41:41+00:00
e090c7f19527a651,demo,Senior Analytics Engineer,Quantix,"London, UK",False,Senior,133000.0,170000.0,USD,Python; jQuery; dbt; Snowflake; BigQuery,2026-08-10,https://example.com/jobs/demo-w0-28,"Quantix | Senior Analytics Engineer | London, UK | ONSITE | $133k-$170k Quantix is hiring a Senior Analytics Engineer. You will build and ship production systems with a small, friendly team. Tech stack: BigQuery, jQuery, Python, dbt, Snowflake. We offer flexible hours, learning budget and a transparent hiring process.",2026-08-16T05:41:41+00:00
3dc42187d8c20b82,demo,Senior Data Engineer,Brightwave,Remote (EU),True,Senior,132000.0,185000.0,USD,Airflow; dbt; Elasticsearch; Selenium,2026-08-14,https://example.com/jobs/demo-w0-29,"Brightwave | Senior Data Engineer | Remote (EU) | REMOTE | $132k-$185k Brightwave is hiring a Senior Data Engineer. You will build and ship production systems with a small, friendly team. Tech stack: dbt, Elasticsearch, Selenium, Airflow. We offer flexible hours, learning budget and a transparent hiring process.",2026-08-16T05:41:41+00:00
3fa7447bd3a15637,demo,Senior Systems Engineer,Sundial Labs,Remote (US),True,Senior,134000.0,176000.0,USD,Hadoop; MongoDB; Elasticsearch; Linux,2026-08-14,https://example.com/jobs/demo-w0-30,"Sundial Labs | Senior Systems Engineer | Remote (US) | REMOTE | $134k-$176k Sundial Labs is hiring a Senior Systems Engineer. You will build and ship production systems with a small, friendly team. Tech stack: Linux, MongoDB, Elasticsearch, Hadoop. We offer flexible hours, learning budget and a transparent hiring process.",2026-08-16T05:41:41+00:00
0c3ab5d6edfb4402,demo,Machine Learning Engineer,Verdant AI,Remote,True,,102000.0,123000.0,USD,TensorFlow; Hadoop; AWS; Kubernetes; Git; Machine Learning; Web Scraping,2026-08-12,https://example.com/jobs/demo-w0-31,"Verdant AI | Machine Learning Engineer | Remote | REMOTE | $102k-$123k Verdant AI is hiring a Machine Learning Engineer. You will build and ship production systems with a small, friendly team. Tech stack: Hadoop, Web Scraping, Kubernetes, TensorFlow, AWS, Git. We offer flexible hours, learning budget and a transparent hiring process.",2026-08-16T05:41:41+00:00
38b076ffe5f83fad,demo,Lead Analytics Engineer,Tidewater Data,Remote (EU),True,Lead,168000.0,205000.0,USD,PHP; Hadoop; Snowflake; BigQuery; CI/CD; Web Scraping,2026-08-11,https://example.com/jobs/demo-w0-32,"Tidewater Data | Lead Analytics Engineer | Remote (EU) | REMOTE | $168k-$205k Tidewater Data is hiring a Lead Analytics Engineer. You will build and ship production systems with a small, friendly team. Tech stack: Web Scraping, BigQuery, PHP, CI/CD, Snowflake, Hadoop. We offer flexible hours, learning budget and a transparent hiring process.",2026-08-16T05:41:41+00:00
44c8d87a384e84e2,demo,Lead Backend Engineer,Mintleaf,"Berlin, Germany",False,Lead,161000.0,217000.0,USD,Python; Django; jQuery; PostgreSQL; Redis; AWS; Docker,2026-08-10,https://example.com/jobs/demo-w0-33,"Mintleaf | Lead Backend Engineer | Berlin, Germany | HYBRID | $161k-$217k Mintleaf is hiring a Lead Backend Engineer. You will build and ship production systems with a small, friendly team. Tech stack: jQuery, Docker, Python, Django, PostgreSQL, AWS, Redis. We offer flexible hours, learning budget and a transparent hiring process.",2026-08-16T05:41:41+00:00
be1096c3ec74334e,demo,AI Engineer,Neonbyte,"Toronto, Canada",False,,90000.0,139000.0,USD,Python; LangChain; Hugging Face; Selenium,2026-08-12,https://example.com/jobs/demo-w0-34,"Neonbyte | AI Engineer | Toronto, Canada | ONSITE | $90k-$139k Neonbyte is hiring a AI Engineer. You will build and ship production systems with a small, friendly team. Tech stack: Python, LangChain, Selenium, Hugging Face. We offer flexible hours, learning budget and a transparent hiring process.",2026-08-16T05:41:41+00:00
e6153048ada45e0d,demo,Junior DevOps Engineer,Polaris Health,"Austin, TX",False,Junior,64000.0,101000.0,USD,Hadoop; MongoDB; AWS; Docker; Terraform; Linux; Prometheus,2026-08-12,https://example.com/jobs/demo-w0-35,"Polaris Health | Junior DevOps Engineer | Austin, TX | HYBRID | $64k-$101k Polaris Health is hiring a Junior DevOps Engineer. You will build and ship production systems with a small, friendly team. Tech stack: Docker, Hadoop, Prometheus, Terraform, MongoDB, AWS, Linux. We offer flexible hours, learning budget and a transparent hiring process.",2026-08-16T05:41:41+00:00
77a837b22efb59aa,demo,Senior Systems Engineer,Cobalt & Co,"New York, NY",False,Senior,135000.0,176000.0,USD,C++; Go; Hadoop; MongoDB; Kubernetes; Linux; Web Scraping,2026-08-11,https://example.com/jobs/demo-w0-36,"Cobalt & Co | Senior Systems Engineer | New York, NY | ONSITE | $135k-$176k Cobalt & Co is hiring a Senior Systems Engineer. You will build and ship production systems with a small, friendly team. Tech stack: Linux, Web Scraping, C++, Kubernetes, MongoDB, Go, Hadoop. We offer flexible hours, learning budget and a transparent hiring process.",2026-08-16T05:41:41+00:00
42817fe8b5f29d6f,demo,Lead DevOps Engineer,Pixelforge,Remote (EU),True,Lead,157000.0,218000.0,USD,PHP; MongoDB; Docker; Kubernetes; Ansible; Prometheus,2026-08-14,https://example.com/jobs/demo-w0-37,"Pixelforge | Lead DevOps Engineer | Remote (EU) | REMOTE | $157k-$218k Pixelforge is hiring a Lead DevOps Engineer. You will build and ship production systems with a small, friendly team. Tech stack: Ansible, Kubernetes, Docker, PHP, Prometheus, MongoDB. We offer flexible hours, learning budget and a transparent hiring process.",2026-08-16T05:41:41+00:00
b5df0c9d6e2b07b9,demo,Junior Backend Engineer,Lumen Analytics,"Amsterdam, Netherlands",False,Junior,70000.0,102000.0,USD,Django; jQuery; REST API; PostgreSQL; Redis; Docker,2026-08-13,https://example.com/jobs/demo-w0-38,"Lumen Analytics | Junior Backend Engineer | Amsterdam, Netherlands | HYBRID | $70k-$102k Lumen Analytics is hiring a Junior Backend Engineer. You will build and ship production systems with a small, friendly team. Tech stack: Docker, Redis, PostgreSQL, Django, REST API, jQuery. We offer flexible hours, learning budget and a transparent hiring process.",2026-08-16T05:41:41+00:00
428604733d5f9758,demo,Lead Frontend Engineer,Polaris Health,Singapore,False,Lead,153000.0,205000.0,USD,PHP; Next.js; jQuery; Hadoop; Elasticsearch,2026-08-10,https://example.com/jobs/demo-w0-39,"Polaris Health | Lead Frontend Engineer | Singapore | ONSITE | $153k-$205k Polaris Health is hiring a Lead Frontend Engineer. You will build and ship production systems with a small, friendly team. Tech stack: Hadoop, PHP, jQuery, Next.js, Elasticsearch. We offer flexible hours, learning budget and a transparent hiring process.",2026-08-16T05:41:41+00:00
d14327811687be08,demo,Senior AI Engineer,Aurora Cloud,"San Francisco, CA",False,Senior,125000.0,169000.0,USD,Python; FastAPI; Hadoop; MySQL; Generative AI; Web Scraping,2026-08-16,https://example.com/jobs/demo-w0-40,"Aurora Cloud | Senior AI Engineer | San Francisco, CA | HYBRID | $125k-$169k Aurora Cloud is hiring a Senior AI Engineer. You will build and ship production systems with a small, friendly team. Tech stack: Web Scraping, FastAPI, Generative AI, MySQL, Python, Hadoop. We offer flexible hours, learning budget and a transparent hiring process.",2026-08-16T05:41:41+00:00
a92a5e1aaacece4e,demo,Frontend Engineer,Sundial Labs,Remote (US),True,,100000.0,135000.0,USD,JavaScript; React; Tailwind CSS; Hadoop; Selenium,2026-08-10,https://example.com/jobs/demo-w0-41,"Sundial Labs | Frontend Engineer | Remote (US) | REMOTE | $100k-$135k Sundial Labs is hiring a Frontend Engineer. You will build and ship production systems with a small, friendly team. Tech stack: React, JavaScript, Selenium, Tailwind CSS, Hadoop. We offer flexible hours, learning budget and a transparent hiring process.",2026-08-16T05:41:41+00:00
03ae474dc9f804ad,demo,Lead Systems Engineer,Lumen Analytics,"Bangalore, India",False,Lead,166000.0,216000.0,USD,C++; Rust; Hadoop; Linux; Git,2026-08-16,https://example.com/jobs/demo-w0-42,"Lumen Analytics | Lead Systems Engineer | Bangalore, India | ONSITE | $166k-$216k Lumen Analytics is hiring a Lead Systems Engineer. You will build and ship production systems with a small, friendly team. Tech stack: Rust, C++, Git, Hadoop, Linux. We offer flexible hours, learning budget and a transparent hiring process.",2026-08-16T05:41:41+00:00
d49ff7061c162d58,demo,Systems Engineer,Aurora Cloud,"Berlin, Germany",False,,94000.0,130000.0,USD,C++; Go; Rust; jQuery; MongoDB; Kubernetes; Linux,2026-08-10,https://example.com/jobs/demo-w0-43,"Aurora Cloud | Systems Engineer | Berlin, Germany | ONSITE | $94k-$130k Aurora Cloud is hiring a Systems Engineer. You will build and ship production systems with a small, friendly team. Tech stack: MongoDB, Go, Kubernetes, Linux, Rust, jQuery, C++. We offer flexible hours, learning budget and a transparent hiring process.",2026-08-16T05:41:41+00:00
40d51bba3c485a10,demo,Senior Backend Engineer,Cobalt & Co,"Toronto, Canada",False,Senior,136000.0,187000.0,USD,Python; Django; REST API; PostgreSQL; Docker; CI/CD; Git,2026-08-12,https://example.com/jobs/demo-w0-44,"Cobalt & Co | Senior Backend Engineer | Toronto, Canada | HYBRID | $136k-$187k Cobalt & Co is hiring a Senior Backend Engineer. You will build and ship production systems with a small, friendly team. Tech stack: Docker, CI/CD, Django, Git, REST API, Python, PostgreSQL. We offer flexible hours, learning budget and a transparent hiring process.",2026-08-16T05:41:41+00:00
fbc3cba16e220e90,demo,Junior Data Engineer,Mintleaf,"Berlin, Germany",False,Junior,77000.0,88000.0,USD,Python; Spark; Kafka; Snowflake; AWS,2026-08-13,https://example.com/jobs/demo-w0-45,"Mintleaf | Junior Data Engineer | Berlin, Germany | HYBRID | $77k-$88k Mintleaf is hiring a Junior Data Engineer. You will build and ship production systems with a small, friendly team. Tech stack: Snowflake, Spark, AWS, Kafka, Python. We offer flexible hours, learning budget and a transparent hiring process.",2026-08-16T05:41:41+00:00
39a02f3974f9682d,demo,Systems Engineer,Mintleaf,"Bangalore, India",False,,90000.0,136000.0,USD,Microservices; Hadoop; Elasticsearch; Kubernetes; Linux,2026-08-13,https://example.com/jobs/demo-w0-46,"Mintleaf | Systems Engineer | Bangalore, India | HYBRID | $90k-$136k Mintleaf is hiring a Systems Engineer. You will build and ship production systems with a small, friendly team. Tech stack: Kubernetes, Linux, Microservices, Elasticsearch, Hadoop. We offer flexible hours, learning budget and a transparent hiring process.",2026-08-16T05:41:41+00:00
a8e6568132d7ac2e,demo,Junior Machine Learning Engineer,Tidewater Data,Remote (EU),True,Junior,76000.0,92000.0,USD,TensorFlow; MongoDB; AWS; Docker; CI/CD; Machine Learning,2026-08-16,https://example.com/jobs/demo-w0-47,"Tidewater Data | Junior Machine Learning Engineer | Remote (EU) | REMOTE | $76k-$92k Tidewater Data is hiring a Junior Machine Learning Engineer. You will build and ship production systems with a small, friendly team. Tech stack: CI/CD, TensorFlow, AWS, MongoDB, Docker. We offer flexible hours, learning budget and a transparent hiring process.",2026-08-16T05:41:41+00:00
df66139ddbc32677,demo,Senior Data Engineer,Orbitly,Singapore,False,Senior,124000.0,180000.0,USD,Python; jQuery; Airflow; Snowflake; MySQL; AWS,2026-08-14,https://example.com/jobs/demo-w0-48,"Orbitly | Senior Data Engineer | Singapore | ONSITE | $124k-$180k Orbitly is hiring a Senior Data Engineer. You will build and ship production systems with a small, friendly team. Tech stack: jQuery, Snowflake, AWS, Python, MySQL, Airflow. We offer flexible hours, learning budget and a transparent hiring process.",2026-08-16T05:41:41+00:00
216e64a7eb1c28fb,demo,Senior Frontend Engineer,Quantix,"San Francisco, CA",False,Senior,122000.0,171000.0,USD,JavaScript; TypeScript; Next.js; jQuery; GraphQL,2026-08-13,https://example.com/jobs/demo-w0-49,"Quantix | Senior Frontend Engineer | San Francisco, CA | HYBRID | $122k-$171k Quantix is hiring a Senior Frontend Engineer. You will build and ship production systems with a small, friendly team. Tech stack: jQuery, GraphQL, TypeScript, JavaScript, Next.js. We offer flexible hours, learning budget and a transparent hiring process.",2026-08-16T05:41:41+00:00
949ecf4e63b8f7fd,demo,Junior Full Stack Developer,Aurora Cloud,"Toronto, Canada",False,Junior,69000.0,104000.0,USD,TypeScript; jQuery; GraphQL; Hadoop; Git,2026-08-16,https://example.com/jobs/demo-w0-50,"Aurora Cloud | Junior Full Stack Developer | Toronto, Canada | HYBRID | $69k-$104k Aurora Cloud is hiring a Junior Full Stack Developer. You will build and ship production systems with a small, friendly team. Tech stack: TypeScript, Hadoop, jQuery, GraphQL, Git. We offer flexible hours, learning budget and a transparent hiring process.",2026-08-16T05:41:41+00:00
dce12a9dd8146f49,demo,Senior AI Engineer,Tidewater Data,"Toronto, Canada",False,Senior,122000.0,169000.0,USD,Python; PHP; FastAPI; jQuery; Microservices; Generative AI; Hugging Face,2026-08-10,https://example.com/jobs/demo-w0-51,"Tidewater Data | Senior AI Engineer | Toronto, Canada | ONSITE | $122k-$169k Tidewater Data is hiring a Senior AI Engineer. You will build and ship production systems with a small, friendly team. Tech stack: FastAPI, Generative AI, jQuery, Microservices, Python, PHP, Hugging Face. We offer flexible hours, learning budget and a transparent hiring process.",2026-08-16T05:41:41+00:00
6acca3fd5cb6b411,demo,Senior DevOps Engineer,Lumen Analytics,"New York, NY",False,Senior,123000.0,178000.0,USD,PHP; jQuery; AWS; Prometheus,2026-08-12,https://example.com/jobs/demo-w0-52,"Lumen Analytics | Senior DevOps Engineer | New York, NY | ONSITE | $123k-$178k Lumen Analytics is hiring a Senior DevOps Engineer. You will build and ship production systems with a small, friendly team. Tech stack: jQuery, Prometheus, PHP, AWS. We offer flexible hours, learning budget and a transparent hiring process.",2026-08-16T05:41:41+00:00
d5ebf5eb26206c97,demo,Senior Backend Engineer,Mintleaf,"Toronto, Canada",False,Senior,133000.0,171000.0,USD,Python; Django; jQuery; REST API; Redis; Elasticsearch; Docker,2026-08-14,https://example.com/jobs/demo-w0-53,"Mintleaf | Senior Backend Engineer | Toronto, Canada | ONSITE | $133k-$171k Mintleaf is hiring a Senior Backend Engineer. You will build and ship production systems with a small, friendly team. Tech stack: Docker, Django, Elasticsearch, Python, Redis, jQuery, REST API. We offer flexible hours, learning budget and a transparent hiring process.",2026-08-16T05:41:41+00:00
f82d053ab3001784,demo,Analytics Engineer,Helio Systems,"Austin, TX",False,,89000.0,126000.0,USD,Python; PHP; SQL; Hadoop; Snowflake; BigQuery; MongoDB,2026-08-10,https://example.com/jobs/demo-w0-54,"Helio Systems | Analytics Engineer | Austin, TX | HYBRID | $89k-$126k Helio Systems is hiring a Analytics Engineer. You will build and ship production systems with a small, friendly team. Tech stack: Hadoop, PHP, MongoDB, BigQuery, Snowflake, SQL, Python. We offer flexible hours, learning budget and a transparent hiring process.",2026-08-16T05:41:41+00:00
3febe2d1ff1f0f2f,demo,Senior Data Engineer,Mintleaf,Singapore,False,Senior,124000.0,171000.0,USD,Python; Spark; Airflow; dbt; AWS,2026-08-23,https://example.com/jobs/demo-w1-0,"Mintleaf | Senior Data Engineer | Singapore | HYBRID | $124k-$171k Mintleaf is hiring a Senior Data Engineer. You will build and ship production systems with a small, friendly team. Tech stack: Airflow, dbt, AWS, Python, Spark. We offer flexible hours, learning budget and a transparent hiring process.",2026-08-23T05:41:41+00:00
c111bf301e73c2c0,demo,Senior Backend Engineer,Polaris Health,"New York, NY",False,Senior,135000.0,175000.0,USD,Python; jQuery; REST API; Docker; Generative AI; Web Scraping,2026-08-22,https://example.com/jobs/demo-w1-1,"Polaris Health | Senior Backend Engineer | New York, NY | HYBRID | $135k-$175k Polaris Health is hiring a Senior Backend Engineer. You will build and ship production systems with a small, friendly team. Tech stack: Python, Generative AI, Docker, REST API, jQuery, Web Scraping. We offer flexible hours, learning budget and a transparent hiring process.",2026-08-23T05:41:41+00:00
3c618e29f30dec10,demo,Senior Machine Learning Engineer,Brightwave,"New York, NY",False,Senior,136000.0,168000.0,USD,AWS; Docker; CI/CD; Machine Learning; MLOps,2026-08-18,https://example.com/jobs/demo-w1-2,"Brightwave | Senior Machine Learning Engineer | New York, NY | ONSITE | $136k-$168k Brightwave is hiring a Senior Machine Learning Engineer. You will build and ship production systems with a small, friendly team. Tech stack: CI/CD, MLOps, Docker, AWS. We offer flexible hours, learning budget and a transparent hiring process.",2026-08-23T05:41:41+00:00
9919d9c88897ff53,demo,Junior Full Stack Developer,Neonbyte,Singapore,False,Junior,78000.0,97000.0,USD,TypeScript; React; Node.js; Hadoop,2026-08-21,https://example.com/jobs/demo-w1-3,"Neonbyte | Junior Full Stack Developer | Singapore | HYBRID | $78k-$97k Neonbyte is hiring a Junior Full Stack Developer. You will build and ship production systems with a small, friendly team. Tech stack: React, TypeScript, Node.js, Hadoop. We offer flexible hours, learning budget and a transparent hiring process.",2026-08-23T05:41:41+00:00
1de6ab287cce1ef3,demo,DevOps Engineer,Lumen Analytics,Remote (EU),True,,88000.0,140000.0,USD,AWS; Terraform; Ansible; Linux; Prometheus; Grafana; Web Scraping,2026-08-19,https://example.com/jobs/demo-w1-4,"Lumen Analytics | DevOps Engineer | Remote (EU) | REMOTE | $88k-$140k Lumen Analytics is hiring a DevOps Engineer. You will build and ship production systems with a small, friendly team. Tech stack: Linux, Ansible, Grafana, Prometheus, Terraform, Web Scraping, AWS. We offer flexible hours, learning budget and a transparent hiring process.",2026-08-23T05:41:41+00:00
e86d77bc3d7ffdbd,demo,Junior Data Engineer,Brightwave,Remote (US),True,Junior,68000.0,95000.0,USD,jQuery; Kafka; dbt; AWS,2026-08-23,https://example.com/jobs/demo-w1-5,"Brightwave | Junior Data Engineer | Remote (US) | REMOTE | $68k-$95k Brightwave is hiring a Junior Data Engineer. You will build and ship production systems with a small, friendly team. Tech stack: dbt, Kafka, jQuery, AWS. We offer flexible hours, learning budget and a transparent hiring process.",2026-08-23T05:41:41+00:00
57d4d32c48305cbb,demo,Junior Backend Engineer,Orbitly,"London, UK",False,Junior,74000.0,94000.0,USD,Django; REST API; PostgreSQL; MongoDB; Redis; AWS; Docker,2026-08-23,https://example.com/jobs/demo-w1-6,"Orbitly | Junior Backend Engineer | London, UK | ONSITE | $74k-$94k Orbitly is hiring a Junior Backend Engineer. You will build and ship production systems with a small, friendly team. Tech stack: AWS, MongoDB, PostgreSQL, Redis, Django, REST API, Docker. We offer flexible hours, learning budget and a transparent hiring process.",2026-08-23T05:41:41+00:00
c68e363faa8812f3,demo,Backend Engineer,Lumen Analytics,"London, UK",False,,93000.0,139000.0,USD,Python; jQuery; PostgreSQL; MongoDB; Redis; Docker,2026-08-20,https://example.com/jobs/demo-w1-7,"Lumen Analytics | Backend Engineer | London, UK | ONSITE | $93k-$139k Lumen Analytics is hiring a Backend Engineer. You will build and ship production systems with a small, friendly team. Tech stack: jQuery, MongoDB, Docker, PostgreSQL, Redis, Python. We offer flexible hours, learning budget and a transparent hiring process.",2026-08-23T05:41:41+00:00
2f05424887d16b47,demo,Senior DevOps Engineer,Verdant AI,"New York, NY",False,Senior,138000.0,186000.0,USD,MySQL; Kubernetes; Terraform; Ansible,2026-08-18,https://example.com/jobs/demo-w1-8,"Verdant AI | Senior DevOps Engineer | New York, NY | HYBRID | $138k-$186k Verdant AI is hiring a Senior DevOps Engineer. You will build and ship production systems with a small, friendly team. Tech stack: Kubernetes, Ansible, Terraform, MySQL. We offer flexible hours, learning budget and a transparent hiring process.",2026-08-23T05:41:41+00:00
1e0aefc9dec44681,demo,Analytics Engineer,Pixelforge,"Lisbon, Portugal",False,,99000.0,136000.0,USD,SQL; dbt; BigQuery; Looker,2026-08-19,https://example.com/jobs/demo-w1-9,"Pixelforge | Analytics Engineer | Lisbon, Portugal | HYBRID | $99k-$136k Pixelforge is hiring a Analytics Engineer. You will build and ship production systems with a small, friendly team. Tech stack: SQL, BigQuery, dbt, Looker. We offer flexible hours, learning budget and a transparent hiring process.",2026-08-23T05:41:41+00:00
c23593c429d73a37,demo,Systems Engineer,Cobalt & Co,"Bangalore, India",False,,91000.0,131000.0,USD,C++; Rust; PHP; Hadoop; Kubernetes; Git; RAG,2026-08-18,https://example.com/jobs/demo-w1-10,"Cobalt & Co | Systems Engineer | Bangalore, India | ONSITE | $91k-$131k Cobalt & Co is hiring a Systems Engineer. You will build and ship production systems with a small, friendly team. Tech stack: Git, RAG, C++, Kubernetes, Rust, PHP, Hadoop. We offer flexible hours, learning budget and a transparent hiring process.",2026-08-23T05:41:41+00:00
06db0b95047da22d,demo,Senior Backend Engineer,Helio Systems,"New York, NY",False,Senior,125000.0,175000.0,USD,Python; PHP; Django; REST API; Microservices; AWS,2026-08-23,https://example.com/jobs/demo-w1-11,"Helio Systems | Senior Backend Engineer | New York, NY | HYBRID | $125k-$175k Helio Systems is hiring a Senior Backend Engineer. You will build and ship production systems with a small, friendly team. Tech stack: Microservices, Python, REST API, AWS, PHP, Django. We offer flexible hours, learning budget and a transparent hiring process.",2026-08-23T05:41:41+00:00
c92f54e0bc7c5775,demo,Analytics Engineer,Aurora Cloud,"Toronto, Canada",False,,96000.0,126000.0,USD,Python; SQL; Hadoop; Looker; Selenium,2026-08-17,https://example.com/jobs/demo-w1-12,"Aurora Cloud | Analytics Engineer | Toronto, Canada | ONSITE | $96k-$126k Aurora Cloud is hiring a Analytics Engineer. You will build and ship production systems with a small, friendly team. Tech stack: Python, Looker, Hadoop, Selenium, SQL. We offer flexible hours, learning budget and a transparent hiring process.",2026-08-23T05:41:41+00:00
9d6e037a271b628b,demo,Senior Analytics Engineer,Polaris Health,"Amsterdam, Netherlands",False,Senior,127000.0,179000.0,USD,Python; SQL; Hadoop; dbt,2026-08-22,https://example.com/jobs/demo-w1-13,"Polaris Health | Senior Analytics Engineer | Amsterdam, Netherlands | ONSITE | $127k-$179k Polaris Health is hiring a Senior Analytics Engineer. You will build and ship production systems with a small, friendly team. Tech stack: SQL, Hadoop, dbt, Python. We offer flexible hours, learning budget and a transparent hiring process.",2026-08-23T05:41:41+00:00
6be853b7e1381dc5,demo,Lead Machine Learning Engineer,Quantix,"Bangalore, India",False,Lead,166000.0,219000.0,USD,Python; PyTorch; TensorFlow; AWS; Docker; Git; Machine Learning,2026-08-20,https://example.com/jobs/demo-w1-14,"Quantix | Lead Machine Learning Engineer | Bangalore, India | ONSITE | $166k-$219k Quantix is hiring a Lead Machine Learning Engineer. You will build and ship production systems with a small, friendly team. Tech stack: Docker, TensorFlow, AWS, Python, PyTorch, Git. We offer flexible hours, learning budget and a transparent hiring process.",2026-08-23T05:41:41+00:00
4326fa49ea7fef63,demo,Data Scientist,Fjord Software,"Berlin, Germany",False,,92000.0,125000.0,USD,SQL; Microservices; NumPy; scikit-learn; Tableau; MySQL,2026-08-19,https://example.com/jobs/demo-w1-15,"Fjord Software | Data Scientist | Berlin, Germany | HYBRID | $92k-$125k Fjord Software is hiring a Data Scientist. You will build and ship production systems with a small, friendly team. Tech stack: NumPy, SQL, scikit-learn, Microservices, Tableau, MySQL. We offer flexible hours, learning budget and a transparent hiring process.",2026-08-23T05:41:41+00:00
99303e63c75295f8,demo,Data Engineer,Tidewater Data,Remote,True,,103000.0,138000.0,USD,Spark; Kafka; Airflow; dbt; AWS,2026-08-17,https://example.com/jobs/demo-w1-16,"Tidewater Data | Data Engineer | Remote | REMOTE | $103k-$138k Tidewater Data is hiring a Data Engineer. You will build and ship production systems with a small, friendly team. Tech stack: Kafka, Airflow, AWS, dbt, Spark. We offer flexible hours, learning budget and a transparent hiring process.",2026-08-23T05:41:41+00:00
934d7cac807e2800,demo,Junior DevOps Engineer,Fjord Software,"Toronto, Canada",False,Junior,74000.0,96000.0,USD,PHP; MongoDB; AWS; Git; Prometheus,2026-08-21,https://example.com/jobs/demo-w1-17,"Fjord Software | Junior DevOps Engineer | Toronto, Canada | ONSITE | $74k-$96k Fjord Software is hiring a Junior DevOps Engineer. You will build and ship production systems with a small, friendly team. Tech stack: Git, PHP, AWS, Prometheus, MongoDB. We offer flexible hours, learning budget and a transparent hiring process.",2026-08-23T05:41:41+00:00
bc9d63435f1a1ff3,demo,Full Stack Developer,Neonbyte,Remote (US),True,,88000.0,130000.0,USD,PHP; React; GraphQL; Hadoop,2026-08-17,https://example.com/jobs/demo-w1-18,"Neonbyte | Full Stack Developer | Remote (US) | REMOTE | $88k-$130k Neonbyte is hiring a Full Stack Developer. You will build and ship production systems with a small, friendly team. Tech stack: React, PHP, Hadoop, GraphQL. We offer flexible hours, learning budget and a transparent hiring process.",2026-08-23T05:41:41+00:00
45c391acf7f4415c,demo,Machine Learning Engineer,Polaris Health,"Austin, TX",False,,87000.0,123000.0,USD,Microservices; AWS; Kubernetes; Machine Learning; MLOps,2026-08-17,https://example.com/jobs/demo-w1-19,"Polaris Health | Machine Learning Engineer | Austin, TX | HYBRID | $87k-$123k Polaris Health is hiring a Machine Learning Engineer. You will build and ship production systems with a small, friendly team. Tech stack: MLOps, AWS, Kubernetes, Microservices. We offer flexible hours, learning budget and a transparent hiring process.",2026-08-23T05:41:41+00:00
a78344a6ab459bbb,demo,Senior Machine Learning Engineer,Fjord Software,"Lisbon, Portugal",False,Senior,127000.0,167000.0,USD,jQuery; PyTorch; TensorFlow; Git; Machine Learning,2026-08-18,https://example.com/jobs/demo-w1-20,"Fjord Software | Senior Machine Learning Engineer | Lisbon, Portugal | ONSITE | $127k-$167k Fjord Software is hiring a Senior Machine Learning Engineer. You will build and ship production systems with a small, friendly team. Tech stack: PyTorch, TensorFlow, jQuery, Git. We offer flexible hours, learning budget and a transparent hiring process.",2026-08-23T05:41:41+00:00
be33e1716015acac,demo,Lead Analytics Engineer,Quantix,Remote (US),True,Lead,152000.0,210000.0,USD,SQL; Snowflake; BigQuery; Looker; Web Scraping,2026-08-19,https://example.com/jobs/demo-w1-21,"Quantix | Lead Analytics Engineer | Remote (US) | REMOTE | $152k-$210k Quantix is hiring a Lead Analytics Engineer. You will build and ship production systems with a small, friendly team. Tech stack: Looker, Snowflake, Web Scraping, SQL, BigQuery. We offer flexible hours, learning budget and a transparent hiring process.",2026-08-23T05:41:41+00:00
458f5b15bb9bd959,demo,Senior Analytics Engineer,Orbitly,"Austin, TX",False,Senior,135000.0,168000.0,USD,Python; SQL; Microservices; Hadoop; Snowflake; BigQuery; Looker,2026-08-23,https://example.com/jobs/demo-w1-22,"Orbitly | Senior Analytics Engineer | Austin, TX | ONSITE | $135k-$168k Orbitly is hiring a Senior Analytics Engineer. You will build and ship production systems with a small, friendly team. Tech stack: SQL, Looker, Snowflake, Microservices, BigQuery, Hadoop, Python. We offer flexible hours, learning budget and a transparent hiring process.",2026-08-23T05:41:41+00:00
b96a160458d796d0,demo,Senior Machine Learning Engineer,Pixelforge,"Toronto, Canada",False,Senior,129000.0,184000.0,USD,TensorFlow; AWS; Kubernetes; Machine Learning; MLOps,2026-08-19,https://example.com/jobs/demo-w1-23,"Pixelforge | Senior Machine Learning Engineer | Toronto, Canada | HYBRID | $129k-$184k Pixelforge is hiring a Senior Machine Learning Engineer. You will build and ship production systems with a small, friendly team. Tech stack: MLOps, TensorFlow, Kubernetes, AWS. We offer flexible hours, learning budget and a transparent hiring process.",2026-08-23T05:41:41+00:00
ddefa7648a18dddf,demo,Analytics Engineer,Brightwave,Remote (EU),True,,102000.0,132000.0,USD,Snowflake; Looker; MySQL; CI/CD,2026-08-19,https://example.com/jobs/demo-w1-24,"Brightwave | Analytics Engineer | Remote (EU) | REMOTE | $102k-$132k Brightwave is hiring a Analytics Engineer. You will build and ship production systems with a small, friendly team. Tech stack: MySQL, CI/CD, Snowflake, Looker. We offer flexible hours, learning budget and a transparent hiring process.",2026-08-23T05:41:41+00:00
49bb62729b1a9b37,demo,Senior Data Engineer,Kestrel Works,Singapore,False,Senior,136000.0,171000.0,USD,Python; SQL; Spark; Airflow; dbt; Snowflake; Web Scraping,2026-08-17,https://example.com/jobs/demo-w1-25,"Kestrel Works | Senior Data Engineer | Singapore | ONSITE | $136k-$171k Kestrel Works is hiring a Senior Data Engineer. You will build and ship production systems with a small, friendly team. Tech stack: Web Scraping, SQL, Spark, dbt, Snowflake, Airflow, Python. We offer flexible hours, learning budget and a transparent hiring process.",2026-08-23T05:41:41+00:00
8d5f9df9afab00fc,demo,DevOps Engineer,Nimbus Labs,"Lisbon, Portugal",False,,103000.0,132000.0,USD,jQuery; MySQL; MongoDB; Docker,2026-08-18,https://example.com/jobs/demo-w1-26,"Nimbus Labs | DevOps Engineer | Lisbon, Portugal | HYBRID | $103k-$132k Nimbus Labs is hiring a DevOps Engineer. You will build and ship production systems with a small, friendly team. Tech stack: Docker, MongoDB, MySQL, jQuery. We offer flexible hours, learning budget and a transparent hiring process.",2026-08-23T05:41:41+00:00
b337d0a460dd924c,demo,Senior AI Engineer,Aurora Cloud,Remote (US),True,Senior,130000.0,171000.0,USD,Python; PHP; MongoDB; RAG; Hugging Face,2026-08-21,https://example.com/jobs/demo-w1-27,"Aurora Cloud | Senior AI Engineer | Remote (US) | REMOTE | $130k-$171k Aurora Cloud is hiring a Senior AI Engineer. You will build and ship production systems with a small, friendly team. Tech stack: MongoDB, Hugging Face, Python, RAG, PHP. We offer flexible hours, learning budget and a transparent hiring process.",2026-08-23T05:41:41+00:00
aec838a6f4dbe086,demo,Full Stack Developer,Verdant AI,"New York, NY",False,,95000.0,125000.0,USD,TypeScript; Node.js; PostgreSQL; MySQL; Docker; CI/CD; Generative AI,2026-08-21,https://example.com/jobs/demo-w1-28,"Verdant AI | Full Stack Developer | New York, NY | ONSITE | $95k-$125k Verdant AI is hiring a Full Stack Developer. You will build and ship production systems with a small, friendly team. Tech stack: CI/CD, MySQL, PostgreSQL, Docker, TypeScript, Generative AI, Node.js. We offer flexible hours, learning budget and a transparent hiring process.",2026-08-23T05:41:41+00:00
9c36f44e124675ec,demo,Senior Full Stack Developer,Pixelforge,Remote (US),True,Senior,128000.0,172000.0,USD,TypeScript; Node.js; jQuery; Microservices; Hadoop; PostgreSQL; CI/CD,2026-08-22,https://example.com/jobs/demo-w1-29,"Pixelforge | Senior Full Stack Developer | Remote (US) | REMOTE | $128k-$172k Pixelforge is hiring a Senior Full Stack Developer. You will build and ship production systems with a small, friendly team. Tech stack: Hadoop, Node.js, Microservices, CI/CD, jQuery, PostgreSQL, TypeScript. We offer flexible hours, learning budget and a transparent hiring process.",2026-08-23T05:41:41+00:00
5f2d314ce4618e49,demo,DevOps Engineer,Neonbyte,Remote (EU),True,,97000.0,133000.0,USD,Microservices; Hadoop; Ansible; Prometheus,2026-08-21,https://example.com/jobs/demo-w1-30,"Neonbyte | DevOps Engineer | Remote (EU) | REMOTE | $97k-$133k Neonbyte is hiring a DevOps Engineer. You will build and ship production systems with a small, friendly team. Tech stack: Hadoop, Microservices, Ansible, Prometheus. We offer flexible hours, learning budget and a transparent hiring process.",2026-08-23T05:41:41+00:00
d39c66cfc0315fc0,demo,Backend Engineer,Nimbus Labs,"New York, NY",False,,92000.0,135000.0,USD,Microservices; Hadoop; Elasticsearch; AWS,2026-08-19,https://example.com/jobs/demo-w1-31,"Nimbus Labs | Backend Engineer | New York, NY | HYBRID | $92k-$135k Nimbus Labs is hiring a Backend Engineer. You will build and ship production systems with a small, friendly team. Tech stack: AWS, Hadoop, Microservices, Elasticsearch. We offer flexible hours, learning budget and a transparent hiring process.",2026-08-23T05:41:41+00:00
f6fe4db68627d4c4,demo,Analytics Engineer,Fjord Software,"New York, NY",False,,95000.0,122000.0,USD,PHP; SQL; jQuery; dbt; Snowflake,2026-08-19,https://example.com/jobs/demo-w1-32,"Fjord Software | Analytics Engineer | New York, NY | HYBRID | $95k-$122k Fjord Software is hiring a Analytics Engineer. You will build and ship production systems with a small, friendly team. Tech stack: Snowflake, SQL, PHP, dbt, jQuery. We offer flexible hours, learning budget and a transparent hiring process.",2026-08-23T05:41:41+00:00
2f2313f8694c94eb,demo,Senior Data Engineer,Orbitly,"Berlin, Germany",False,Senior,130000.0,187000.0,USD,Python; Spark; dbt; Snowflake; MongoDB; CI/CD,2026-08-20,https://example.com/jobs/demo-w1-33,"Orbitly | Senior Data Engineer | Berlin, Germany | HYBRID | $130k-$187k Orbitly is hiring a Senior Data Engineer. You will build and ship production systems with a small, friendly team. Tech stack: CI/CD, Python, dbt, Snowflake, Spark, MongoDB. We offer flexible hours, learning budget and a transparent hiring process.",2026-08-23T05:41:41+00:00
846835f7ac3b8aee,demo,Junior DevOps Engineer,Mintleaf,"San Francisco, CA",False,Junior,68000.0,95000.0,USD,PHP; jQuery; MySQL; Docker; Terraform; Linux; Grafana,2026-08-17,https://example.com/jobs/demo-w1-34,"Mintleaf | Junior DevOps Engineer | San Francisco, CA | ONSITE | $68k-$95k Mintleaf is hiring a Junior DevOps Engineer. You will build and ship production systems with a small, friendly team. Tech stack: Docker, Grafana, jQuery, Terraform, PHP, Linux, MySQL. We offer flexible hours, learning budget and a transparent hiring process.",2026-08-23T05:41:41+00:00
8e990b088f4eac80,demo,Junior AI Engineer,Tidewater Data,"Austin, TX",False,Junior,62000.0,95000.0,USD,FastAPI; MySQL; LLM; LangChain; Hugging Face,2026-08-23,https://example.com/jobs/demo-w1-35,"Tidewater Data | Junior AI Engineer | Austin, TX | ONSITE | $62k-$95k Tidewater Data is hiring a Junior AI Engineer. You will build and ship production systems with a small, friendly team. Tech stack: MySQL, LLM, Hugging Face, FastAPI, LangChain. We offer flexible hours, learning budget and a transparent hiring process.",2026-08-23T05:41:41+00:00
a08479dcec7a60e7,demo,Senior Full Stack Developer,Verdant AI,"Berlin, Germany",False,Senior,132000.0,180000.0,USD,Node.js; GraphQL; MySQL; Docker; Git,2026-08-18,https://example.com/jobs/demo-w1-36,"Verdant AI | Senior Full Stack Developer | Berlin, Germany | HYBRID | $132k-$180k Verdant AI is hiring a Senior Full Stack Developer. You will build and ship production systems with a small, friendly team. Tech stack: Git, GraphQL, Docker, Node.js, MySQL. We offer flexible hours, learning budget and a transparent hiring process.",2026-08-23T05:41:41+00:00
a9056a8bd3bd94f2,demo,Senior AI Engineer,Pixelforge,Remote (EU),True,Senior,131000.0,169000.0,USD,Python; Microservices; Hadoop; MySQL; Generative AI; RAG,2026-08-21,https://example.com/jobs/demo-w1-37,"Pixelforge | Senior AI Engineer | Remote (EU) | REMOTE | $131k-$169k Pixelforge is hiring a Senior AI Engineer. You will build and ship production systems with a small, friendly team. Tech stack: Microservices, Hadoop, RAG, Python, Generative AI, MySQL. We offer flexible hours, learning budget and a transparent hiring process.",2026-08-23T05:41:41+00:00
ed6f5a4b425e68da,demo,Lead Data Engineer,Helio Systems,"Toronto, Canada",False,Lead,161000.0,208000.0,USD,SQL; Spark; Snowflake; Selenium,2026-08-18,https://example.com/jobs/demo-w1-38,"Helio Systems | Lead Data Engineer | Toronto, Canada | ONSITE | $161k-$208k Helio Systems is hiring a Lead Data Engineer. You will build and ship production systems with a small, friendly team. Tech stack: Spark, SQL, Selenium, Snowflake. We offer flexible hours, learning budget and a transparent hiring process.",2026-08-23T05:41:41+00:00
79533a1697f031f6,demo,Junior DevOps Engineer,Brightwave,Remote (US),True,Junior,69000.0,93000.0,USD,MongoDB; AWS; Docker; Kubernetes; Ansible,2026-08-21,https://example.com/jobs/demo-w1-39,"Brightwave | Junior DevOps Engineer | Remote (US) | REMOTE | $69k-$93k Brightwave is hiring a Junior DevOps Engineer. You will build and ship production systems with a small, friendly team. Tech stack: AWS, MongoDB, Kubernetes, Docker, Ansible. We offer flexible hours, learning budget and a transparent hiring process.",2026-08-23T05:41:41+00:00
6036ff5744705d48,demo,Junior Analytics Engineer,Pixelforge,Remote (EU),True,Junior,74000.0,95000.0,USD,Python; SQL; Snowflake; BigQuery; Git; Web Scraping,2026-08-18,https://example.com/jobs/demo-w1-40,"Pixelforge | Junior Analytics Engineer | Remote (EU) | REMOTE | $74k-$95k Pixelforge is hiring a Junior Analytics Engineer. You will build and ship production systems with a small, friendly team. Tech stack: BigQuery, Web Scraping, Python, Git, Snowflake, SQL. We offer flexible hours, learning budget and a transparent hiring process.",2026-08-23T05:41:41+00:00
a5c875f840f81985,demo,Senior Systems Engineer,Neonbyte,Remote,True,Senior,122000.0,187000.0,USD,C++; Rust; PHP; Elasticsearch; Kubernetes; Linux; LangChain,2026-08-18,https://example.com/jobs/demo-w1-41,"Neonbyte | Senior Systems Engineer | Remote | REMOTE | $122k-$187k Neonbyte is hiring a Senior Systems Engineer. You will build and ship production systems with a small, friendly team. Tech stack: Linux, LangChain, C++, Elasticsearch, Kubernetes, PHP, Rust. We offer flexible hours, learning budget and a transparent hiring process.",2026-08-23T05:41:41+00:00
82754bf22d9c361e,demo,Lead Data Scientist,Nimbus Labs,Remote (EU),True,Lead,168000.0,217000.0,USD,SQL; jQuery; Pandas; Tableau; CI/CD; Machine Learning,2026-08-19,https://example.com/jobs/demo-w1-42,"Nimbus Labs | Lead Data Scientist | Remote (EU) | REMOTE | $168k-$217k Nimbus Labs is hiring a Lead Data Scientist. You will build and ship production systems with a small, friendly team. Tech stack: Pandas, CI/CD, SQL, Tableau, Machine Learning, jQuery. We offer flexible hours, learning budget and a transparent hiring process.",2026-08-23T05:41:41+00:00
2043ddc2e80c4c2f,demo,Senior DevOps Engineer,Quantix,"Amsterdam, Netherlands",False,Senior,138000.0,177000.0,USD,MongoDB; AWS; Docker; Ansible; Grafana; Web Scraping,2026-08-20,https://example.com/jobs/demo-w1-43,"Quantix | Senior DevOps Engineer | Amsterdam, Netherlands | ONSITE | $138k-$177k Quantix is hiring a Senior DevOps Engineer. You will build and ship production systems with a small, friendly team. Tech stack: Web Scraping, Grafana, Ansible, Docker, MongoDB, AWS. We offer flexible hours, learning budget and a transparent hiring process.",2026-08-23T05:41:41+00:00
0b3e50a2ac04736c,demo,Full Stack Developer,Lumen Analytics,Singapore,False,,88000.0,135000.0,USD,PHP; Node.js; jQuery; Docker,2026-08-22,https://example.com/jobs/demo-w1-44,"Lumen Analytics | Full Stack Developer | Singapore | ONSITE | $88k-$135k Lumen Analytics is hiring a Full Stack Developer. You will build and ship production systems with a small, friendly team. Tech stack: jQuery, PHP, Docker, Node.js. We offer flexible hours, learning budget and a transparent hiring process.",2026-08-23T05:41:41+00:00
1cfeb574e88de1c7,demo,Senior Analytics Engineer,Pixelforge,"London, UK",False,Senior,123000.0,184000.0,USD,Python; SQL; Looker; Web Scraping; Selenium,2026-08-17,https://example.com/jobs/demo-w1-45,"Pixelforge | Senior Analytics Engineer | London, UK | HYBRID | $123k-$184k Pixelforge is hiring a Senior Analytics Engineer. You will build and ship production systems with a small, friendly team. Tech stack: Looker, SQL, Python, Web Scraping, Selenium. We offer flexible hours, learning budget and a transparent hiring process.",2026-08-23T05:41:41+00:00
8ae9d95147e93883,demo,Analytics Engineer,Fjord Software,Singapore,False,,98000.0,126000.0,USD,jQuery; dbt; Looker; Selenium,2026-08-17,https://example.com/jobs/demo-w1-46,"Fjord Software | Analytics Engineer | Singapore | ONSITE | $98k-$126k Fjord Software is hiring a Analytics Engineer. You will build and ship production systems with a small, friendly team. Tech stack: Looker, jQuery, Selenium, dbt. We offer flexible hours, learning budget and a transparent hiring process.",2026-08-23T05:41:41+00:00
464377257f72ec1e,demo,Junior Analytics Engineer,Neonbyte,"San Francisco, CA",False,Junior,77000.0,106000.0,USD,Python; PHP; SQL; Snowflake; Looker; MySQL; Elasticsearch,2026-08-22,https://example.com/jobs/demo-w1-47,"Neonbyte | Junior Analytics Engineer | San Francisco, CA | HYBRID | $77k-$106k Neonbyte is hiring a Junior Analytics Engineer. You will build and ship production systems with a small, friendly team. Tech stack: SQL, MySQL, PHP, Elasticsearch, Python, Looker, Snowflake. We offer flexible hours, learning budget and a transparent hiring process.",2026-08-23T05:41:41+00:00
58bde78fa87827e7,demo,Senior Machine Learning Engineer,Fjord Software,"San Francisco, CA",False,Senior,137000.0,181000.0,USD,Python; jQuery; PyTorch; TensorFlow; MongoDB; Docker; Kubernetes; Machine Learning,2026-08-21,https://example.com/jobs/demo-w1-48,"Fjord Software | Senior Machine Learning Engineer | San Francisco, CA | HYBRID | $137k-$181k Fjord Software is hiring a Senior Machine Learning Engineer. You will build and ship production systems with a small, friendly team. Tech stack: Kubernetes, jQuery, TensorFlow, Python, PyTorch, MongoDB, Docker. We offer flexible hours, learning budget and a transparent hiring process.",2026-08-23T05:41:41+00:00
8c6963b7d3423747,demo,Senior Analytics Engineer,Orbitly,"San Francisco, CA",False,Senior,135000.0,187000.0,USD,Python; SQL; Hadoop; Snowflake; Looker; MySQL; LangChain,2026-08-17,https://example.com/jobs/demo-w1-49,"Orbitly | Senior Analytics Engineer | San Francisco, CA | HYBRID | $135k-$187k Orbitly is hiring a Senior Analytics Engineer. You will build and ship production systems with a small, friendly team. Tech stack: Snowflake, Python, Looker, LangChain, SQL, Hadoop, MySQL. We offer flexible hours, learning budget and a transparent hiring process.",2026-08-23T05:41:41+00:00
997191eca66f0562,demo,Senior Full Stack Developer,Mintleaf,"Bangalore, India",False,Senior,134000.0,186000.0,USD,TypeScript; Node.js; Elasticsearch; Docker,2026-08-20,https://example.com/jobs/demo-w1-50,"Mintleaf | Senior Full Stack Developer | Bangalore, India | ONSITE | $134k-$186k Mintleaf is hiring a Senior Full Stack Developer. You will build and ship production systems with a small, friendly team. Tech stack: Docker, TypeScript, Node.js, Elasticsearch. We offer flexible hours, learning budget and a transparent hiring process.",2026-08-23T05:41:41+00:00
db085d5604f36f5e,demo,Senior Systems Engineer,Helio Systems,"Austin, TX",False,Senior,136000.0,175000.0,USD,C++; Go; jQuery; MySQL,2026-08-17,https://example.com/jobs/demo-w1-51,"Helio Systems | Senior Systems Engineer | Austin, TX | HYBRID | $136k-$175k Helio Systems is hiring a Senior Systems Engineer. You will build and ship production systems with a small, friendly team. Tech stack: C++, MySQL, jQuery, Go. We offer flexible hours, learning budget and a transparent hiring process.",2026-08-23T05:41:41+00:00
bbef07b069beeb6b,demo,Machine Learning Engineer,Tidewater Data,"London, UK",False,,102000.0,139000.0,USD,Python; jQuery; Elasticsearch; AWS; Machine Learning,2026-08-22,https://example.com/jobs/demo-w1-52,"Tidewater Data | Machine Learning Engineer | London, UK | HYBRID | $102k-$139k Tidewater Data is hiring a Machine Learning Engineer. You will build and ship production systems with a small, friendly team. Tech stack: AWS, jQuery, Elasticsearch, Python. We offer flexible hours, learning budget and a transparent hiring process.",2026-08-23T05:41:41+00:00
6e45b887901eb0c1,demo,Senior Data Scientist,Skyline Robotics,Remote (EU),True,Senior,124000.0,171000.0,USD,PHP; jQuery; Pandas; NumPy; scikit-learn; Tableau; Web Scraping,2026-08-22,https://example.com/jobs/demo-w1-53,"Skyline Robotics | Senior Data Scientist | Remote (EU) | REMOTE | $124k-$171k Skyline Robotics is hiring a Senior Data Scientist. You will build and ship production systems with a small, friendly team. Tech stack: jQuery, Web Scraping, NumPy, scikit-learn, Tableau, PHP, Pandas. We offer flexible hours, learning budget and a transparent hiring process.",2026-08-23T05:41:41+00:00
47358d13ef992ab4,demo,Backend Engineer,Cobalt & Co,"Lisbon, Portugal",False,,99000.0,137000.0,USD,Python; Hadoop; PostgreSQL; AWS; Git,2026-08-18,https://example.com/jobs/demo-w1-54,"Cobalt & Co | Backend Engineer | Lisbon, Portugal | HYBRID | $99k-$137k Cobalt & Co is hiring a Backend Engineer. You will build and ship production systems with a small, friendly team. Tech stack: Hadoop, AWS, Git, PostgreSQL, Python. We offer flexible hours, learning budget and a transparent hiring process.",2026-08-23T05:41:41+00:00
779f2df16033f822,demo,Lead Analytics Engineer,Nimbus Labs,Remote (EU),True,Lead,165000.0,212000.0,USD,SQL; dbt; BigQuery; Looker; MySQL; Web Scraping,2026-08-26,https://example.com/jobs/demo-w2-0,"Nimbus Labs | Lead Analytics Engineer | Remote (EU) | REMOTE | $165k-$212k Nimbus Labs is hiring a Lead Analytics Engineer. You will build and ship production systems with a small, friendly team. Tech stack: BigQuery, SQL, Web Scraping, Looker, dbt, MySQL. We offer flexible hours, learning budget and a transparent hiring process.",2026-08-30T05:41:41+00:00
3810395436527a84,demo,Senior Analytics Engineer,Skyline Robotics,"Lisbon, Portugal",False,Senior,136000.0,187000.0,USD,Python; PHP; SQL; BigQuery,2026-08-28,https://example.com/jobs/demo-w2-1,"Skyline Robotics | Senior Analytics Engineer | Lisbon, Portugal | ONSITE | $136k-$187k Skyline Robotics is hiring a Senior Analytics Engineer. You will build and ship production systems with a small, friendly team. Tech stack: Python, PHP, SQL, BigQuery. We offer flexible hours, learning budget and a transparent hiring process.",2026-08-30T05:41:41+00:00
52bb74ab872b2338,demo,Senior Systems Engineer,Helio Systems,"Toronto, Canada",False,Senior,122000.0,183000.0,USD,Go; Rust; MongoDB; Git,2026-08-25,https://example.com/jobs/demo-w2-2,"Helio Systems | Senior Systems Engineer | Toronto, Canada | HYBRID | $122k-$183k Helio Systems is hiring a Senior Systems Engineer. You will build and ship production systems with a small, friendly team. Tech stack: Go, MongoDB, Git, Rust. We offer flexible hours, learning budget and a transparent hiring process.",2026-08-30T05:41:41+00:00
dabc4ca1ca39efbd,demo,Systems Engineer,Skyline Robotics,"Amsterdam, Netherlands",False,,91000.0,134000.0,USD,Rust; Kubernetes; Linux; Generative AI,2026-08-29,https://example.com/jobs/demo-w2-3,"Skyline Robotics | Systems Engineer | Amsterdam, Netherlands | HYBRID | $91k-$134k Skyline Robotics is hiring a Systems Engineer. You will build and ship production systems with a small, friendly team. Tech stack: Kubernetes, Rust, Generative AI, Linux. We offer flexible hours, learning budget and a transparent hiring process.",2026-08-30T05:41:41+00:00
0f794d0e200b803c,demo,Senior Systems Engineer,Neonbyte,"Austin, TX",False,Senior,124000.0,176000.0,USD,C++; PHP; Linux; Selenium,2026-08-30,https://example.com/jobs/demo-w2-4,"Neonbyte | Senior Systems Engineer | Austin, TX | ONSITE | $124k-$176k Neonbyte is hiring a Senior Systems Engineer. You will build and ship production systems with a small, friendly team. Tech stack: PHP, Linux, Selenium, C++. We offer flexible hours, learning budget and a transparent hiring process.",2026-08-30T05:41:41+00:00
109ccbb3751e14ac,demo,Backend Engineer,Kestrel Works,"Bangalore, India",False,,103000.0,129000.0,USD,Django; Microservices; Redis; Selenium,2026-08-29,https://example.com/jobs/demo-w2-5,"Kestrel Works | Backend Engineer | Bangalore, India | HYBRID | $103k-$129k Kestrel Works is hiring a Backend Engineer. You will build and ship production systems with a small, friendly team. Tech stack: Selenium, Redis, Microservices, Django. We offer flexible hours, learning budget and a transparent hiring process.",2026-08-30T05:41:41+00:00
325071ba54cf0c20,demo,DevOps Engineer,Neonbyte,"Amsterdam, Netherlands",False,,90000.0,125000.0,USD,AWS; Docker; Kubernetes; Terraform; Ansible; Prometheus; Web Scraping,2026-08-28,https://example.com/jobs/demo-w2-6,"Neonbyte | DevOps Engineer | Amsterdam, Netherlands | ONSITE | $90k-$125k Neonbyte is hiring a DevOps Engineer. You will build and ship production systems with a small, friendly team. Tech stack: Docker, AWS, Web Scraping, Prometheus, Terraform, Kubernetes, Ansible. We offer flexible hours, learning budget and a transparent hiring process.",2026-08-30T05:41:41+00:00
7e7c4bdf0e494e2e,demo,Junior Data Scientist,Skyline Robotics,Remote (US),True,Junior,75000.0,95000.0,USD,Python; NumPy; scikit-learn; CI/CD,2026-08-24,https://example.com/jobs/demo-w2-7,"Skyline Robotics | Junior Data Scientist | Remote (US) | REMOTE | $75k-$95k Skyline Robotics is hiring a Junior Data Scientist. You will build and ship production systems with a small, friendly team. Tech stack: Python, scikit-learn, CI/CD, NumPy. We offer flexible hours, learning budget and a transparent hiring process.",2026-08-30T05:41:41+00:00
5b5e7e63e0bd12fa,demo,Data Scientist,Mintleaf,"San Francisco, CA",False,,98000.0,136000.0,USD,Python; Pandas; NumPy; scikit-learn; MySQL; LLM,2026-08-26,https://example.com/jobs/demo-w2-8,"Mintleaf | Data Scientist | San Francisco, CA | ONSITE | $98k-$136k Mintleaf is hiring a Data Scientist. You will build and ship production systems with a small, friendly team. Tech stack: Pandas, scikit-learn, NumPy, Python, LLM, MySQL. We offer flexible hours, learning budget and a transparent hiring process.",2026-08-30T05:41:41+00:00
285316e5eec6442a,demo,Data Scientist,Sundial Labs,Singapore,False,,97000.0,134000.0,USD,Python; SQL; Tableau; MongoDB; Web Scraping,2026-08-27,https://example.com/jobs/demo-w2-9,"Sundial Labs | Data Scientist | Singapore | ONSITE | $97k-$134k Sundial Labs is hiring a Data Scientist. You will build and ship production systems with a small, friendly team. Tech stack: SQL, MongoDB, Tableau, Python, Web Scraping. We offer flexible hours, learning budget and a transparent hiring process.",2026-08-30T05:41:41+00:00
8281450930520fc7,demo,Senior Frontend Engineer,Skyline Robotics,Remote (EU),True,Senior,131000.0,187000.0,USD,JavaScript; React; Next.js; jQuery; Microservices; MySQL,2026-08-29,https://example.com/jobs/demo-w2-10,"Skyline Robotics | Senior Frontend Engineer | Remote (EU) | REMOTE | $131k-$187k Skyline Robotics is hiring a Senior Frontend Engineer. You will build and ship production systems with a small, friendly team. Tech stack: Next.js, MySQL, jQuery, JavaScript, Microservices, React. We offer flexible hours, learning budget and a transparent hiring process.",2026-08-30T05:41:41+00:00
5a7b8e764789a5cc,demo,Analytics Engineer,Brightwave,"Austin, TX",False,,97000.0,122000.0,USD,SQL; dbt; BigQuery; Elasticsearch,2026-08-28,https://example.com/jobs/demo-w2-11,"Brightwave | Analytics Engineer | Austin, TX | ONSITE | $97k-$122k Brightwave is hiring a Analytics Engineer. You will build and ship production systems with a small, friendly team. Tech stack: dbt, BigQuery, SQL, Elasticsearch. We offer flexible hours, learning budget and a transparent hiring process.",2026-08-30T05:41:41+00:00
8f2126e943da75cd,demo,Senior Systems Engineer,Mintleaf,"Austin, TX",False,Senior,127000.0,180000.0,USD,C++; Go; Rust; Kubernetes; Linux; Git,2026-08-27,https://example.com/jobs/demo-w2-12,"Mintleaf | Senior Systems Engineer | Austin, TX | ONSITE | $127k-$180k Mintleaf is hiring a Senior Systems Engineer. You will build and ship production systems with a small, friendly team. Tech stack: Git, Rust, Linux, Go, Kubernetes, C++. We offer flexible hours, learning budget and a transparent hiring process.",2026-08-30T05:41:41+00:00
977cbbf9b64cbf01,demo,Senior DevOps Engineer,Polaris Health,"Amsterdam, Netherlands",False,Senior,136000.0,177000.0,USD,MySQL; AWS; Docker; Kubernetes; Ansible; Linux; Prometheus,2026-08-28,https://example.com/jobs/demo-w2-13,"Polaris Health | Senior DevOps Engineer | Amsterdam, Netherlands | ONSITE | $136k-$177k Polaris Health is hiring a Senior DevOps Engineer. You will build and ship production systems with a small, friendly team. Tech stack: Prometheus, Docker, Kubernetes, MySQL, AWS, Ansible, Linux. We offer flexible hours, learning budget and a transparent hiring process.",2026-08-30T05:41:41+00:00
47a527ca9c45d137,demo,Junior Data Scientist,Mintleaf,Remote (US),True,Junior,73000.0,87000.0,USD,Python; Pandas; NumPy; Hadoop; Tableau; MySQL,2026-08-27,https://example.com/jobs/demo-w2-14,"Mintleaf | Junior Data Scientist | Remote (US) | REMOTE | $73k-$87k Mintleaf is hiring a Junior Data Scientist. You will build and ship production systems with a small, friendly team. Tech stack: NumPy, Tableau, MySQL, Pandas, Python, Hadoop. We offer flexible hours, learning budget and a transparent hiring process.",2026-08-30T05:41:41+00:00
e5e1ae9458cd1f93,demo,Senior Backend Engineer,Brightwave,Singapore,False,Senior,138000.0,176000.0,USD,Python; PostgreSQL; Docker; CI/CD,2026-08-28,https://example.com/jobs/demo-w2-15,"Brightwave | Senior Backend Engineer | Singapore | ONSITE | $138k-$176k Brightwave is hiring a Senior Backend Engineer. You will build and ship production systems with a small, friendly team. Tech stack: Docker, PostgreSQL, Python, CI/CD. We offer flexible hours, learning budget and a transparent hiring process.",2026-08-30T05:41:41+00:00
a7c3a25ef38baef0,demo,Lead DevOps Engineer,Skyline Robotics,Singapore,False,Lead,155000.0,206000.0,USD,PHP; jQuery; CI/CD; RAG,2026-08-26,https://example.com/jobs/demo-w2-16,"Skyline Robotics | Lead DevOps Engineer | Singapore | ONSITE | $155k-$206k Skyline Robotics is hiring a Lead DevOps Engineer. You will build and ship production systems with a small, friendly team. Tech stack: PHP, RAG, jQuery, CI/CD. We offer flexible hours, learning budget and a transparent hiring process.",2026-08-30T05:41:41+00:00
3445e332beea1b6d,demo,Senior Machine Learning Engineer,Neonbyte,"San Francisco, CA",False,Senior,122000.0,170000.0,USD,TensorFlow; AWS; Docker; Kubernetes; Machine Learning; MLOps,2026-08-29,https://example.com/jobs/demo-w2-17,"Neonbyte | Senior Machine Learning Engineer | San Francisco, CA | HYBRID | $122k-$170k Neonbyte is hiring a Senior Machine Learning Engineer. You will build and ship production systems with a small, friendly team. Tech stack: TensorFlow, AWS, Kubernetes, MLOps, Docker. We offer flexible hours, learning budget and a transparent hiring process.",2026-08-30T05:41:41+00:00
e6681fa85aea4408,demo,Senior Frontend Engineer,Brightwave,"Austin, TX",False,Senior,126000.0,172000.0,USD,JavaScript; PHP; React; Tailwind CSS; CI/CD,2026-08-24,https://example.com/jobs/demo-w2-18,"Brightwave | Senior Frontend Engineer | Austin, TX | HYBRID | $126k-$172k Brightwave is hiring a Senior Frontend Engineer. You will build and ship production systems with a small, friendly team. Tech stack: JavaScript, PHP, React, Tailwind CSS, CI/CD. We offer flexible hours, learning budget and a transparent hiring process.",2026-08-30T05:41:41+00:00
1770bcf32af3d543,demo,Senior AI Engineer,Nimbus Labs,Remote (EU),True,Senior,134000.0,171000.0,USD,Python; FastAPI; Git; LLM; Generative AI; Selenium,2026-08-27,https://example.com/jobs/demo-w2-19,"Nimbus Labs | Senior AI Engineer | Remote (EU) | REMOTE | $134k-$171k Nimbus Labs is hiring a Senior AI Engineer. You will build and ship production systems with a small, friendly team. Tech stack: Generative AI, Python, Selenium, FastAPI, LLM, Git. We offer flexible hours, learning budget and a transparent hiring process.",2026-08-30T05:41:41+00:00
7b821d93b3107786,demo,Senior Systems Engineer,Fjord Software,"Austin, TX",False,Senior,126000.0,182000.0,USD,C++; Rust; Kubernetes; Linux; LLM,2026-08-30,https://example.com/jobs/demo-w2-20,"Fjord Software | Senior Systems Engineer | Austin, TX | ONSITE | $126k-$182k Fjord Software is hiring a Senior Systems Engineer. You will build and ship production systems with a small, friendly team. Tech stack: LLM, Kubernetes, Rust, Linux, C++. We offer flexible hours, learning budget and a transparent hiring process.",2026-08-30T05:41:41+00:00
4d77960b12e85e23,demo,AI Engineer,Cobalt & Co,"San Francisco, CA",False,,97000.0,127000.0,USD,Microservices; Hadoop; LLM; LangChain,2026-08-30,https://example.com/jobs/demo-w2-21,"Cobalt & Co | AI Engineer | San Francisco, CA | ONSITE | $97k-$127k Cobalt & Co is hiring a AI Engineer. You will build and ship production systems with a small, friendly team. Tech stack: Hadoop, LangChain, Microservices, LLM. We offer flexible hours, learning budget and a transparent hiring process.",2026-08-30T05:41:41+00:00
2404232cda36c11e,demo,Senior Full Stack Developer,Neonbyte,"Bangalore, India",False,Senior,130000.0,174000.0,USD,TypeScript; Node.js; Hadoop; PostgreSQL; MySQL,2026-08-26,https://example.com/jobs/demo-w2-22,"Neonbyte | Senior Full Stack Developer | Bangalore, India | ONSITE | $130k-$174k Neonbyte is hiring a Senior Full Stack Developer. You will build and ship production systems with a small, friendly team. Tech stack: Hadoop, Node.js, MySQL, TypeScript, PostgreSQL. We offer flexible hours, learning budget and a transparent hiring process.",2026-08-30T05:41:41+00:00
5e56e6c2a8df86a0,demo,Senior Analytics Engineer,Polaris Health,"London, UK",False,Senior,124000.0,184000.0,USD,Python; SQL; dbt; Snowflake; MySQL; Web Scraping,2026-08-30,https://example.com/jobs/demo-w2-23,"Polaris Health | Senior Analytics Engineer | London, UK | ONSITE | $124k-$184k Polaris Health is hiring a Senior Analytics Engineer. You will build and ship production systems with a small, friendly team. Tech stack: Python, dbt, Web Scraping, MySQL, SQL, Snowflake. We offer flexible hours, learning budget and a transparent hiring process.",2026-08-30T05:41:41+00:00
9b3206699e50dc20,demo,Senior Machine Learning Engineer,Polaris Health,"Amsterdam, Netherlands",False,Senior,126000.0,186000.0,USD,Python; jQuery; Microservices; TensorFlow; AWS; Machine Learning; MLOps; Selenium,2026-08-28,https://example.com/jobs/demo-w2-24,"Polaris Health | Senior Machine Learning Engineer | Amsterdam, Netherlands | ONSITE | $126k-$186k Polaris Health is hiring a Senior Machine Learning Engineer. You will build and ship production systems with a small, friendly team. Tech stack: MLOps, Microservices, Python, TensorFlow, AWS, Selenium, jQuery. We offer flexible hours, learning budget and a transparent hiring process.",2026-08-30T05:41:41+00:00
38d0cafaebcb8f79,demo,Senior AI Engineer,Kestrel Works,"Bangalore, India",False,Senior,132000.0,177000.0,USD,Elasticsearch; Git; LangChain; Generative AI; RAG; Hugging Face,2026-08-30,https://example.com/jobs/demo-w2-25,"Kestrel Works | Senior AI Engineer | Bangalore, India | HYBRID | $132k-$177k Kestrel Works is hiring a Senior AI Engineer. You will build and ship production systems with a small, friendly team. Tech stack: Hugging Face, RAG, Git, Generative AI, LangChain, Elasticsearch. We offer flexible hours, learning budget and a transparent hiring process.",2026-08-30T05:41:41+00:00
63ed453235f2237e,demo,Data Scientist,Neonbyte,"New York, NY",False,,88000.0,132000.0,USD,Python; Pandas; NumPy; Tableau; Machine Learning,2026-08-27,https://example.com/jobs/demo-w2-26,"Neonbyte | Data Scientist | New York, NY | HYBRID | $88k-$132k Neonbyte is hiring a Data Scientist. You will build and ship production systems with a small, friendly team. Tech stack: NumPy, Pandas, Tableau, Machine Learning, Python. We offer flexible hours, learning budget and a transparent hiring process.",2026-08-30T05:41:41+00:00
82e4934b26181e48,demo,Frontend Engineer,Brightwave,"London, UK",False,,92000.0,140000.0,USD,PHP; Next.js; GraphQL; Hadoop; MongoDB,2026-08-24,https://example.com/jobs/demo-w2-27,"Brightwave | Frontend Engineer | London, UK | HYBRID | $92k-$140k Brightwave is hiring a Frontend Engineer. You will build and ship production systems with a small, friendly team. Tech stack: MongoDB, Hadoop, PHP, GraphQL, Next.js. We offer flexible hours, learning budget and a transparent hiring process.",2026-08-30T05:41:41+00:00
19a961749edc8f51,demo,Senior Machine Learning Engineer,Helio Systems,"San Francisco, CA",False,Senior,129000.0,175000.0,USD,jQuery; TensorFlow; MySQL; AWS; Machine Learning; MLOps,2026-08-24,https://example.com/jobs/demo-w2-28,"Helio Systems | Senior Machine Learning Engineer | San Francisco, CA | ONSITE | $129k-$175k Helio Systems is hiring a Senior Machine Learning Engineer. You will build and ship production systems with a small, friendly team. Tech stack: MySQL, MLOps, TensorFlow, AWS, jQuery. We offer flexible hours, learning budget and a transparent hiring process.",2026-08-30T05:41:41+00:00
999bdcf20908fd29,demo,Lead Backend Engineer,Orbitly,Singapore,False,Lead,156000.0,210000.0,USD,Python; PHP; Django; REST API; Redis; AWS,2026-08-29,https://example.com/jobs/demo-w2-29,"Orbitly | Lead Backend Engineer | Singapore | ONSITE | $156k-$210k Orbitly is hiring a Lead Backend Engineer. You will build and ship production systems with a small, friendly team. Tech stack: Django, AWS, PHP, REST API, Python, Redis. We offer flexible hours, learning budget and a transparent hiring process.",2026-08-30T05:41:41+00:00
dc4a2ff0905bb534,demo,Senior Analytics Engineer,Verdant AI,Remote (EU),True,Senior,125000.0,170000.0,USD,Python; jQuery; dbt; BigQuery; Looker; Elasticsearch,2026-08-29,https://example.com/jobs/demo-w2-30,"Verdant AI | Senior Analytics Engineer | Remote (EU) | REMOTE | $125k-$170k Verdant AI is hiring a Senior Analytics Engineer. You will build and ship production systems with a small, friendly team. Tech stack: Python, Looker, Elasticsearch, dbt, BigQuery, jQuery. We offer flexible hours, learning budget and a transparent hiring process.",2026-08-30T05:41:41+00:00
aa53bdb49b89e333,demo,Senior Data Engineer,Orbitly,"San Francisco, CA",False,Senior,129000.0,170000.0,USD,SQL; Kafka; Airflow; dbt; MySQL; Generative AI; Selenium,2026-08-28,https://example.com/jobs/demo-w2-31,"Orbitly | Senior Data Engineer | San Francisco, CA | ONSITE | $129k-$170k Orbitly is hiring a Senior Data Engineer. You will build and ship production systems with a small, friendly team. Tech stack: Kafka, Selenium, SQL, MySQL, Airflow, dbt, Generative AI. We offer flexible hours, learning budget and a transparent hiring process.",2026-08-30T05:41:41+00:00
6cf2d4ce54e85d71,demo,Senior Systems Engineer,Quantix,"Toronto, Canada",False,Senior,136000.0,179000.0,USD,C++; Go; jQuery; Microservices; Kubernetes; LLM,2026-08-30,https://example.com/jobs/demo-w2-32,"Quantix | Senior Systems Engineer | Toronto, Canada | ONSITE | $136k-$179k Quantix is hiring a Senior Systems Engineer. You will build and ship production systems with a small, friendly team. Tech stack: Go, Microservices, LLM, Kubernetes, jQuery, C++. We offer flexible hours, learning budget and a transparent hiring process.",2026-08-30T05:41:41+00:00
5f6f8818a3364e6c,demo,Systems Engineer,Orbitly,"New York, NY",False,,89000.0,124000.0,USD,Go; Rust; PHP; MongoDB; Elasticsearch; Linux,2026-08-25,https://example.com/jobs/demo-w2-33,"Orbitly | Systems Engineer | New York, NY | HYBRID | $89k-$124k Orbitly is hiring a Systems Engineer. You will build and ship production systems with a small, friendly team. Tech stack: Elasticsearch, Linux, PHP, Rust, Go, MongoDB. We offer flexible hours, learning budget and a transparent hiring process.",2026-08-30T05:41:41+00:00
7b9f691f3564b603,demo,Analytics Engineer,Verdant AI,"London, UK",False,,98000.0,130000.0,USD,jQuery; dbt; Snowflake; Looker,2026-08-29,https://example.com/jobs/demo-w2-34,"Verdant AI | Analytics Engineer | London, UK | ONSITE | $98k-$130k Verdant AI is hiring a Analytics Engineer. You will build and ship production systems with a small, friendly team. Tech stack: dbt, jQuery, Looker, Snowflake. We offer flexible hours, learning budget and a transparent hiring process.",2026-08-30T05:41:41+00:00
648854d36dd04246,demo,Senior Systems Engineer,Lumen Analytics,"Lisbon, Portugal",False,Senior,128000.0,178000.0,USD,C++; Go; Rust; Kubernetes; Linux; LangChain; Selenium,2026-08-25,https://example.com/jobs/demo-w2-35,"Lumen Analytics | Senior Systems Engineer | Lisbon, Portugal | ONSITE | $128k-$178k Lumen Analytics is hiring a Senior Systems Engineer. You will build and ship production systems with a small, friendly team. Tech stack: Linux, Kubernetes, Rust, LangChain, Selenium, C++, Go. We offer flexible hours, learning budget and a transparent hiring process.",2026-08-30T05:41:41+00:00
b8fe9b68a012e627,demo,Senior Machine Learning Engineer,Fjord Software,"Amsterdam, Netherlands",False,Senior,127000.0,183000.0,USD,Python; TensorFlow; Hadoop; MongoDB; AWS; Docker; Kubernetes; Machine Learning,2026-08-30,https://example.com/jobs/demo-w2-36,"Fjord Software | Senior Machine Learning Engineer | Amsterdam, Netherlands | ONSITE | $127k-$183k Fjord Software is hiring a Senior Machine Learning Engineer. You will build and ship production systems with a small, friendly team. Tech stack: AWS, Python, MongoDB, Hadoop, Docker, Kubernetes, TensorFlow. We offer flexible hours, learning budget and a transparent hiring process.",2026-08-30T05:41:41+00:00
fb2d76082e722bef,demo,Frontend Engineer,Pixelforge,Remote (US),True,,94000.0,134000.0,USD,TypeScript; React; jQuery; GraphQL; MySQL; Generative AI,2026-08-27,https://example.com/jobs/demo-w2-37,"Pixelforge | Frontend Engineer | Remote (US) | REMOTE | $94k-$134k Pixelforge is hiring a Frontend Engineer. You will build and ship production systems with a small, friendly team. Tech stack: TypeScript, Generative AI, jQuery, MySQL, React, GraphQL. We offer flexible hours, learning budget and a transparent hiring process.",2026-08-30T05:41:41+00:00
60e6461c86b3cb6d,demo,Senior Backend Engineer,Sundial Labs,"London, UK",False,Senior,135000.0,187000.0,USD,Python; PostgreSQL; Redis; Web Scraping,2026-08-24,https://example.com/jobs/demo-w2-38,"Sundial Labs | Senior Backend Engineer | London, UK | ONSITE | $135k-$187k Sundial Labs is hiring a Senior Backend Engineer. You will build and ship production systems with a small, friendly team. Tech stack: Python, PostgreSQL, Web Scraping, Redis. We offer flexible hours, learning budget and a transparent hiring process.",2026-08-30T05:41:41+00:00
563544347a6dc7fa,demo,Senior DevOps Engineer,Skyline Robotics,Remote,True,Senior,126000.0,169000.0,USD,Hadoop; AWS; Prometheus; Grafana,2026-08-30,https://example.com/jobs/demo-w2-39,"Skyline Robotics | Senior DevOps Engineer | Remote | REMOTE | $126k-$169k Skyline Robotics is hiring a Senior DevOps Engineer. You will build and ship production systems with a small, friendly team. Tech stack: Grafana, AWS, Prometheus, Hadoop. We offer flexible hours, learning budget and a transparent hiring process.",2026-08-30T05:41:41+00:00
0bcd391c68cc8f7a,demo,Senior Full Stack Developer,Brightwave,"Toronto, Canada",False,Senior,122000.0,186000.0,USD,TypeScript; jQuery; PostgreSQL; Docker,2026-08-30,https://example.com/jobs/demo-w2-40,"Brightwave | Senior Full Stack Developer | Toronto, Canada | HYBRID | $122k-$186k Brightwave is hiring a Senior Full Stack Developer. You will build and ship production systems with a small, friendly team. Tech stack: TypeScript, jQuery, Docker, PostgreSQL. We offer flexible hours, learning budget and a transparent hiring process.",2026-08-30T05:41:41+00:00
85d7d3b761a6c26c,demo,Junior Backend Engineer,Verdant AI,"Austin, TX",False,Junior,64000.0,98000.0,USD,Python; Django; REST API; PostgreSQL; AWS; RAG; Web Scraping,2026-08-30,https://example.com/jobs/demo-w2-41,"Verdant AI | Junior Backend Engineer | Austin, TX | HYBRID | $64k-$98k Verdant AI is hiring a Junior Backend Engineer. You will build and ship production systems with a small, friendly team. Tech stack: PostgreSQL, Django, RAG, Web Scraping, REST API, Python, AWS. We offer flexible hours, learning budget and a transparent hiring process.",2026-08-30T05:41:41+00:00
c4aa30ab5e1cac4e,demo,Senior Analytics Engineer,Brightwave,"New York, NY",False,Senior,127000.0,175000.0,USD,Python; SQL; BigQuery; MongoDB; Git,2026-08-29,https://example.com/jobs/demo-w2-42,"Brightwave | Senior Analytics Engineer | New York, NY | ONSITE | $127k-$175k Brightwave is hiring a Senior Analytics Engineer. You will build and ship production systems with a small, friendly team. Tech stack: BigQuery, Git, Python, MongoDB, SQL. We offer flexible hours, learning budget and a transparent hiring process.",2026-08-30T05:41:41+00:00
63c90270be7e1bc8,demo,Backend Engineer,Tidewater Data,"Amsterdam, Netherlands",False,,89000.0,133000.0,USD,Django; PostgreSQL; Elasticsearch; CI/CD,2026-08-25,https://example.com/jobs/demo-w2-43,"Tidewater Data | Backend Engineer | Amsterdam, Netherlands | ONSITE | $89k-$133k Tidewater Data is hiring a Backend Engineer. You will build and ship production systems with a small, friendly team. Tech stack: PostgreSQL, Django, Elasticsearch, CI/CD. We offer flexible hours, learning budget and a transparent hiring process.",2026-08-30T05:41:41+00:00
806810ad317fec7e,demo,Analytics Engineer,Neonbyte,"Berlin, Germany",False,,96000.0,141000.0,USD,PHP; Microservices; dbt; Snowflake; Looker; Generative AI,2026-08-25,https://example.com/jobs/demo-w2-44,"Neonbyte | Analytics Engineer | Berlin, Germany | ONSITE | $96k-$141k Neonbyte is hiring a Analytics Engineer. You will build and ship production systems with a small, friendly team. Tech stack: dbt, Looker, Snowflake, Microservices, PHP, Generative AI. We offer flexible hours, learning budget and a transparent hiring process.",2026-08-30T05:41:41+00:00
83133908ccd56cc2,demo,Senior Analytics Engineer,Sundial Labs,"Berlin, Germany",False,Senior,125000.0,171000.0,USD,Python; PHP; SQL; Microservices; dbt; Looker; Elasticsearch,2026-08-27,https://example.com/jobs/demo-w2-45,"Sundial Labs | Senior Analytics Engineer | Berlin, Germany | ONSITE | $125k-$171k Sundial Labs is hiring a Senior Analytics Engineer. You will build and ship production systems with a small, friendly team. Tech stack: SQL, Looker, Elasticsearch, PHP, Python, Microservices, dbt. We offer flexible hours, learning budget and a transparent hiring process.",2026-08-30T05:41:41+00:00
12ba302f0a8052c8,demo,Senior Frontend Engineer,Quantix,Singapore,False,Senior,130000.0,180000.0,USD,JavaScript; TypeScript; React; Elasticsearch,2026-08-26,https://example.com/jobs/demo-w2-46,"Quantix | Senior Frontend Engineer | Singapore | HYBRID | $130k-$180k Quantix is hiring a Senior Frontend Engineer. You will build and ship production systems with a small, friendly team. Tech stack: JavaScript, React, Elasticsearch, TypeScript. We offer flexible hours, learning budget and a transparent hiring process.",2026-08-30T05:41:41+00:00
5314067cf0499b58,demo,DevOps Engineer,Tidewater Data,"Lisbon, Portugal",False,,98000.0,128000.0,USD,AWS; Docker; Kubernetes; Linux; Grafana,2026-08-24,https://example.com/jobs/demo-w2-47,"Tidewater Data | DevOps Engineer | Lisbon, Portugal | ONSITE | $98k-$128k Tidewater Data is hiring a DevOps Engineer. You will build and ship production systems with a small, friendly team. Tech stack: Docker, AWS, Grafana, Linux, Kubernetes. We offer flexible hours, learning budget and a transparent hiring process.",2026-08-30T05:41:41+00:00
50c9664740f2b154,demo,Junior AI Engineer,Quantix,Remote,True,Junior,70000.0,106000.0,USD,Python; FastAPI; Hadoop; MySQL; Elasticsearch; RAG,2026-08-29,https://example.com/jobs/demo-w2-48,"Quantix | Junior AI Engineer | Remote | REMOTE | $70k-$106k Quantix is hiring a Junior AI Engineer. You will build and ship production systems with a small, friendly team. Tech stack: RAG, Hadoop, MySQL, Python, Elasticsearch, FastAPI. We offer flexible hours, learning budget and a transparent hiring process.",2026-08-30T05:41:41+00:00
6269e8e7e2e60cc7,demo,AI Engineer,Sundial Labs,"San Francisco, CA",False,,89000.0,132000.0,USD,Python; Microservices; Hadoop; RAG; Hugging Face,2026-08-24,https://example.com/jobs/demo-w2-49,"Sundial Labs | AI Engineer | San Francisco, CA | ONSITE | $89k-$132k Sundial Labs is hiring a AI Engineer. You will build and ship production systems with a small, friendly team. Tech stack: Hadoop, RAG, Python, Microservices, Hugging Face. We offer flexible hours, learning budget and a transparent hiring process.",2026-08-30T05:41:41+00:00
a7e01e54915b8b60,demo,Full Stack Developer,Verdant AI,Remote,True,,91000.0,122000.0,USD,TypeScript; PHP; React; Node.js; GraphQL; CI/CD,2026-08-30,https://example.com/jobs/demo-w2-50,"Verdant AI | Full Stack Developer | Remote | REMOTE | $91k-$122k Verdant AI is hiring a Full Stack Developer. You will build and ship production systems with a small, friendly team. Tech stack: React, PHP, TypeScript, CI/CD, GraphQL, Node.js. We offer flexible hours, learning budget and a transparent hiring process.",2026-08-30T05:41:41+00:00
2f148ff51e4adc2f,demo,Senior Machine Learning Engineer,Polaris Health,Singapore,False,Senior,135000.0,185000.0,USD,Python; Hadoop; Elasticsearch; AWS; Docker; Kubernetes; Git; Machine Learning,2026-08-27,https://example.com/jobs/demo-w2-51,"Polaris Health | Senior Machine Learning Engineer | Singapore | ONSITE | $135k-$185k Polaris Health is hiring a Senior Machine Learning Engineer. You will build and ship production systems with a small, friendly team. Tech stack: Python, Hadoop, Git, Elasticsearch, Docker, Kubernetes, AWS. We offer flexible hours, learning budget and a transparent hiring process.",2026-08-30T05:41:41+00:00
8a3d3d1c64b50981,demo,Senior Backend Engineer,Nimbus Labs,"Austin, TX",False,Senior,136000.0,176000.0,USD,REST API; PostgreSQL; Redis; Docker; LangChain,2026-08-28,https://example.com/jobs/demo-w2-52,"Nimbus Labs | Senior Backend Engineer | Austin, TX | ONSITE | $136k-$176k Nimbus Labs is hiring a Senior Backend Engineer. You will build and ship production systems with a small, friendly team. Tech stack: LangChain, PostgreSQL, REST API, Docker, Redis. We offer flexible hours, learning budget and a transparent hiring process.",2026-08-30T05:41:41+00:00
7389c192ecb82cf9,demo,Machine Learning Engineer,Neonbyte,Remote,True,,103000.0,124000.0,USD,Python; Docker; Kubernetes; Machine Learning; MLOps,2026-08-29,https://example.com/jobs/demo-w2-53,"Neonbyte | Machine Learning Engineer | Remote | REMOTE | $103k-$124k Neonbyte is hiring a Machine Learning Engineer. You will build and ship production systems with a small, friendly team. Tech stack: Docker, Kubernetes, MLOps, Python. We offer flexible hours, learning budget and a transparent hiring process.",2026-08-30T05:41:41+00:00
663d4818f017c878,demo,Senior Frontend Engineer,Kestrel Works,Remote,True,Senior,128000.0,184000.0,USD,React; Next.js; jQuery; MySQL; CI/CD,2026-08-27,https://example.com/jobs/demo-w2-54,"Kestrel Works | Senior Frontend Engineer | Remote | REMOTE | $128k-$184k Kestrel Works is hiring a Senior Frontend Engineer. You will build and ship production systems with a small, friendly team. Tech stack: CI/CD, React, MySQL, jQuery, Next.js. We offer flexible hours, learning budget and a transparent hiring process.",2026-08-30T05:41:41+00:00
0d47829a97a8d41a,demo,Senior Data Engineer,Fjord Software,Remote (EU),True,Senior,128000.0,172000.0,USD,SQL; Airflow; dbt; Snowflake,2026-09-03,https://example.com/jobs/demo-w3-0,"Fjord Software | Senior Data Engineer | Remote (EU) | REMOTE | $128k-$172k Fjord Software is hiring a Senior Data Engineer. You will build and ship production systems with a small, friendly team. Tech stack: dbt, Airflow, SQL, Snowflake. We offer flexible hours, learning budget and a transparent hiring process.",2026-09-06T05:41:41+00:00
bbc106e6504750fa,demo,DevOps Engineer,Nimbus Labs,Singapore,False,,89000.0,136000.0,USD,jQuery; Terraform; Linux; LLM; Selenium,2026-09-02,https://example.com/jobs/demo-w3-1,"Nimbus Labs | DevOps Engineer | Singapore | ONSITE | $89k-$136k Nimbus Labs is hiring a DevOps Engineer. You will build and ship production systems with a small, friendly team. Tech stack: Linux, LLM, Selenium, jQuery, Terraform. We offer flexible hours, learning budget and a transparent hiring process.",2026-09-06T05:41:41+00:00
5f4836ca6b3c83ed,demo,Senior Backend Engineer,Nimbus Labs,"Austin, TX",False,Senior,135000.0,181000.0,USD,Python; Django; REST API; MySQL; AWS; Docker,2026-09-02,https://example.com/jobs/demo-w3-2,"Nimbus Labs | Senior Backend Engineer | Austin, TX | HYBRID | $135k-$181k Nimbus Labs is hiring a Senior Backend Engineer. You will build and ship production systems with a small, friendly team. Tech stack: AWS, Docker, MySQL, REST API, Django, Python. We offer flexible hours, learning budget and a transparent hiring process.",2026-09-06T05:41:41+00:00
f790690be96353be,demo,Machine Learning Engineer,Quantix,Remote (EU),True,,95000.0,134000.0,USD,PHP; PyTorch; Kubernetes; Machine Learning; MLOps,2026-09-03,https://example.com/jobs/demo-w3-3,"Quantix | Machine Learning Engineer | Remote (EU) | REMOTE | $95k-$134k Quantix is hiring a Machine Learning Engineer. You will build and ship production systems with a small, friendly team. Tech stack: MLOps, Kubernetes, PyTorch, PHP. We offer flexible hours, learning budget and a transparent hiring process.",2026-09-06T05:41:41+00:00
5aac1dcc5ee3ef98,demo,Junior Machine Learning Engineer,Quantix,"London, UK",False,Junior,67000.0,106000.0,USD,Python; TensorFlow; AWS; Machine Learning; Selenium,2026-09-04,https://example.com/jobs/demo-w3-4,"Quantix | Junior Machine Learning Engineer | London, UK | HYBRID | $67k-$106k Quantix is hiring a Junior Machine Learning Engineer. You will build and ship production systems with a small, friendly team. Tech stack: Python, AWS, Selenium, TensorFlow. We offer flexible hours, learning budget and a transparent hiring process.",2026-09-06T05:41:41+00:00
ace91777068ce553,demo,Lead Analytics Engineer,Aurora Cloud,Remote (US),True,Lead,160000.0,202000.0,USD,Python; dbt; Snowflake; BigQuery; Git,2026-08-31,https://example.com/jobs/demo-w3-5,"Aurora Cloud | Lead Analytics Engineer | Remote (US) | REMOTE | $160k-$202k Aurora Cloud is hiring a Lead Analytics Engineer. You will build and ship production systems with a small, friendly team. Tech stack: Snowflake, Git, Python, dbt, BigQuery. We offer flexible hours, learning budget and a transparent hiring process.",2026-09-06T05:41:41+00:00
d1da558be73dc095,demo,Lead Analytics Engineer,Tidewater Data,Singapore,False,Lead,155000.0,209000.0,USD,SQL; Snowflake; LangChain; Web Scraping,2026-09-01,https://example.com/jobs/demo-w3-6,"Tidewater Data | Lead Analytics Engineer | Singapore | HYBRID | $155k-$209k Tidewater Data is hiring a Lead Analytics Engineer. You will build and ship production systems with a small, friendly team. Tech stack: Web Scraping, Snowflake, LangChain, SQL. We offer flexible hours, learning budget and a transparent hiring process.",2026-09-06T05:41:41+00:00
0999ef5165cc013c,demo,Lead Backend Engineer,Tidewater Data,"San Francisco, CA",False,Lead,167000.0,221000.0,USD,REST API; MySQL; Redis; AWS; Generative AI; Web Scraping,2026-09-06,https://example.com/jobs/demo-w3-7,"Tidewater Data | Lead Backend Engineer | San Francisco, CA | HYBRID | $167k-$221k Tidewater Data is hiring a Lead Backend Engineer. You will build and ship production systems with a small, friendly team. Tech stack: MySQL, Redis, REST API, Generative AI, Web Scraping, AWS. We offer flexible hours, learning budget and a transparent hiring process.",2026-09-06T05:41:41+00:00
fe33f0c683bfa427,demo,Lead DevOps Engineer,Skyline Robotics,"Bangalore, India",False,Lead,157000.0,221000.0,USD,Microservices; Kubernetes; Terraform; CI/CD; Linux; Prometheus; Grafana,2026-09-04,https://example.com/jobs/demo-w3-8,"Skyline Robotics | Lead DevOps Engineer | Bangalore, India | HYBRID | $157k-$221k Skyline Robotics is hiring a Lead DevOps Engineer. You will build and ship production systems with a small, friendly team. Tech stack: CI/CD, Microservices, Kubernetes, Prometheus, Terraform, Grafana, Linux. We offer flexible hours, learning budget and a transparent hiring process.",2026-09-06T05:41:41+00:00
02ec73fcaf9ba88d,demo,Lead Machine Learning Engineer,Skyline Robotics,"New York, NY",False,Lead,155000.0,217000.0,USD,PyTorch; TensorFlow; AWS; Kubernetes; Machine Learning,2026-08-31,https://example.com/jobs/demo-w3-9,"Skyline Robotics | Lead Machine Learning Engineer | New York, NY | ONSITE | $155k-$217k Skyline Robotics is hiring a Lead Machine Learning Engineer. You will build and ship production systems with a small, friendly team. Tech stack: TensorFlow, Kubernetes, PyTorch, AWS. We offer flexible hours, learning budget and a transparent hiring process.",2026-09-06T05:41:41+00:00
7d872a99ce4b80a9,demo,Senior Analytics Engineer,Lumen Analytics,Remote (EU),True,Senior,138000.0,175000.0,USD,Python; SQL; dbt; Snowflake; BigQuery; Looker; LangChain,2026-09-03,https://example.com/jobs/demo-w3-10,"Lumen Analytics | Senior Analytics Engineer | Remote (EU) | REMOTE | $138k-$175k Lumen Analytics is hiring a Senior Analytics Engineer. You will build and ship production systems with a small, friendly team. Tech stack: LangChain, Snowflake, Python, Looker, SQL, dbt, BigQuery. We offer flexible hours, learning budget and a transparent hiring process.",2026-09-06T05:41:41+00:00
33561cfc31ecddec,demo,Senior Analytics Engineer,Verdant AI,Remote (US),True,Senior,128000.0,171000.0,USD,dbt; Snowflake; Looker; Git; Generative AI,2026-09-03,https://example.com/jobs/demo-w3-11,"Verdant AI | Senior Analytics Engineer | Remote (US) | REMOTE | $128k-$171k Verdant AI is hiring a Senior Analytics Engineer. You will build and ship production systems with a small, friendly team. Tech stack: Generative AI, Git, Looker, Snowflake, dbt. We offer flexible hours, learning budget and a transparent hiring process.",2026-09-06T05:41:41+00:00
a2954550ec58abed,demo,Senior Backend Engineer,Lumen Analytics,"Lisbon, Portugal",False,Senior,137000.0,177000.0,USD,Python; Django; REST API; Elasticsearch; AWS; Docker,2026-09-03,https://example.com/jobs/demo-w3-12,"Lumen Analytics | Senior Backend Engineer | Lisbon, Portugal | ONSITE | $137k-$177k Lumen Analytics is hiring a Senior Backend Engineer. You will build and ship production systems with a small, friendly team. Tech stack: Docker, Django, Elasticsearch, Python, AWS, REST API. We offer flexible hours, learning budget and a transparent hiring process.",2026-09-06T05:41:41+00:00
f59c659089e3c658,demo,Frontend Engineer,Aurora Cloud,"Amsterdam, Netherlands",False,,95000.0,140000.0,USD,Next.js; jQuery; Microservices; LLM,2026-09-02,https://example.com/jobs/demo-w3-13,"Aurora Cloud | Frontend Engineer | Amsterdam, Netherlands | ONSITE | $95k-$140k Aurora Cloud is hiring a Frontend Engineer. You will build and ship production systems with a small, friendly team. Tech stack: Microservices, Next.js, LLM, jQuery. We offer flexible hours, learning budget and a transparent hiring process.",2026-09-06T05:41:41+00:00
1f9279270d57f0a4,demo,Frontend Engineer,Sundial Labs,Remote (EU),True,,96000.0,133000.0,USD,TypeScript; Next.js; Tailwind CSS; GraphQL; MongoDB; CI/CD; Generative AI,2026-09-04,https://example.com/jobs/demo-w3-14,"Sundial Labs | Frontend Engineer | Remote (EU) | REMOTE | $96k-$133k Sundial Labs is hiring a Frontend Engineer. You will build and ship production systems with a small, friendly team. Tech stack: Tailwind CSS, MongoDB, Generative AI, TypeScript, GraphQL, Next.js, CI/CD. We offer flexible hours, learning budget and a transparent hiring process.",2026-09-06T05:41:41+00:00
fa6e57cca4cc42dd,demo,Senior Full Stack Developer,Orbitly,"New York, NY",False,Senior,136000.0,168000.0,USD,TypeScript; React; Node.js; PostgreSQL; Docker; LLM; Web Scraping,2026-09-01,https://example.com/jobs/demo-w3-15,"Orbitly | Senior Full Stack Developer | New York, NY | HYBRID | $136k-$168k Orbitly is hiring a Senior Full Stack Developer. You will build and ship production systems with a small, friendly team. Tech stack: React, Docker, PostgreSQL, Node.js, LLM, TypeScript, Web Scraping. We offer flexible hours, learning budget and a transparent hiring process.",2026-09-06T05:41:41+00:00
e9dddc11cd94d579,demo,Senior AI Engineer,Pixelforge,"Berlin, Germany",False,Senior,135000.0,174000.0,USD,PHP; FastAPI; Microservices; Git; LLM; LangChain; Hugging Face,2026-09-03,https://example.com/jobs/demo-w3-16,"Pixelforge | Senior AI Engineer | Berlin, Germany | HYBRID | $135k-$174k Pixelforge is hiring a Senior AI Engineer. You will build and ship production systems with a small, friendly team. Tech stack: LLM, Microservices, PHP, Git, Hugging Face, FastAPI, LangChain. We offer flexible hours, learning budget and a transparent hiring process.",2026-09-06T05:41:41+00:00
6d5175fa0e2ff77a,demo,Senior Backend Engineer,Cobalt & Co,"Berlin, Germany",False,Senior,123000.0,169000.0,USD,REST API; Docker; Generative AI; Web Scraping,2026-09-06,https://example.com/jobs/demo-w3-17,"Cobalt & Co | Senior Backend Engineer | Berlin, Germany | HYBRID | $123k-$169k Cobalt & Co is hiring a Senior Backend Engineer. You will build and ship production systems with a small, friendly team. Tech stack: Web Scraping, Generative AI, REST API, Docker. We offer flexible hours, learning budget and a transparent hiring process.",2026-09-06T05:41:41+00:00
03cb5d69361b7432,demo,AI Engineer,Sundial Labs,"Toronto, Canada",False,,89000.0,140000.0,USD,jQuery; Elasticsearch; LangChain; Generative AI; Hugging Face; Web Scraping,2026-09-03,https://example.com/jobs/demo-w3-18,"Sundial Labs | AI Engineer | Toronto, Canada | HYBRID | $89k-$140k Sundial Labs is hiring a AI Engineer. You will build and ship production systems with a small, friendly team. Tech stack: Web Scraping, Generative AI, Hugging Face, jQuery, Elasticsearch, LangChain. We offer flexible hours, learning budget and a transparent hiring process.",2026-09-06T05:41:41+00:00
93826db7bcee355d,demo,Senior Data Scientist,Kestrel Works,"Toronto, Canada",False,Senior,132000.0,183000.0,USD,Python; jQuery; Pandas; scikit-learn; MySQL; Machine Learning,2026-09-02,https://example.com/jobs/demo-w3-19,"Kestrel Works | Senior Data Scientist | Toronto, Canada | ONSITE | $132k-$183k Kestrel Works is hiring a Senior Data Scientist. You will build and ship production systems with a small, friendly team. Tech stack: MySQL, Python, scikit-learn, jQuery, Machine Learning, Pandas. We offer flexible hours, learning budget and a transparent hiring process.",2026-09-06T05:41:41+00:00
a9a5916180b29c0b,demo,Senior Full Stack Developer,Helio Systems,"London, UK",False,Senior,130000.0,182000.0,USD,React; Node.js; GraphQL; PostgreSQL; Elasticsearch; Generative AI,2026-09-01,https://example.com/jobs/demo-w3-20,"Helio Systems | Senior Full Stack Developer | London, UK | HYBRID | $130k-$182k Helio Systems is hiring a Senior Full Stack Developer. You will build and ship production systems with a small, friendly team. Tech stack: Elasticsearch, PostgreSQL, Node.js, Generative AI, React, GraphQL. We offer flexible hours, learning budget and a transparent hiring process.",2026-09-06T05:41:41+00:00
df08d1d28d338fa9,demo,Lead Analytics Engineer,Orbitly,Remote (EU),True,Lead,166000.0,211000.0,USD,SQL; jQuery; Hadoop; dbt; Snowflake; Looker,2026-09-04,https://example.com/jobs/demo-w3-21,"Orbitly | Lead Analytics Engineer | Remote (EU) | REMOTE | $166k-$211k Orbitly is hiring a Lead Analytics Engineer. You will build and ship production systems with a small, friendly team. Tech stack: jQuery, Hadoop, Snowflake, SQL, dbt, Looker. We offer flexible hours, learning budget and a transparent hiring process.",2026-09-06T05:41:41+00:00
ff1012e0a1ff221d,demo,Senior Machine Learning Engineer,Nimbus Labs,"Lisbon, Portugal",False,Senior,129000.0,177000.0,USD,TensorFlow; AWS; Kubernetes; Machine Learning; Web Scraping,2026-09-04,https://example.com/jobs/demo-w3-22,"Nimbus Labs | Senior Machine Learning Engineer | Lisbon, Portugal | ONSITE | $129k-$177k Nimbus Labs is hiring a Senior Machine Learning Engineer. You will build and ship production systems with a small, friendly team. Tech stack: Kubernetes, TensorFlow, AWS, Web Scraping. We offer flexible hours, learning budget and a transparent hiring process.",2026-09-06T05:41:41+00:00
3cf2f08529329a5e,demo,Lead Full Stack Developer,Polaris Health,"Berlin, Germany",False,Lead,166000.0,219000.0,USD,PHP; React; Node.js; PostgreSQL; Elasticsearch; LangChain,2026-09-02,https://example.com/jobs/demo-w3-23,"Polaris Health | Lead Full Stack Developer | Berlin, Germany | ONSITE | $166k-$219k Polaris Health is hiring a Lead Full Stack Developer. You will build and ship production systems with a small, friendly team. Tech stack: LangChain, Elasticsearch, Node.js, PHP, PostgreSQL, React. We offer flexible hours, learning budget and a transparent hiring process.",2026-09-06T05:41:41+00:00
46053c01d09cf6d9,demo,Lead Full Stack Developer,Pixelforge,"Berlin, Germany",False,Lead,152000.0,214000.0,USD,TypeScript; Node.js; jQuery; GraphQL; PostgreSQL; MySQL; Docker,2026-09-03,https://example.com/jobs/demo-w3-24,"Pixelforge | Lead Full Stack Developer | Berlin, Germany | HYBRID | $152k-$214k Pixelforge is hiring a Lead Full Stack Developer. You will build and ship production systems with a small, friendly team. Tech stack: MySQL, Docker, Node.js, GraphQL, TypeScript, PostgreSQL, jQuery. We offer flexible hours, learning budget and a transparent hiring process.",2026-09-06T05:41:41+00:00
602b1b9507575829,demo,Junior Data Engineer,Lumen Analytics,"New York, NY",False,Junior,72000.0,107000.0,USD,Python; SQL; Kafka; Snowflake; MySQL; LangChain,2026-08-31,https://example.com/jobs/demo-w3-25,"Lumen Analytics | Junior Data Engineer | New York, NY | ONSITE | $72k-$107k Lumen Analytics is hiring a Junior Data Engineer. You will build and ship production systems with a small, friendly team. Tech stack: MySQL, Python, SQL, LangChain, Snowflake, Kafka. We offer flexible hours, learning budget and a transparent hiring process.",2026-09-06T05:41:41+00:00
24f6344e7c292893,demo,DevOps Engineer,Sundial Labs,"Lisbon, Portugal",False,,87000.0,122000.0,USD,MySQL; AWS; Docker; Kubernetes; Grafana; RAG,2026-09-05,https://example.com/jobs/demo-w3-26,"Sundial Labs | DevOps Engineer | Lisbon, Portugal | HYBRID | $87k-$122k Sundial Labs is hiring a DevOps Engineer. You will build and ship production systems with a small, friendly team. Tech stack: RAG, AWS, MySQL, Docker, Grafana, Kubernetes. We offer flexible hours, learning budget and a transparent hiring process.",2026-09-06T05:41:41+00:00
a8c99d522d774f37,demo,Senior Analytics Engineer,Quantix,"Berlin, Germany",False,Senior,131000.0,168000.0,USD,Python; dbt; Looker; Elasticsearch; RAG,2026-09-06,https://example.com/jobs/demo-w3-27,"Quantix | Senior Analytics Engineer | Berlin, Germany | ONSITE | $131k-$168k Quantix is hiring a Senior Analytics Engineer. You will build and ship production systems with a small, friendly team. Tech stack: Elasticsearch, Looker, dbt, RAG, Python. We offer flexible hours, learning budget and a transparent hiring process.",2026-09-06T05:41:41+00:00
0d83f9ba85102418,demo,Senior Full Stack Developer,Lumen Analytics,"Amsterdam, Netherlands",False,Senior,133000.0,180000.0,USD,TypeScript; Node.js; GraphQL; PostgreSQL; MongoDB; Docker; Web Scraping,2026-09-04,https://example.com/jobs/demo-w3-28,"Lumen Analytics | Senior Full Stack Developer | Amsterdam, Netherlands | ONSITE | $133k-$180k Lumen Analytics is hiring a Senior Full Stack Developer. You will build and ship production systems with a small, friendly team. Tech stack: Docker, PostgreSQL, GraphQL, MongoDB, Web Scraping, TypeScript, Node.js. We offer flexible hours, learning budget and a transparent hiring process.",2026-09-06T05:41:41+00:00
2cf4a4983a5069f1,demo,DevOps Engineer,Neonbyte,Remote (EU),True,,97000.0,139000.0,USD,MySQL; Kubernetes; Ansible; Linux,2026-09-04,https://example.com/jobs/demo-w3-29,"Neonbyte | DevOps Engineer | Remote (EU) | REMOTE | $97k-$139k Neonbyte is hiring a DevOps Engineer. You will build and ship production systems with a small, friendly team. Tech stack: MySQL, Linux, Ansible, Kubernetes. We offer flexible hours, learning budget and a transparent hiring process.",2026-09-06T05:41:41+00:00
b330e837af1dcf8d,demo,Senior Data Engineer,Polaris Health,Remote (EU),True,Senior,132000.0,167000.0,USD,SQL; jQuery; Snowflake; Git; Web Scraping,2026-09-04,https://example.com/jobs/demo-w3-30,"Polaris Health | Senior Data Engineer | Remote (EU) | REMOTE | $132k-$167k Polaris Health is hiring a Senior Data Engineer. You will build and ship production systems with a small, friendly team. Tech stack: jQuery, Git, Snowflake, SQL, Web Scraping. We offer flexible hours, learning budget and a transparent hiring process.",2026-09-06T05:41:41+00:00
c30d207a80c96090,demo,Machine Learning Engineer,Kestrel Works,Remote (EU),True,,102000.0,139000.0,USD,Microservices; PyTorch; Kubernetes; Machine Learning; MLOps,2026-09-06,https://example.com/jobs/demo-w3-31,"Kestrel Works | Machine Learning Engineer | Remote (EU) | REMOTE | $102k-$139k Kestrel Works is hiring a Machine Learning Engineer. You will build and ship production systems with a small, friendly team. Tech stack: PyTorch, MLOps, Microservices, Kubernetes. We offer flexible hours, learning budget and a transparent hiring process.",2026-09-06T05:41:41+00:00
040cc600f11add54,demo,Senior Machine Learning Engineer,Skyline Robotics,"London, UK",False,Senior,124000.0,186000.0,USD,Python; PyTorch; TensorFlow; Elasticsearch; AWS; Kubernetes; Machine Learning; MLOps,2026-09-01,https://example.com/jobs/demo-w3-32,"Skyline Robotics | Senior Machine Learning Engineer | London, UK | HYBRID | $124k-$186k Skyline Robotics is hiring a Senior Machine Learning Engineer. You will build and ship production systems with a small, friendly team. Tech stack: MLOps, PyTorch, AWS, TensorFlow, Python, Kubernetes, Elasticsearch. We offer flexible hours, learning budget and a transparent hiring process.",2026-09-06T05:41:41+00:00
d5e06af5769f4458,demo,Senior Systems Engineer,Cobalt & Co,"Amsterdam, Netherlands",False,Senior,123000.0,173000.0,USD,C++; Go; Linux; LLM; Web Scraping; Selenium,2026-09-03,https://example.com/jobs/demo-w3-33,"Cobalt & Co | Senior Systems Engineer | Amsterdam, Netherlands | HYBRID | $123k-$173k Cobalt & Co is hiring a Senior Systems Engineer. You will build and ship production systems with a small, friendly team. Tech stack: C++, Go, Linux, Web Scraping, Selenium, LLM. We offer flexible hours, learning budget and a transparent hiring process.",2026-09-06T05:41:41+00:00
fe772e6b41f0373e,demo,Lead Systems Engineer,Lumen Analytics,"Bangalore, India",False,Lead,167000.0,216000.0,USD,C++; Go; Rust; Microservices; Kubernetes; RAG; Selenium,2026-09-04,https://example.com/jobs/demo-w3-34,"Lumen Analytics | Lead Systems Engineer | Bangalore, India | HYBRID | $167k-$216k Lumen Analytics is hiring a Lead Systems Engineer. You will build and ship production systems with a small, friendly team. Tech stack: C++, RAG, Go, Microservices, Kubernetes, Selenium, Rust. We offer flexible hours, learning budget and a transparent hiring process.",2026-09-06T05:41:41+00:00
27a22357f27b4f14,demo,Senior Machine Learning Engineer,Verdant AI,"New York, NY",False,Senior,134000.0,167000.0,USD,Microservices; PyTorch; Docker; Machine Learning; LangChain; MLOps,2026-09-04,https://example.com/jobs/demo-w3-35,"Verdant AI | Senior Machine Learning Engineer | New York, NY | ONSITE | $134k-$167k Verdant AI is hiring a Senior Machine Learning Engineer. You will build and ship production systems with a small, friendly team. Tech stack: PyTorch, Microservices, LangChain, MLOps, Docker. We offer flexible hours, learning budget and a transparent hiring process.",2026-09-06T05:41:41+00:00
148aa368da8c4c5f,demo,Backend Engineer,Quantix,"London, UK",False,,103000.0,132000.0,USD,REST API; Docker; LangChain; Selenium,2026-09-02,https://example.com/jobs/demo-w3-36,"Quantix | Backend Engineer | London, UK | ONSITE | $103k-$132k Quantix is hiring a Backend Engineer. You will build and ship production systems with a small, friendly team. Tech stack: Selenium, LangChain, REST API, Docker. We offer flexible hours, learning budget and a transparent hiring process.",2026-09-06T05:41:41+00:00
d5057be83ba6a279,demo,Lead Machine Learning Engineer,Orbitly,"San Francisco, CA",False,Lead,167000.0,217000.0,USD,Python; PyTorch; Elasticsearch; Kubernetes; Machine Learning; MLOps,2026-09-06,https://example.com/jobs/demo-w3-37,"Orbitly | Lead Machine Learning Engineer | San Francisco, CA | HYBRID | $167k-$217k Orbitly is hiring a Lead Machine Learning Engineer. You will build and ship production systems with a small, friendly team. Tech stack: PyTorch, Kubernetes, Python, Elasticsearch, MLOps. We offer flexible hours, learning budget and a transparent hiring process.",2026-09-06T05:41:41+00:00
cc1474ddf3b97ee0,demo,Analytics Engineer,Fjord Software,"New York, NY",False,,103000.0,130000.0,USD,SQL; dbt; Snowflake; BigQuery; Looker; MongoDB,2026-09-02,https://example.com/jobs/demo-w3-38,"Fjord Software | Analytics Engineer | New York, NY | ONSITE | $103k-$130k Fjord Software is hiring a Analytics Engineer. You will build and ship production systems with a small, friendly team. Tech stack: dbt, SQL, Snowflake, Looker, MongoDB, BigQuery. We offer flexible hours, learning budget and a transparent hiring process.",2026-09-06T05:41:41+00:00
410c63ec5f36fb3d,demo,Full Stack Developer,Lumen Analytics,"Amsterdam, Netherlands",False,,94000.0,135000.0,USD,React; Node.js; GraphQL; PostgreSQL; Docker; LangChain; Generative AI,2026-09-05,https://example.com/jobs/demo-w3-39,"Lumen Analytics | Full Stack Developer | Amsterdam, Netherlands | HYBRID | $94k-$135k Lumen Analytics is hiring a Full Stack Developer. You will build and ship production systems with a small, friendly team. Tech stack: PostgreSQL, Generative AI, React, LangChain, Docker, Node.js, GraphQL. We offer flexible hours, learning budget and a transparent hiring process.",2026-09-06T05:41:41+00:00
d685cb7ec8485609,demo,Senior Data Scientist,Mintleaf,"San Francisco, CA",False,Senior,137000.0,171000.0,USD,Python; SQL; Pandas; Hadoop; Tableau; RAG,2026-08-31,https://example.com/jobs/demo-w3-40,"Mintleaf | Senior Data Scientist | San Francisco, CA | ONSITE | $137k-$171k Mintleaf is hiring a Senior Data Scientist. You will build and ship production systems with a small, friendly team. Tech stack: RAG, SQL, Pandas, Python, Tableau, Hadoop. We offer flexible hours, learning budget and a transparent hiring process.",2026-09-06T05:41:41+00:00
4b2ecd1e9366d1a7,demo,Junior Full Stack Developer,Lumen Analytics,Remote (US),True,Junior,72000.0,101000.0,USD,TypeScript; React; jQuery; MySQL; Docker,2026-09-04,https://example.com/jobs/demo-w3-41,"Lumen Analytics | Junior Full Stack Developer | Remote (US) | REMOTE | $72k-$101k Lumen Analytics is hiring a Junior Full Stack Developer. You will build and ship production systems with a small, friendly team. Tech stack: Docker, React, TypeScript, jQuery, MySQL. We offer flexible hours, learning budget and a transparent hiring process.",2026-09-06T05:41:41+00:00
dd304fa778108a57,demo,Junior Backend Engineer,Neonbyte,"Toronto, Canada",False,Junior,68000.0,92000.0,USD,Django; REST API; Redis; AWS; Docker; CI/CD; Git,2026-09-05,https://example.com/jobs/demo-w3-42,"Neonbyte | Junior Backend Engineer | Toronto, Canada | ONSITE | $68k-$92k Neonbyte is hiring a Junior Backend Engineer. You will build and ship production systems with a small, friendly team. Tech stack: Redis, REST API, Git, Django, AWS, Docker, CI/CD. We offer flexible hours, learning budget and a transparent hiring process.",2026-09-06T05:41:41+00:00
b5632d3238f3bbaa,demo,Lead Backend Engineer,Tidewater Data,Remote,True,Lead,160000.0,216000.0,USD,Hadoop; Redis; AWS; Generative AI,2026-09-02,https://example.com/jobs/demo-w3-43,"Tidewater Data | Lead Backend Engineer | Remote | REMOTE | $160k-$216k Tidewater Data is hiring a Lead Backend Engineer. You will build and ship production systems with a small, friendly team. Tech stack: Hadoop, AWS, Generative AI, Redis. We offer flexible hours, learning budget and a transparent hiring process.",2026-09-06T05:41:41+00:00
5d972786de5f4d59,demo,Senior AI Engineer,Quantix,"Austin, TX",False,Senior,133000.0,182000.0,USD,jQuery; Hadoop; MySQL; LangChain; Generative AI; RAG,2026-08-31,https://example.com/jobs/demo-w3-44,"Quantix | Senior AI Engineer | Austin, TX | HYBRID | $133k-$182k Quantix is hiring a Senior AI Engineer. You will build and ship production systems with a small, friendly team. Tech stack: LangChain, Generative AI, jQuery, Hadoop, RAG, MySQL. We offer flexible hours, learning budget and a transparent hiring process.",2026-09-06T05:41:41+00:00
a296feee492e944b,demo,Junior Data Scientist,Aurora Cloud,Remote,True,Junior,71000.0,90000.0,USD,Python; SQL; scikit-learn; CI/CD; Git; Machine Learning,2026-09-05,https://example.com/jobs/demo-w3-45,"Aurora Cloud | Junior Data Scientist | Remote | REMOTE | $71k-$90k Aurora Cloud is hiring a Junior Data Scientist. You will build and ship production systems with a small, friendly team. Tech stack: scikit-learn, Machine Learning, CI/CD, Python, Git, SQL. We offer flexible hours, learning budget and a transparent hiring process.",2026-09-06T05:41:41+00:00
6400928a12b9fd4f,demo,Lead Full Stack Developer,Skyline Robotics,Singapore,False,Lead,154000.0,217000.0,USD,TypeScript; React; Node.js; PostgreSQL; Docker,2026-09-06,https://example.com/jobs/demo-w3-46,"Skyline Robotics | Lead Full Stack Developer | Singapore | ONSITE | $154k-$217k Skyline Robotics is hiring a Lead Full Stack Developer. You will build and ship production systems with a small, friendly team. Tech stack: Node.js, PostgreSQL, TypeScript, React, Docker. We offer flexible hours, learning budget and a transparent hiring process.",2026-09-06T05:41:41+00:00
357d8c98da5d4a9b,demo,Lead Data Scientist,Helio Systems,"Toronto, Canada",False,Lead,156000.0,206000.0,USD,SQL; NumPy; Tableau; Machine Learning; Web Scraping,2026-09-04,https://example.com/jobs/demo-w3-47,"Helio Systems | Lead Data Scientist | Toronto, Canada | HYBRID | $156k-$206k Helio Systems is hiring a Lead Data Scientist. You will build and ship production systems with a small, friendly team. Tech stack: Web Scraping, NumPy, SQL, Machine Learning, Tableau. We offer flexible hours, learning budget and a transparent hiring process.",2026-09-06T05:41:41+00:00
043447898f4299fb,demo,Senior DevOps Engineer,Nimbus Labs,"San Francisco, CA",False,Senior,122000.0,186000.0,USD,MongoDB; Terraform; Ansible; Prometheus,2026-09-05,https://example.com/jobs/demo-w3-48,"Nimbus Labs | Senior DevOps Engineer | San Francisco, CA | HYBRID | $122k-$186k Nimbus Labs is hiring a Senior DevOps Engineer. You will build and ship production systems with a small, friendly team. Tech stack: MongoDB, Prometheus, Ansible, Terraform. We offer flexible hours, learning budget and a transparent hiring process.",2026-09-06T05:41:41+00:00
0068a0f6f97a3468,demo,Lead Systems Engineer,Verdant AI,"Berlin, Germany",False,Lead,167000.0,203000.0,USD,C++; Go; Rust; PHP; MySQL; Kubernetes; Linux,2026-08-31,https://example.com/jobs/demo-w3-49,"Verdant AI | Lead Systems Engineer | Berlin, Germany | ONSITE | $167k-$203k Verdant AI is hiring a Lead Systems Engineer. You will build and ship production systems with a small, friendly team. Tech stack: Rust, MySQL, Linux, Go, PHP, C++, Kubernetes. We offer flexible hours, learning budget and a transparent hiring process.",2026-09-06T05:41:41+00:00
3710ec2e17400c4c,demo,Machine Learning Engineer,Verdant AI,"New York, NY",False,,90000.0,137000.0,USD,PyTorch; AWS; Kubernetes; Git; Machine Learning,2026-08-31,https://example.com/jobs/demo-w3-50,"Verdant AI | Machine Learning Engineer | New York, NY | ONSITE | $90k-$137k Verdant AI is hiring a Machine Learning Engineer. You will build and ship production systems with a small, friendly team. Tech stack: Kubernetes, Git, PyTorch, AWS. We offer flexible hours, learning budget and a transparent hiring process.",2026-09-06T05:41:41+00:00
faefdcff77df69d4,demo,Machine Learning Engineer,Helio Systems,"Austin, TX",False,,100000.0,138000.0,USD,Python; PyTorch; TensorFlow; Docker; Machine Learning; Selenium,2026-09-03,https://example.com/jobs/demo-w3-51,"Helio Systems | Machine Learning Engineer | Austin, TX | ONSITE | $100k-$138k Helio Systems is hiring a Machine Learning Engineer. You will build and ship production systems with a small, friendly team. Tech stack: Python, Docker, PyTorch, TensorFlow, Selenium. We offer flexible hours, learning budget and a transparent hiring process.",2026-09-06T05:41:41+00:00
b758cb19b08961f8,demo,Systems Engineer,Fjord Software,Remote,True,,92000.0,128000.0,USD,C++; Rust; PHP; jQuery; Microservices; MySQL; Kubernetes,2026-09-05,https://example.com/jobs/demo-w3-52,"Fjord Software | Systems Engineer | Remote | REMOTE | $92k-$128k Fjord Software is hiring a Systems Engineer. You will build and ship production systems with a small, friendly team. Tech stack: C++, jQuery, MySQL, Kubernetes, PHP, Microservices, Rust. We offer flexible hours, learning budget and a transparent hiring process.",2026-09-06T05:41:41+00:00
3e6d6c0b3fcf1c36,demo,Lead Data Engineer,Mintleaf,"Austin, TX",False,Lead,161000.0,222000.0,USD,PHP; Spark; Snowflake; Git,2026-09-02,https://example.com/jobs/demo-w3-53,"Mintleaf | Lead Data Engineer | Austin, TX | ONSITE | $161k-$222k Mintleaf is hiring a Lead Data Engineer. You will build and ship production systems with a small, friendly team. Tech stack: Snowflake, Git, PHP, Spark. We offer flexible hours, learning budget and a transparent hiring process.",2026-09-06T05:41:41+00:00
fe9323184cf0b5ba,demo,Senior Analytics Engineer,Sundial Labs,Remote (US),True,Senior,138000.0,172000.0,USD,Python; SQL; Microservices; Snowflake; BigQuery; LangChain; RAG,2026-09-02,https://example.com/jobs/demo-w3-54,"Sundial Labs | Senior Analytics Engineer | Remote (US) | REMOTE | $138k-$172k Sundial Labs is hiring a Senior Analytics Engineer. You will build and ship production systems with a small, friendly team. Tech stack: LangChain, RAG, Python, SQL, Snowflake, Microservices, BigQuery. We offer flexible hours, learning budget and a transparent hiring process.",2026-09-06T05:41:41+00:00
a5dced0cba62ef62,demo,Senior Data Scientist,Pixelforge,"Amsterdam, Netherlands",False,Senior,132000.0,170000.0,USD,SQL; NumPy; scikit-learn; MySQL; Elasticsearch; Machine Learning; RAG,2026-09-12,https://example.com/jobs/demo-w4-0,"Pixelforge | Senior Data Scientist | Amsterdam, Netherlands | HYBRID | $132k-$170k Pixelforge is hiring a Senior Data Scientist. You will build and ship production systems with a small, friendly team. Tech stack: NumPy, Elasticsearch, scikit-learn, MySQL, RAG, SQL, Machine Learning. We offer flexible hours, learning budget and a transparent hiring process.",2026-09-13T05:41:41+00:00
cd03ffeae62957e7,demo,Senior Backend Engineer,Fjord Software,"Toronto, Canada",False,Senior,138000.0,171000.0,USD,Python; Hadoop; Redis; LangChain,2026-09-08,https://example.com/jobs/demo-w4-1,"Fjord Software | Senior Backend Engineer | Toronto, Canada | HYBRID | $138k-$171k Fjord Software is hiring a Senior Backend Engineer. You will build and ship production systems with a small, friendly team. Tech stack: LangChain, Python, Hadoop, Redis. We offer flexible hours, learning budget and a transparent hiring process.",2026-09-13T05:41:41+00:00
7f6e6045ac85866c,demo,Analytics Engineer,Aurora Cloud,Singapore,False,,88000.0,122000.0,USD,Python; dbt; Snowflake; BigQuery; LangChain; RAG; Selenium,2026-09-07,https://example.com/jobs/demo-w4-2,"Aurora Cloud | Analytics Engineer | Singapore | ONSITE | $88k-$122k Aurora Cloud is hiring a Analytics Engineer. You will build and ship production systems with a small, friendly team. Tech stack: Selenium, LangChain, RAG, Snowflake, dbt, Python, BigQuery. We offer flexible hours, learning budget and a transparent hiring process.",2026-09-13T05:41:41+00:00
140e04eda1191de4,demo,Senior Data Engineer,Aurora Cloud,Remote,True,Senior,126000.0,169000.0,USD,Python; SQL; dbt; Snowflake; Elasticsearch; AWS,2026-09-10,https://example.com/jobs/demo-w4-3,"Aurora Cloud | Senior Data Engineer | Remote | REMOTE | $126k-$169k Aurora Cloud is hiring a Senior Data Engineer. You will build and ship production systems with a small, friendly team. Tech stack: Elasticsearch, Python, SQL, AWS, Snowflake, dbt. We offer flexible hours, learning budget and a transparent hiring process.",2026-09-13T05:41:41+00:00
f9cb79733a0f6b00,demo,Junior Analytics Engineer,Neonbyte,"Berlin, Germany",False,Junior,76000.0,103000.0,USD,Python; Microservices; dbt; Snowflake; Looker; Selenium,2026-09-08,https://example.com/jobs/demo-w4-4,"Neonbyte | Junior Analytics Engineer | Berlin, Germany | ONSITE | $76k-$103k Neonbyte is hiring a Junior Analytics Engineer. You will build and ship production systems with a small, friendly team. Tech stack: Snowflake, dbt, Selenium, Python, Looker, Microservices. We offer flexible hours, learning budget and a transparent hiring process.",2026-09-13T05:41:41+00:00
9907b64b54f37a01,demo,Senior Data Engineer,Cobalt & Co,"New York, NY",False,Senior,128000.0,167000.0,USD,Python; SQL; dbt; AWS; LangChain; Generative AI,2026-09-12,https://example.com/jobs/demo-w4-5,"Cobalt & Co | Senior Data Engineer | New York, NY | HYBRID | $128k-$167k Cobalt & Co is hiring a Senior Data Engineer. You will build and ship production systems with a small, friendly team. Tech stack: LangChain, Generative AI, AWS, dbt, Python, SQL. We offer flexible hours, learning budget and a transparent hiring process.",2026-09-13T05:41:41+00:00
9ff5f8d09b0b7cf9,demo,Lead Full Stack Developer,Sundial Labs,"London, UK",False,Lead,160000.0,203000.0,USD,TypeScript; React; PostgreSQL; Git,2026-09-11,https://example.com/jobs/demo-w4-6,"Sundial Labs | Lead Full Stack Developer | London, UK | HYBRID | $160k-$203k Sundial Labs is hiring a Lead Full Stack Developer. You will build and ship production systems with a small, friendly team. Tech stack: PostgreSQL, Git, React, TypeScript. We offer flexible hours, learning budget and a transparent hiring process.",2026-09-13T05:41:41+00:00
88963c9f371f4f0b,demo,Senior Backend Engineer,Quantix,Singapore,False,Senior,128000.0,168000.0,USD,Django; REST API; Redis; AWS; Docker; Web Scraping,2026-09-08,https://example.com/jobs/demo-w4-7,"Quantix | Senior Backend Engineer | Singapore | HYBRID | $128k-$168k Quantix is hiring a Senior Backend Engineer. You will build and ship production systems with a small, friendly team. Tech stack: Web Scraping, REST API, Redis, Django, AWS, Docker. We offer flexible hours, learning budget and a transparent hiring process.",2026-09-13T05:41:41+00:00
ac5d86ddfd8d9279,demo,Senior AI Engineer,Verdant AI,"Lisbon, Portugal",False,Senior,127000.0,168000.0,USD,FastAPI; Git; LLM; Generative AI,2026-09-09,https://example.com/jobs/demo-w4-8,"Verdant AI | Senior AI Engineer | Lisbon, Portugal | ONSITE | $127k-$168k Verdant AI is hiring a Senior AI Engineer. You will build and ship production systems with a small, friendly team. Tech stack: FastAPI, Git, Generative AI, LLM. We offer flexible hours, learning budget and a transparent hiring process.",2026-09-13T05:41:41+00:00
fa9c1b385be3357c,demo,Backend Engineer,Lumen Analytics,"Bangalore, India",False,,99000.0,137000.0,USD,Python; Django; REST API; PostgreSQL; CI/CD,2026-09-09,https://example.com/jobs/demo-w4-9,"Lumen Analytics | Backend Engineer | Bangalore, India | HYBRID | $99k-$137k Lumen Analytics is hiring a Backend Engineer. You will build and ship production systems with a small, friendly team. Tech stack: REST API, Django, Python, CI/CD, PostgreSQL. We offer flexible hours, learning budget and a transparent hiring process.",2026-09-13T05:41:41+00:00
64cee8a3bbdacff4,demo,AI Engineer,Fjord Software,"Toronto, Canada",False,,91000.0,128000.0,USD,Python; PHP; MySQL; MongoDB; LLM; Generative AI; RAG,2026-09-09,https://example.com/jobs/demo-w4-10,"Fjord Software | AI Engineer | Toronto, Canada | ONSITE | $91k-$128k Fjord Software is hiring a AI Engineer. You will build and ship production systems with a small, friendly team. Tech stack: Generative AI, MySQL, PHP, RAG, MongoDB, LLM, Python. We offer flexible hours, learning budget and a transparent hiring process.",2026-09-13T05:41:41+00:00
ceeb69d5175ee45b,demo,Lead Frontend Engineer,Polaris Health,Remote (EU),True,Lead,155000.0,205000.0,USD,JavaScript; TypeScript; Tailwind CSS; GraphQL,2026-09-11,https://example.com/jobs/demo-w4-11,"Polaris Health | Lead Frontend Engineer | Remote (EU) | REMOTE | $155k-$205k Polaris Health is hiring a Lead Frontend Engineer. You will build and ship production systems with a small, friendly team. Tech stack: Tailwind CSS, GraphQL, JavaScript, TypeScript. We offer flexible hours, learning budget and a transparent hiring process.",2026-09-13T05:41:41+00:00
94773595aeb20579,demo,Senior Data Engineer,Nimbus Labs,"London, UK",False,Senior,124000.0,168000.0,USD,Python; Kafka; dbt; Snowflake; AWS; LangChain,2026-09-08,https://example.com/jobs/demo-w4-12,"Nimbus Labs | Senior Data Engineer | London, UK | HYBRID | $124k-$168k Nimbus Labs is hiring a Senior Data Engineer. You will build and ship production systems with a small, friendly team. Tech stack: AWS, LangChain, Snowflake, dbt, Python, Kafka. We offer flexible hours, learning budget and a transparent hiring process.",2026-09-13T05:41:41+00:00
4464236c0f15efb3,demo,Data Engineer,Mintleaf,Remote,True,,89000.0,127000.0,USD,Python; SQL; Spark; Kafka; Airflow; Elasticsearch; LangChain,2026-09-09,https://example.com/jobs/demo-w4-13,"Mintleaf | Data Engineer | Remote | REMOTE | $89k-$127k Mintleaf is hiring a Data Engineer. You will build and ship production systems with a small, friendly team. Tech stack: LangChain, SQL, Spark, Kafka, Python, Airflow, Elasticsearch. We offer flexible hours, learning budget and a transparent hiring process.",2026-09-13T05:41:41+00:00
796ecf96a3c25a8b,demo,Frontend Engineer,Brightwave,"Toronto, Canada",False,,100000.0,140000.0,USD,JavaScript; Tailwind CSS; Microservices; RAG; Selenium,2026-09-09,https://example.com/jobs/demo-w4-14,"Brightwave | Frontend Engineer | Toronto, Canada | HYBRID | $100k-$140k Brightwave is hiring a Frontend Engineer. You will build and ship production systems with a small, friendly team. Tech stack: Selenium, RAG, Tailwind CSS, Microservices, JavaScript. We offer flexible hours, learning budget and a transparent hiring process.",2026-09-13T05:41:41+00:00
c2f407fc43d6dadd,demo,Junior Machine Learning Engineer,Lumen Analytics,Singapore,False,Junior,74000.0,97000.0,USD,Python; PyTorch; Elasticsearch; Docker; CI/CD; Machine Learning; RAG,2026-09-12,https://example.com/jobs/demo-w4-15,"Lumen Analytics | Junior Machine Learning Engineer | Singapore | HYBRID | $74k-$97k Lumen Analytics is hiring a Junior Machine Learning Engineer. You will build and ship production systems with a small, friendly team. Tech stack: Docker, CI/CD, Elasticsearch, RAG, Python, PyTorch. We offer flexible hours, learning budget and a transparent hiring process.",2026-09-13T05:41:41+00:00
4f501d7f0b1ffe56,demo,Senior Data Engineer,Pixelforge,"Toronto, Canada",False,Senior,124000.0,187000.0,USD,SQL; Kafka; dbt; AWS; LLM,2026-09-13,https://example.com/jobs/demo-w4-16,"Pixelforge | Senior Data Engineer | Toronto, Canada | HYBRID | $124k-$187k Pixelforge is hiring a Senior Data Engineer. You will build and ship production systems with a small, friendly team. Tech stack: Kafka, SQL, LLM, dbt, AWS. We offer flexible hours, learning budget and a transparent hiring process.",2026-09-13T05:41:41+00:00
892c10bcaedddd8e,demo,Lead Full Stack Developer,Nimbus Labs,"London, UK",False,Lead,165000.0,207000.0,USD,React; Microservices; PostgreSQL; MySQL; Docker; Generative AI,2026-09-08,https://example.com/jobs/demo-w4-17,"Nimbus Labs | Lead Full Stack Developer | London, UK | HYBRID | $165k-$207k Nimbus Labs is hiring a Lead Full Stack Developer. You will build and ship production systems with a small, friendly team. Tech stack: Docker, React, Microservices, Generative AI, MySQL, PostgreSQL. We offer flexible hours, learning budget and a transparent hiring process.",2026-09-13T05:41:41+00:00
9910fe422caa3f98,demo,Frontend Engineer,Polaris Health,"Toronto, Canada",False,,91000.0,136000.0,USD,JavaScript; TypeScript; Next.js; Tailwind CSS; GraphQL; Git,2026-09-07,https://example.com/jobs/demo-w4-18,"Polaris Health | Frontend Engineer | Toronto, Canada | HYBRID | $91k-$136k Polaris Health is hiring a Frontend Engineer. You will build and ship production systems with a small, friendly team. Tech stack: TypeScript, GraphQL, Next.js, Git, Tailwind CSS, JavaScript. We offer flexible hours, learning budget and a transparent hiring process.",2026-09-13T05:41:41+00:00
d6d00adfe53d1797,demo,Data Scientist,Skyline Robotics,"Bangalore, India",False,,93000.0,122000.0,USD,PHP; Pandas; NumPy; Machine Learning; RAG; Web Scraping,2026-09-12,https://example.com/jobs/demo-w4-19,"Skyline Robotics | Data Scientist | Bangalore, India | HYBRID | $93k-$122k Skyline Robotics is hiring a Data Scientist. You will build and ship production systems with a small, friendly team. Tech stack: Pandas, NumPy, PHP, Machine Learning, Web Scraping, RAG. We offer flexible hours, learning budget and a transparent hiring process.",2026-09-13T05:41:41+00:00
e83bf19e8703d3b4,demo,Data Engineer,Helio Systems,"New York, NY",False,,93000.0,132000.0,USD,jQuery; Spark; Airflow; MongoDB; Selenium,2026-09-12,https://example.com/jobs/demo-w4-20,"Helio Systems | Data Engineer | New York, NY | ONSITE | $93k-$132k Helio Systems is hiring a Data Engineer. You will build and ship production systems with a small, friendly team. Tech stack: MongoDB, jQuery, Spark, Selenium, Airflow. We offer flexible hours, learning budget and a transparent hiring process.",2026-09-13T05:41:41+00:00
c615bce261f4518c,demo,Senior Frontend Engineer,Aurora Cloud,"New York, NY",False,Senior,130000.0,185000.0,USD,JavaScript; TypeScript; Next.js; Tailwind CSS; GraphQL; Git,2026-09-09,https://example.com/jobs/demo-w4-21,"Aurora Cloud | Senior Frontend Engineer | New York, NY | ONSITE | $130k-$185k Aurora Cloud is hiring a Senior Frontend Engineer. You will build and ship production systems with a small, friendly team. Tech stack: Next.js, Tailwind CSS, TypeScript, GraphQL, JavaScript, Git. We offer flexible hours, learning budget and a transparent hiring process.",2026-09-13T05:41:41+00:00
05895f880e76803b,demo,Senior Systems Engineer,Sundial Labs,"San Francisco, CA",False,Senior,133000.0,174000.0,USD,jQuery; Microservices; Elasticsearch; Linux; Generative AI; RAG,2026-09-09,https://example.com/jobs/demo-w4-22,"Sundial Labs | Senior Systems Engineer | San Francisco, CA | HYBRID | $133k-$174k Sundial Labs is hiring a Senior Systems Engineer. You will build and ship production systems with a small, friendly team. Tech stack: Microservices, Linux, RAG, jQuery, Elasticsearch, Generative AI. We offer flexible hours, learning budget and a transparent hiring process.",2026-09-13T05:41:41+00:00
0e134750a23782b3,demo,Senior DevOps Engineer,Lumen Analytics,"London, UK",False,Senior,134000.0,180000.0,USD,jQuery; Docker; Kubernetes; Git,2026-09-08,https://example.com/jobs/demo-w4-23,"Lumen Analytics | Senior DevOps Engineer | London, UK | ONSITE | $134k-$180k Lumen Analytics is hiring a Senior DevOps Engineer. You will build and ship production systems with a small, friendly team. Tech stack: Kubernetes, Git, jQuery, Docker. We offer flexible hours, learning budget and a transparent hiring process.",2026-09-13T05:41:41+00:00
019f189b30e908cd,demo,Junior Full Stack Developer,Cobalt & Co,"Toronto, Canada",False,Junior,66000.0,100000.0,USD,TypeScript; Node.js; PostgreSQL; Docker; Selenium,2026-09-11,https://example.com/jobs/demo-w4-24,"Cobalt & Co | Junior Full Stack Developer | Toronto, Canada | ONSITE | $66k-$100k Cobalt & Co is hiring a Junior Full Stack Developer. You will build and ship production systems with a small, friendly team. Tech stack: Docker, PostgreSQL, Node.js, Selenium, TypeScript. We offer flexible hours, learning budget and a transparent hiring process.",2026-09-13T05:41:41+00:00
c43861cee9cb2ab0,demo,Junior Machine Learning Engineer,Kestrel Works,Singapore,False,Junior,71000.0,97000.0,USD,AWS; Kubernetes; Git; Machine Learning; MLOps,2026-09-09,https://example.com/jobs/demo-w4-25,"Kestrel Works | Junior Machine Learning Engineer | Singapore | ONSITE | $71k-$97k Kestrel Works is hiring a Junior Machine Learning Engineer. You will build and ship production systems with a small, friendly team. Tech stack: MLOps, Git, AWS, Kubernetes. We offer flexible hours, learning budget and a transparent hiring process.",2026-09-13T05:41:41+00:00
650771f3ffed4058,demo,Senior Systems Engineer,Kestrel Works,Remote (EU),True,Senior,128000.0,185000.0,USD,C++; Rust; Kubernetes; Web Scraping,2026-09-11,https://example.com/jobs/demo-w4-26,"Kestrel Works | Senior Systems Engineer | Remote (EU) | REMOTE | $128k-$185k Kestrel Works is hiring a Senior Systems Engineer. You will build and ship production systems with a small, friendly team. Tech stack: C++, Web Scraping, Rust, Kubernetes. We offer flexible hours, learning budget and a transparent hiring process.",2026-09-13T05:41:41+00:00
057ce8e5a4e7c93d,demo,Frontend Engineer,Quantix,"Lisbon, Portugal",False,,103000.0,139000.0,USD,TypeScript; React; Tailwind CSS; GraphQL; Generative AI; RAG,2026-09-08,https://example.com/jobs/demo-w4-27,"Quantix | Frontend Engineer | Lisbon, Portugal | ONSITE | $103k-$139k Quantix is hiring a Frontend Engineer. You will build and ship production systems with a small, friendly team. Tech stack: Generative AI, TypeScript, Tailwind CSS, React, GraphQL, RAG. We offer flexible hours, learning budget and a transparent hiring process.",2026-09-13T05:41:41+00:00
d304ecb3229ceb10,demo,Systems Engineer,Neonbyte,"Berlin, Germany",False,,101000.0,126000.0,USD,C++; Go; Rust; PHP; MongoDB; Kubernetes,2026-09-12,https://example.com/jobs/demo-w4-28,"Neonbyte | Systems Engineer | Berlin, Germany | ONSITE | $101k-$126k Neonbyte is hiring a Systems Engineer. You will build and ship production systems with a small, friendly team. Tech stack: Kubernetes, Go, C++, PHP, MongoDB, Rust. We offer flexible hours, learning budget and a transparent hiring process.",2026-09-13T05:41:41+00:00
0e440c863d671a13,demo,Senior Backend Engineer,Fjord Software,Remote,True,Senior,126000.0,180000.0,USD,Python; Redis; Docker; LLM; RAG,2026-09-08,https://example.com/jobs/demo-w4-29,"Fjord Software | Senior Backend Engineer | Remote | REMOTE | $126k-$180k Fjord Software is hiring a Senior Backend Engineer. You will build and ship production systems with a small, friendly team. Tech stack: RAG, Redis, Python, LLM, Docker. We offer flexible hours, learning budget and a transparent hiring process.",2026-09-13T05:41:41+00:00
6df520aef3fd2edb,demo,Systems Engineer,Sundial Labs,"New York, NY",False,,91000.0,133000.0,USD,C++; Go; Elasticsearch; Linux,2026-09-09,https://example.com/jobs/demo-w4-30,"Sundial Labs | Systems Engineer | New York, NY | HYBRID | $91k-$133k Sundial Labs is hiring a Systems Engineer. You will build and ship production systems with a small, friendly team. Tech stack: Go, C++, Linux, Elasticsearch. We offer flexible hours, learning budget and a transparent hiring process.",2026-09-13T05:41:41+00:00
df948c83e4b8a26c,demo,AI Engineer,Fjord Software,Remote (US),True,,98000.0,127000.0,USD,Python; FastAPI; CI/CD; Generative AI; RAG; Hugging Face,2026-09-07,https://example.com/jobs/demo-w4-31,"Fjord Software | AI Engineer | Remote (US) | REMOTE | $98k-$127k Fjord Software is hiring a AI Engineer. You will build and ship production systems with a small, friendly team. Tech stack: CI/CD, Python, RAG, Generative AI, FastAPI, Hugging Face. We offer flexible hours, learning budget and a transparent hiring process.",2026-09-13T05:41:41+00:00
4ef4f8cb30caaa40,demo,Lead Analytics Engineer,Pixelforge,"Toronto, Canada",False,Lead,166000.0,209000.0,USD,Python; SQL; dbt; Snowflake; Looker; Git; Selenium,2026-09-11,https://example.com/jobs/demo-w4-32,"Pixelforge | Lead Analytics Engineer | Toronto, Canada | ONSITE | $166k-$209k Pixelforge is hiring a Lead Analytics Engineer. You will build and ship production systems with a small, friendly team. Tech stack: Git, Snowflake, dbt, Looker, SQL, Selenium, Python. We offer flexible hours, learning budget and a transparent hiring process.",2026-09-13T05:41:41+00:00
08e9d88fa360f281,demo,Junior Systems Engineer,Lumen Analytics,"Toronto, Canada",False,Junior,62000.0,98000.0,USD,C++; Elasticsearch; Kubernetes; Linux; RAG,2026-09-12,https://example.com/jobs/demo-w4-33,"Lumen Analytics | Junior Systems Engineer | Toronto, Canada | ONSITE | $62k-$98k Lumen Analytics is hiring a Junior Systems Engineer. You will build and ship production systems with a small, friendly team. Tech stack: Kubernetes, C++, Linux, RAG, Elasticsearch. We offer flexible hours, learning budget and a transparent hiring process.",2026-09-13T05:41:41+00:00
86da03a972cdb496,demo,Senior Full Stack Developer,Skyline Robotics,"Austin, TX",False,Senior,130000.0,183000.0,USD,TypeScript; React; Node.js; PostgreSQL; Docker; Selenium,2026-09-07,https://example.com/jobs/demo-w4-34,"Skyline Robotics | Senior Full Stack Developer | Austin, TX | HYBRID | $130k-$183k Skyline Robotics is hiring a Senior Full Stack Developer. You will build and ship production systems with a small, friendly team. Tech stack: Node.js, PostgreSQL, React, TypeScript, Docker, Selenium. We offer flexible hours, learning budget and a transparent hiring process.",2026-09-13T05:41:41+00:00
6b1fc4ef616c2b1a,demo,Lead Data Engineer,Sundial Labs,"San Francisco, CA",False,Lead,160000.0,218000.0,USD,Python; SQL; Airflow; Snowflake; LLM,2026-09-12,https://example.com/jobs/demo-w4-35,"Sundial Labs | Lead Data Engineer | San Francisco, CA | HYBRID | $160k-$218k Sundial Labs is hiring a Lead Data Engineer. You will build and ship production systems with a small, friendly team. Tech stack: Airflow, LLM, SQL, Snowflake, Python. We offer flexible hours, learning budget and a transparent hiring process.",2026-09-13T05:41:41+00:00
7c7241fa995bc827,demo,Senior DevOps Engineer,Sundial Labs,"San Francisco, CA",False,Senior,132000.0,172000.0,USD,Docker; Terraform; Ansible; Linux; Prometheus; Generative AI; Selenium,2026-09-07,https://example.com/jobs/demo-w4-36,"Sundial Labs | Senior DevOps Engineer | San Francisco, CA | ONSITE | $132k-$172k Sundial Labs is hiring a Senior DevOps Engineer. You will build and ship production systems with a small, friendly team. Tech stack: Terraform, Docker, Prometheus, Linux, Selenium, Generative AI, Ansible. We offer flexible hours, learning budget and a transparent hiring process.",2026-09-13T05:41:41+00:00
eaa0134d9eb1382f,demo,Senior AI Engineer,Mintleaf,"San Francisco, CA",False,Senior,138000.0,181000.0,USD,FastAPI; Microservices; Generative AI; RAG; Hugging Face,2026-09-11,https://example.com/jobs/demo-w4-37,"Mintleaf | Senior AI Engineer | San Francisco, CA | ONSITE | $138k-$181k Mintleaf is hiring a Senior AI Engineer. You will build and ship production systems with a small, friendly team. Tech stack: Hugging Face, RAG, Microservices, FastAPI, Generative AI. We offer flexible hours, learning budget and a transparent hiring process.",2026-09-13T05:41:41+00:00
8002b33f00c0a626,demo,Senior DevOps Engineer,Pixelforge,"Austin, TX",False,Senior,123000.0,173000.0,USD,AWS; Docker; Kubernetes; Terraform; Prometheus; LangChain,2026-09-12,https://example.com/jobs/demo-w4-38,"Pixelforge | Senior DevOps Engineer | Austin, TX | ONSITE | $123k-$173k Pixelforge is hiring a Senior DevOps Engineer. You will build and ship production systems with a small, friendly team. Tech stack: Prometheus, Terraform, LangChain, AWS, Kubernetes, Docker. We offer flexible hours, learning budget and a transparent hiring process.",2026-09-13T05:41:41+00:00
51f64968db2d350a,demo,Senior AI Engineer,Helio Systems,"Berlin, Germany",False,Senior,132000.0,184000.0,USD,Python; FastAPI; CI/CD; LLM; LangChain; Generative AI; Selenium,2026-09-09,https://example.com/jobs/demo-w4-39,"Helio Systems | Senior AI Engineer | Berlin, Germany | ONSITE | $132k-$184k Helio Systems is hiring a Senior AI Engineer. You will build and ship production systems with a small, friendly team. Tech stack: CI/CD, LLM, Generative AI, LangChain, FastAPI, Python, Selenium. We offer flexible hours, learning budget and a transparent hiring process.",2026-09-13T05:41:41+00:00
4a4b0cca98858f7c,demo,Senior DevOps Engineer,Pixelforge,"Lisbon, Portugal",False,Senior,132000.0,186000.0,USD,Microservices; Docker; Terraform; Ansible; Prometheus; Web Scraping,2026-09-07,https://example.com/jobs/demo-w4-40,"Pixelforge | Senior DevOps Engineer | Lisbon, Portugal | HYBRID | $132k-$186k Pixelforge is hiring a Senior DevOps Engineer. You will build and ship production systems with a small, friendly team. Tech stack: Prometheus, Ansible, Web Scraping, Microservices, Terraform, Docker. We offer flexible hours, learning budget and a transparent hiring process.",2026-09-13T05:41:41+00:00
32f7ec197aea1a64,demo,Senior Backend Engineer,Aurora Cloud,"Toronto, Canada",False,Senior,122000.0,170000.0,USD,REST API; PostgreSQL; Git; Generative AI,2026-09-11,https://example.com/jobs/demo-w4-41,"Aurora Cloud | Senior Backend Engineer | Toronto, Canada | HYBRID | $122k-$170k Aurora Cloud is hiring a Senior Backend Engineer. You will build and ship production systems with a small, friendly team. Tech stack: REST API, Git, Generative AI, PostgreSQL. We offer flexible hours, learning budget and a transparent hiring process.",2026-09-13T05:41:41+00:00
432e259788dd6610,demo,Junior Machine Learning Engineer,Nimbus Labs,Singapore,False,Junior,71000.0,92000.0,USD,Hadoop; Kubernetes; Machine Learning; LLM; MLOps; Selenium,2026-09-13,https://example.com/jobs/demo-w4-42,"Nimbus Labs | Junior Machine Learning Engineer | Singapore | ONSITE | $71k-$92k Nimbus Labs is hiring a Junior Machine Learning Engineer. You will build and ship production systems with a small, friendly team. Tech stack: Selenium, MLOps, Hadoop, LLM, Kubernetes. We offer flexible hours, learning budget and a transparent hiring process.",2026-09-13T05:41:41+00:00
688147c319851099,demo,Junior Full Stack Developer,Quantix,Remote (EU),True,Junior,67000.0,107000.0,USD,TypeScript; jQuery; PostgreSQL; MongoDB; LangChain,2026-09-12,https://example.com/jobs/demo-w4-43,"Quantix | Junior Full Stack Developer | Remote (EU) | REMOTE | $67k-$107k Quantix is hiring a Junior Full Stack Developer. You will build and ship production systems with a small, friendly team. Tech stack: TypeScript, LangChain, jQuery, PostgreSQL, MongoDB. We offer flexible hours, learning budget and a transparent hiring process.",2026-09-13T05:41:41+00:00
b77f54b233ae2ce5,demo,Senior Systems Engineer,Orbitly,Singapore,False,Senior,129000.0,171000.0,USD,C++; jQuery; MySQL; Elasticsearch; Linux,2026-09-08,https://example.com/jobs/demo-w4-44,"Orbitly | Senior Systems Engineer | Singapore | ONSITE | $129k-$171k Orbitly is hiring a Senior Systems Engineer. You will build and ship production systems with a small, friendly team. Tech stack: C++, jQuery, Linux, MySQL, Elasticsearch. We offer flexible hours, learning budget and a transparent hiring process.",2026-09-13T05:41:41+00:00
cdbcb73d6bb59694,demo,Analytics Engineer,Neonbyte,"Bangalore, India",False,,98000.0,141000.0,USD,PHP; SQL; dbt; Snowflake; CI/CD; RAG; Web Scraping,2026-09-10,https://example.com/jobs/demo-w4-45,"Neonbyte | Analytics Engineer | Bangalore, India | HYBRID | $98k-$141k Neonbyte is hiring a Analytics Engineer. You will build and ship production systems with a small, friendly team. Tech stack: Snowflake, SQL, PHP, CI/CD, dbt, RAG, Web Scraping. We offer flexible hours, learning budget and a transparent hiring process.",2026-09-13T05:41:41+00:00
279cd792220a6344,demo,Senior Data Engineer,Tidewater Data,Remote (EU),True,Senior,128000.0,170000.0,USD,SQL; Kafka; dbt; Snowflake; AWS; Selenium,2026-09-07,https://example.com/jobs/demo-w4-46,"Tidewater Data | Senior Data Engineer | Remote (EU) | REMOTE | $128k-$170k Tidewater Data is hiring a Senior Data Engineer. You will build and ship production systems with a small, friendly team. Tech stack: SQL, dbt, Selenium, Snowflake, AWS, Kafka. We offer flexible hours, learning budget and a transparent hiring process.",2026-09-13T05:41:41+00:00
ee0b4390b3846d15,demo,Junior Data Engineer,Aurora Cloud,"Bangalore, India",False,Junior,63000.0,105000.0,USD,Airflow; dbt; Snowflake; MySQL,2026-09-09,https://example.com/jobs/demo-w4-47,"Aurora Cloud | Junior Data Engineer | Bangalore, India | ONSITE | $63k-$105k Aurora Cloud is hiring a Junior Data Engineer. You will build and ship production systems with a small, friendly team. Tech stack: Snowflake, MySQL, dbt, Airflow. We offer flexible hours, learning budget and a transparent hiring process.",2026-09-13T05:41:41+00:00
cb923484925d20d1,demo,DevOps Engineer,Neonbyte,Remote,True,,91000.0,124000.0,USD,AWS; Docker; Generative AI; Web Scraping,2026-09-09,https://example.com/jobs/demo-w4-48,"Neonbyte | DevOps Engineer | Remote | REMOTE | $91k-$124k Neonbyte is hiring a DevOps Engineer. You will build and ship production systems with a small, friendly team. Tech stack: AWS, Generative AI, Web Scraping, Docker. We offer flexible hours, learning budget and a transparent hiring process.",2026-09-13T05:41:41+00:00
8e73c19b5ff8642b,demo,Lead Data Scientist,Mintleaf,"Lisbon, Portugal",False,Lead,167000.0,217000.0,USD,Python; Pandas; Machine Learning; RAG; Web Scraping,2026-09-10,https://example.com/jobs/demo-w4-49,"Mintleaf | Lead Data Scientist | Lisbon, Portugal | HYBRID | $167k-$217k Mintleaf is hiring a Lead Data Scientist. You will build and ship production systems with a small, friendly team. Tech stack: Pandas, Web Scraping, Machine Learning, Python, RAG. We offer flexible hours, learning budget and a transparent hiring process.",2026-09-13T05:41:41+00:00
643eede8e167967e,demo,Machine Learning Engineer,Sundial Labs,"Amsterdam, Netherlands",False,,102000.0,138000.0,USD,Python; PHP; TensorFlow; Elasticsearch; AWS; Kubernetes; Machine Learning,2026-09-08,https://example.com/jobs/demo-w4-50,"Sundial Labs | Machine Learning Engineer | Amsterdam, Netherlands | ONSITE | $102k-$138k Sundial Labs is hiring a Machine Learning Engineer. You will build and ship production systems with a small, friendly team. Tech stack: PHP, Elasticsearch, AWS, Kubernetes, Python, TensorFlow. We offer flexible hours, learning budget and a transparent hiring process.",2026-09-13T05:41:41+00:00
f5dd65dec978336c,demo,Senior Frontend Engineer,Helio Systems,"London, UK",False,Senior,126000.0,180000.0,USD,JavaScript; PHP; React; Web Scraping,2026-09-11,https://example.com/jobs/demo-w4-51,"Helio Systems | Senior Frontend Engineer | London, UK | HYBRID | $126k-$180k Helio Systems is hiring a Senior Frontend Engineer. You will build and ship production systems with a small, friendly team. Tech stack: Web Scraping, React, PHP, JavaScript. We offer flexible hours, learning budget and a transparent hiring process.",2026-09-13T05:41:41+00:00
ff03427a66193ebb,demo,Full Stack Developer,Skyline Robotics,Remote (US),True,,93000.0,132000.0,USD,Node.js; GraphQL; MySQL; CI/CD,2026-09-11,https://example.com/jobs/demo-w4-52,"Skyline Robotics | Full Stack Developer | Remote (US) | REMOTE | $93k-$132k Skyline Robotics is hiring a Full Stack Developer. You will build and ship production systems with a small, friendly team. Tech stack: GraphQL, MySQL, Node.js, CI/CD. We offer flexible hours, learning budget and a transparent hiring process.",2026-09-13T05:41:41+00:00
276340c5a301c308,demo,Senior Full Stack Developer,Tidewater Data,"Austin, TX",False,Senior,129000.0,182000.0,USD,PHP; Node.js; PostgreSQL; Docker; RAG,2026-09-10,https://example.com/jobs/demo-w4-53,"Tidewater Data | Senior Full Stack Developer | Austin, TX | HYBRID | $129k-$182k Tidewater Data is hiring a Senior Full Stack Developer. You will build and ship production systems with a small, friendly team. Tech stack: Node.js, PostgreSQL, Docker, RAG, PHP. We offer flexible hours, learning budget and a transparent hiring process.",2026-09-13T05:41:41+00:00
fd35227c9615f121,demo,Senior Machine Learning Engineer,Polaris Health,"Bangalore, India",False,Senior,132000.0,174000.0,USD,Python; AWS; Docker; Git; Machine Learning; MLOps; Web Scraping,2026-09-09,https://example.com/jobs/demo-w4-54,"Polaris Health | Senior Machine Learning Engineer | Bangalore, India | ONSITE | $132k-$174k Polaris Health is hiring a Senior Machine Learning Engineer. You will build and ship production systems with a small, friendly team. Tech stack: Git, MLOps, Docker, Web Scraping, AWS, Python. We offer flexible hours, learning budget and a transparent hiring process.",2026-09-13T05:41:41+00:00
7ff2b04c711f2c68,demo,Senior Full Stack Developer,Sundial Labs,Remote,True,Senior,128000.0,172000.0,USD,TypeScript; PHP; React; Node.js; PostgreSQL; Docker; Web Scraping,2026-09-20,https://example.com/jobs/demo-w5-0,"Sundial Labs | Senior Full Stack Developer | Remote | REMOTE | $128k-$172k Sundial Labs is hiring a Senior Full Stack Developer. You will build and ship production systems with a small, friendly team. Tech stack: TypeScript, React, Docker, Node.js, Web Scraping, PHP, PostgreSQL. We offer flexible hours, learning budget and a transparent hiring process.",2026-09-20T05:41:41+00:00
d07a5a5f2129a644,demo,Senior Data Engineer,Pixelforge,"London, UK",False,Senior,132000.0,181000.0,USD,Kafka; Airflow; dbt; Web Scraping,2026-09-16,https://example.com/jobs/demo-w5-1,"Pixelforge | Senior Data Engineer | London, UK | ONSITE | $132k-$181k Pixelforge is hiring a Senior Data Engineer. You will build and ship production systems with a small, friendly team. Tech stack: Kafka, dbt, Web Scraping, Airflow. We offer flexible hours, learning budget and a transparent hiring process.",2026-09-20T05:41:41+00:00
662a170e1b51514c,demo,Senior Data Engineer,Orbitly,"New York, NY",False,Senior,137000.0,178000.0,USD,Python; PHP; SQL; Spark; Hadoop; Airflow; AWS,2026-09-19,https://example.com/jobs/demo-w5-2,"Orbitly | Senior Data Engineer | New York, NY | ONSITE | $137k-$178k Orbitly is hiring a Senior Data Engineer. You will build and ship production systems with a small, friendly team. Tech stack: Python, PHP, Spark, AWS, SQL, Airflow, Hadoop. We offer flexible hours, learning budget and a transparent hiring process.",2026-09-20T05:41:41+00:00
7d1246bd0cd9a29b,demo,DevOps Engineer,Fjord Software,"Bangalore, India",False,,87000.0,129000.0,USD,AWS; Ansible; Linux; LLM,2026-09-18,https://example.com/jobs/demo-w5-3,"Fjord Software | DevOps Engineer | Bangalore, India | ONSITE | $87k-$129k Fjord Software is hiring a DevOps Engineer. You will build and ship production systems with a small, friendly team. Tech stack: Ansible, AWS, LLM, Linux. We offer flexible hours, learning budget and a transparent hiring process.",2026-09-20T05:41:41+00:00
8e877c6253522dc5,demo,Senior Data Engineer,Aurora Cloud,Singapore,False,Senior,132000.0,185000.0,USD,SQL; Spark; Kafka; LangChain; Web Scraping,2026-09-16,https://example.com/jobs/demo-w5-4,"Aurora Cloud | Senior Data Engineer | Singapore | ONSITE | $132k-$185k Aurora Cloud is hiring a Senior Data Engineer. You will build and ship production systems with a small, friendly team. Tech stack: Web Scraping, SQL, Spark, Kafka, LangChain. We offer flexible hours, learning budget and a transparent hiring process.",2026-09-20T05:41:41+00:00
1cc3a2498bac6cc3,demo,Senior Systems Engineer,Cobalt & Co,Remote (US),True,Senior,128000.0,170000.0,USD,Go; Rust; jQuery; Generative AI,2026-09-20,https://example.com/jobs/demo-w5-5,"Cobalt & Co | Senior Systems Engineer | Remote (US) | REMOTE | $128k-$170k Cobalt & Co is hiring a Senior Systems Engineer. You will build and ship production systems with a small, friendly team. Tech stack: Rust, Generative AI, Go, jQuery. We offer flexible hours, learning budget and a transparent hiring process.",2026-09-20T05:41:41+00:00
8b5f6eb88f2f8736,demo,Analytics Engineer,Cobalt & Co,"Toronto, Canada",False,,95000.0,124000.0,USD,jQuery; Snowflake; Looker; LangChain; Web Scraping,2026-09-15,https://example.com/jobs/demo-w5-6,"Cobalt & Co | Analytics Engineer | Toronto, Canada | ONSITE | $95k-$124k Cobalt & Co is hiring a Analytics Engineer. You will build and ship production systems with a small, friendly team. Tech stack: LangChain, Snowflake, Web Scraping, Looker, jQuery. We offer flexible hours, learning budget and a transparent hiring process.",2026-09-20T05:41:41+00:00
48780ab87f4ab358,demo,Senior Full Stack Developer,Pixelforge,Remote (US),True,Senior,122000.0,173000.0,USD,GraphQL; Microservices; PostgreSQL; MySQL; Docker,2026-09-16,https://example.com/jobs/demo-w5-7,"Pixelforge | Senior Full Stack Developer | Remote (US) | REMOTE | $122k-$173k Pixelforge is hiring a Senior Full Stack Developer. You will build and ship production systems with a small, friendly team. Tech stack: MySQL, GraphQL, PostgreSQL, Docker, Microservices. We offer flexible hours, learning budget and a transparent hiring process.",2026-09-20T05:41:41+00:00
76221732f30b1bc9,demo,Lead Full Stack Developer,Brightwave,"San Francisco, CA",False,Lead,164000.0,202000.0,USD,React; Node.js; Microservices; LLM; LangChain; Selenium,2026-09-20,https://example.com/jobs/demo-w5-8,"Brightwave | Lead Full Stack Developer | San Francisco, CA | HYBRID | $164k-$202k Brightwave is hiring a Lead Full Stack Developer. You will build and ship production systems with a small, friendly team. Tech stack: React, Node.js, Selenium, LLM, Microservices, LangChain. We offer flexible hours, learning budget and a transparent hiring process.",2026-09-20T05:41:41+00:00
34e87f8e56a2f610,demo,Senior Systems Engineer,Cobalt & Co,"Amsterdam, Netherlands",False,Senior,132000.0,176000.0,USD,Go; Microservices; Kubernetes; Linux; LangChain; Generative AI; Web Scraping,2026-09-19,https://example.com/jobs/demo-w5-9,"Cobalt & Co | Senior Systems Engineer | Amsterdam, Netherlands | HYBRID | $132k-$176k Cobalt & Co is hiring a Senior Systems Engineer. You will build and ship production systems with a small, friendly team. Tech stack: Linux, Web Scraping, Go, LangChain, Generative AI, Microservices, Kubernetes. We offer flexible hours, learning budget and a transparent hiring process.",2026-09-20T05:41:41+00:00
ac40c7ef985c1cef,demo,Senior DevOps Engineer,Nimbus Labs,Remote (US),True,Senior,128000.0,183000.0,USD,Elasticsearch; Kubernetes; Terraform; Linux; Grafana; RAG; Web Scraping,2026-09-18,https://example.com/jobs/demo-w5-10,"Nimbus Labs | Senior DevOps Engineer | Remote (US) | REMOTE | $128k-$183k Nimbus Labs is hiring a Senior DevOps Engineer. You will build and ship production systems with a small, friendly team. Tech stack: Kubernetes, Web Scraping, RAG, Elasticsearch, Terraform, Grafana, Linux. We offer flexible hours, learning budget and a transparent hiring process.",2026-09-20T05:41:41+00:00
3f765b6bb776a2b1,demo,Lead Data Engineer,Orbitly,Singapore,False,Lead,158000.0,204000.0,USD,Microservices; Spark; Airflow; dbt; MySQL; LLM; LangChain,2026-09-14,https://example.com/jobs/demo-w5-11,"Orbitly | Lead Data Engineer | Singapore | HYBRID | $158k-$204k Orbitly is hiring a Lead Data Engineer. You will build and ship production systems with a small, friendly team. Tech stack: MySQL, Microservices, LLM, Spark, LangChain, Airflow, dbt. We offer flexible hours, learning budget and a transparent hiring process.",2026-09-20T05:41:41+00:00
7b5efa507ec740f0,demo,Senior DevOps Engineer,Orbitly,"Toronto, Canada",False,Senior,133000.0,170000.0,USD,AWS; Docker; Terraform; Prometheus,2026-09-20,https://example.com/jobs/demo-w5-12,"Orbitly | Senior DevOps Engineer | Toronto, Canada | HYBRID | $133k-$170k Orbitly is hiring a Senior DevOps Engineer. You will build and ship production systems with a small, friendly team. Tech stack: AWS, Docker, Prometheus, Terraform. We offer flexible hours, learning budget and a transparent hiring process.",2026-09-20T05:41:41+00:00
038fe38fd5c93409,demo,Junior Data Scientist,Polaris Health,Remote (US),True,Junior,77000.0,107000.0,USD,SQL; Pandas; NumPy; Machine Learning; Selenium,2026-09-18,https://example.com/jobs/demo-w5-13,"Polaris Health | Junior Data Scientist | Remote (US) | REMOTE | $77k-$107k Polaris Health is hiring a Junior Data Scientist. You will build and ship production systems with a small, friendly team. Tech stack: Pandas, SQL, NumPy, Selenium, Machine Learning. We offer flexible hours, learning budget and a transparent hiring process.",2026-09-20T05:41:41+00:00
6c8a36cdab9014fa,demo,Lead AI Engineer,Polaris Health,Remote,True,Lead,163000.0,204000.0,USD,Python; FastAPI; LLM; LangChain; RAG; Selenium,2026-09-18,https://example.com/jobs/demo-w5-14,"Polaris Health | Lead AI Engineer | Remote | REMOTE | $163k-$204k Polaris Health is hiring a Lead AI Engineer. You will build and ship production systems with a small, friendly team. Tech stack: FastAPI, LangChain, RAG, Selenium, Python, LLM. We offer flexible hours, learning budget and a transparent hiring process.",2026-09-20T05:41:41+00:00
c1ed14e547eee2b3,demo,Senior Backend Engineer,Neonbyte,Remote,True,Senior,136000.0,169000.0,USD,PHP; PostgreSQL; MySQL; Redis; AWS,2026-09-20,https://example.com/jobs/demo-w5-15,"Neonbyte | Senior Backend Engineer | Remote | REMOTE | $136k-$169k Neonbyte is hiring a Senior Backend Engineer. You will build and ship production systems with a small, friendly team. Tech stack: AWS, PostgreSQL, MySQL, PHP, Redis. We offer flexible hours, learning budget and a transparent hiring process.",2026-09-20T05:41:41+00:00
5a9f369a371ffee0,demo,Lead Frontend Engineer,Polaris Health,"Bangalore, India",False,Lead,154000.0,217000.0,USD,Next.js; jQuery; Tailwind CSS; Elasticsearch; LLM,2026-09-18,https://example.com/jobs/demo-w5-16,"Polaris Health | Lead Frontend Engineer | Bangalore, India | ONSITE | $154k-$217k Polaris Health is hiring a Lead Frontend Engineer. You will build and ship production systems with a small, friendly team. Tech stack: LLM, Elasticsearch, jQuery, Tailwind CSS, Next.js. We offer flexible hours, learning budget and a transparent hiring process.",2026-09-20T05:41:41+00:00
6ce8ef095c1795d0,demo,Senior Data Engineer,Skyline Robotics,"Amsterdam, Netherlands",False,Senior,126000.0,170000.0,USD,Spark; Kafka; Airflow; dbt; AWS; Generative AI,2026-09-18,https://example.com/jobs/demo-w5-17,"Skyline Robotics | Senior Data Engineer | Amsterdam, Netherlands | HYBRID | $126k-$170k Skyline Robotics is hiring a Senior Data Engineer. You will build and ship production systems with a small, friendly team. Tech stack: Kafka, AWS, dbt, Generative AI, Airflow, Spark. We offer flexible hours, learning budget and a transparent hiring process.",2026-09-20T05:41:41+00:00
a02782c50e864fe2,demo,Machine Learning Engineer,Mintleaf,"Austin, TX",False,,87000.0,139000.0,USD,Python; AWS; Docker; Machine Learning; MLOps,2026-09-16,https://example.com/jobs/demo-w5-18,"Mintleaf | Machine Learning Engineer | Austin, TX | HYBRID | $87k-$139k Mintleaf is hiring a Machine Learning Engineer. You will build and ship production systems with a small, friendly team. Tech stack: AWS, MLOps, Python, Docker. We offer flexible hours, learning budget and a transparent hiring process.",2026-09-20T05:41:41+00:00
4846bfbce6ec0ed7,demo,Backend Engineer,Verdant AI,"Lisbon, Portugal",False,,94000.0,127000.0,USD,Python; Django; PostgreSQL; Docker; Git; LLM,2026-09-16,https://example.com/jobs/demo-w5-19,"Verdant AI | Backend Engineer | Lisbon, Portugal | HYBRID | $94k-$127k Verdant AI is hiring a Backend Engineer. You will build and ship production systems with a small, friendly team. Tech stack: PostgreSQL, Docker, LLM, Python, Git, Django. We offer flexible hours, learning budget and a transparent hiring process.",2026-09-20T05:41:41+00:00
9cdeba3f138a3c5b,demo,Senior DevOps Engineer,Tidewater Data,Singapore,False,Senior,134000.0,171000.0,USD,MongoDB; Kubernetes; Linux; Grafana,2026-09-15,https://example.com/jobs/demo-w5-20,"Tidewater Data | Senior DevOps Engineer | Singapore | ONSITE | $134k-$171k Tidewater Data is hiring a Senior DevOps Engineer. You will build and ship production systems with a small, friendly team. Tech stack: Linux, MongoDB, Grafana, Kubernetes. We offer flexible hours, learning budget and a transparent hiring process.",2026-09-20T05:41:41+00:00
5d2e8b024f39b62c,demo,Backend Engineer,Lumen Analytics,"Amsterdam, Netherlands",False,,93000.0,132000.0,USD,Python; Django; REST API; LLM; Generative AI,2026-09-17,https://example.com/jobs/demo-w5-21,"Lumen Analytics | Backend Engineer | Amsterdam, Netherlands | HYBRID | $93k-$132k Lumen Analytics is hiring a Backend Engineer. You will build and ship production systems with a small, friendly team. Tech stack: Django, Generative AI, LLM, Python, REST API. We offer flexible hours, learning budget and a transparent hiring process.",2026-09-20T05:41:41+00:00
658e08214d638666,demo,Senior Frontend Engineer,Orbitly,"New York, NY",False,Senior,127000.0,185000.0,USD,React; Next.js; Tailwind CSS; Elasticsearch; LangChain; RAG,2026-09-15,https://example.com/jobs/demo-w5-22,"Orbitly | Senior Frontend Engineer | New York, NY | ONSITE | $127k-$185k Orbitly is hiring a Senior Frontend Engineer. You will build and ship production systems with a small, friendly team. Tech stack: LangChain, Tailwind CSS, Next.js, React, Elasticsearch, RAG. We offer flexible hours, learning budget and a transparent hiring process.",2026-09-20T05:41:41+00:00
a077a97c00628f77,demo,Senior AI Engineer,Polaris Health,"Amsterdam, Netherlands",False,Senior,129000.0,173000.0,USD,FastAPI; Elasticsearch; LLM; LangChain,2026-09-19,https://example.com/jobs/demo-w5-23,"Polaris Health | Senior AI Engineer | Amsterdam, Netherlands | ONSITE | $129k-$173k Polaris Health is hiring a Senior AI Engineer. You will build and ship production systems with a small, friendly team. Tech stack: LLM, Elasticsearch, FastAPI, LangChain. We offer flexible hours, learning budget and a transparent hiring process.",2026-09-20T05:41:41+00:00
807d99574e619adb,demo,Lead Systems Engineer,Sundial Labs,"London, UK",False,Lead,159000.0,203000.0,USD,Go; Rust; Elasticsearch; Kubernetes; Linux,2026-09-15,https://example.com/jobs/demo-w5-24,"Sundial Labs | Lead Systems Engineer | London, UK | ONSITE | $159k-$203k Sundial Labs is hiring a Lead Systems Engineer. You will build and ship production systems with a small, friendly team. Tech stack: Go, Elasticsearch, Kubernetes, Rust, Linux. We offer flexible hours, learning budget and a transparent hiring process.",2026-09-20T05:41:41+00:00
b4e7d60ede940ff7,demo,Senior Systems Engineer,Kestrel Works,"Amsterdam, Netherlands",False,Senior,123000.0,183000.0,USD,Go; Rust; MySQL; Linux; LangChain,2026-09-19,https://example.com/jobs/demo-w5-25,"Kestrel Works | Senior Systems Engineer | Amsterdam, Netherlands | ONSITE | $123k-$183k Kestrel Works is hiring a Senior Systems Engineer. You will build and ship production systems with a small, friendly team. Tech stack: Linux, MySQL, Go, Rust, LangChain. We offer flexible hours, learning budget and a transparent hiring process.",2026-09-20T05:41:41+00:00
37e4b48f9d15fa2d,demo,Full Stack Developer,Lumen Analytics,Remote (EU),True,,87000.0,133000.0,USD,TypeScript; PHP; jQuery; GraphQL; PostgreSQL; CI/CD; LangChain,2026-09-18,https://example.com/jobs/demo-w5-26,"Lumen Analytics | Full Stack Developer | Remote (EU) | REMOTE | $87k-$133k Lumen Analytics is hiring a Full Stack Developer. You will build and ship production systems with a small, friendly team. Tech stack: TypeScript, PostgreSQL, PHP, LangChain, jQuery, CI/CD, GraphQL. We offer flexible hours, learning budget and a transparent hiring process.",2026-09-20T05:41:41+00:00
37b7f14eca1557d0,demo,Junior Frontend Engineer,Nimbus Labs,"San Francisco, CA",False,Junior,77000.0,101000.0,USD,JavaScript; Tailwind CSS; GraphQL; Elasticsearch; Git; Generative AI,2026-09-18,https://example.com/jobs/demo-w5-27,"Nimbus Labs | Junior Frontend Engineer | San Francisco, CA | ONSITE | $77k-$101k Nimbus Labs is hiring a Junior Frontend Engineer. You will build and ship production systems with a small, friendly team. Tech stack: JavaScript, Generative AI, Git, Tailwind CSS, GraphQL, Elasticsearch. We offer flexible hours, learning budget and a transparent hiring process.",2026-09-20T05:41:41+00:00
802595c9c1b245cf,demo,Senior Data Scientist,Kestrel Works,"London, UK",False,Senior,133000.0,186000.0,USD,Machine Learning; Generative AI; RAG; Selenium,2026-09-15,https://example.com/jobs/demo-w5-28,"Kestrel Works | Senior Data Scientist | London, UK | HYBRID | $133k-$186k Kestrel Works is hiring a Senior Data Scientist. You will build and ship production systems with a small, friendly team. Tech stack: Generative AI, RAG, Machine Learning, Selenium. We offer flexible hours, learning budget and a transparent hiring process.",2026-09-20T05:41:41+00:00
37af8c00a8e0a785,demo,Junior Data Scientist,Pixelforge,Remote (US),True,Junior,72000.0,101000.0,USD,Pandas; scikit-learn; Elasticsearch; Generative AI; RAG,2026-09-18,https://example.com/jobs/demo-w5-29,"Pixelforge | Junior Data Scientist | Remote (US) | REMOTE | $72k-$101k Pixelforge is hiring a Junior Data Scientist. You will build and ship production systems with a small, friendly team. Tech stack: Generative AI, Pandas, RAG, Elasticsearch, scikit-learn. We offer flexible hours, learning budget and a transparent hiring process.",2026-09-20T05:41:41+00:00
f59eb2f56e3b401e,demo,Senior Analytics Engineer,Skyline Robotics,Singapore,False,Senior,129000.0,171000.0,USD,Looker; MySQL; MongoDB; LLM; RAG,2026-09-15,https://example.com/jobs/demo-w5-30,"Skyline Robotics | Senior Analytics Engineer | Singapore | HYBRID | $129k-$171k Skyline Robotics is hiring a Senior Analytics Engineer. You will build and ship production systems with a small, friendly team. Tech stack: Looker, MySQL, MongoDB, LLM, RAG. We offer flexible hours, learning budget and a transparent hiring process.",2026-09-20T05:41:41+00:00
7a2bce529325249e,demo,Data Scientist,Quantix,Remote (US),True,,97000.0,134000.0,USD,PHP; SQL; Pandas; NumPy; Elasticsearch,2026-09-20,https://example.com/jobs/demo-w5-31,"Quantix | Data Scientist | Remote (US) | REMOTE | $97k-$134k Quantix is hiring a Data Scientist. You will build and ship production systems with a small, friendly team. Tech stack: SQL, Elasticsearch, NumPy, Pandas, PHP. We offer flexible hours, learning budget and a transparent hiring process.",2026-09-20T05:41:41+00:00
187753465b2d7cbb,demo,Senior Analytics Engineer,Kestrel Works,Singapore,False,Senior,136000.0,169000.0,USD,Python; SQL; dbt; Looker; LangChain,2026-09-15,https://example.com/jobs/demo-w5-32,"Kestrel Works | Senior Analytics Engineer | Singapore | HYBRID | $136k-$169k Kestrel Works is hiring a Senior Analytics Engineer. You will build and ship production systems with a small, friendly team. Tech stack: SQL, Looker, LangChain, dbt, Python. We offer flexible hours, learning budget and a transparent hiring process.",2026-09-20T05:41:41+00:00
95613d97dfa10bf0,demo,Lead Backend Engineer,Kestrel Works,Singapore,False,Lead,157000.0,204000.0,USD,Python; Redis; Elasticsearch; Docker,2026-09-17,https://example.com/jobs/demo-w5-33,"Kestrel Works | Lead Backend Engineer | Singapore | ONSITE | $157k-$204k Kestrel Works is hiring a Lead Backend Engineer. You will build and ship production systems with a small, friendly team. Tech stack: Python, Elasticsearch, Redis, Docker. We offer flexible hours, learning budget and a transparent hiring process.",2026-09-20T05:41:41+00:00
dc1e96ce89bf3aa9,demo,Lead Full Stack Developer,Quantix,Remote,True,Lead,161000.0,218000.0,USD,TypeScript; React; Node.js; PostgreSQL; MongoDB; Docker; Generative AI,2026-09-18,https://example.com/jobs/demo-w5-34,"Quantix | Lead Full Stack Developer | Remote | REMOTE | $161k-$218k Quantix is hiring a Lead Full Stack Developer. You will build and ship production systems with a small, friendly team. Tech stack: Node.js, TypeScript, Generative AI, React, PostgreSQL, Docker, MongoDB. We offer flexible hours, learning budget and a transparent hiring process.",2026-09-20T05:41:41+00:00
ea52c1e36cbd2ac0,demo,Backend Engineer,Mintleaf,"Toronto, Canada",False,,91000.0,122000.0,USD,Microservices; AWS; Docker; Git,2026-09-15,https://example.com/jobs/demo-w5-35,"Mintleaf | Backend Engineer | Toronto, Canada | ONSITE | $91k-$122k Mintleaf is hiring a Backend Engineer. You will build and ship production systems with a small, friendly team. Tech stack: AWS, Git, Microservices, Docker. We offer flexible hours, learning budget and a transparent hiring process.",2026-09-20T05:41:41+00:00
2be34fa1757eb2a6,demo,Backend Engineer,Kestrel Works,"New York, NY",False,,101000.0,142000.0,USD,Django; REST API; MySQL; Redis; Docker; LLM; Web Scraping,2026-09-18,https://example.com/jobs/demo-w5-36,"Kestrel Works | Backend Engineer | New York, NY | HYBRID | $101k-$142k Kestrel Works is hiring a Backend Engineer. You will build and ship production systems with a small, friendly team. Tech stack: MySQL, Web Scraping, Redis, LLM, Django, Docker, REST API. We offer flexible hours, learning budget and a transparent hiring process.",2026-09-20T05:41:41+00:00
969316c8eeab56dd,demo,Backend Engineer,Lumen Analytics,"Berlin, Germany",False,,93000.0,123000.0,USD,Django; Hadoop; PostgreSQL; MongoDB; Docker,2026-09-15,https://example.com/jobs/demo-w5-37,"Lumen Analytics | Backend Engineer | Berlin, Germany | HYBRID | $93k-$123k Lumen Analytics is hiring a Backend Engineer. You will build and ship production systems with a small, friendly team. Tech stack: Django, PostgreSQL, MongoDB, Hadoop, Docker. We offer flexible hours, learning budget and a transparent hiring process.",2026-09-20T05:41:41+00:00
2592d269eb6a1809,demo,Senior Full Stack Developer,Orbitly,Remote (EU),True,Senior,127000.0,174000.0,USD,TypeScript; Node.js; GraphQL; PostgreSQL; LLM; RAG,2026-09-19,https://example.com/jobs/demo-w5-38,"Orbitly | Senior Full Stack Developer | Remote (EU) | REMOTE | $127k-$174k Orbitly is hiring a Senior Full Stack Developer. You will build and ship production systems with a small, friendly team. Tech stack: RAG, LLM, TypeScript, GraphQL, Node.js, PostgreSQL. We offer flexible hours, learning budget and a transparent hiring process.",2026-09-20T05:41:41+00:00
73f2758718bb7a1c,demo,Backend Engineer,Sundial Labs,"Toronto, Canada",False,,90000.0,123000.0,USD,Django; Elasticsearch; Docker; Git; Generative AI,2026-09-16,https://example.com/jobs/demo-w5-39,"Sundial Labs | Backend Engineer | Toronto, Canada | ONSITE | $90k-$123k Sundial Labs is hiring a Backend Engineer. You will build and ship production systems with a small, friendly team. Tech stack: Docker, Elasticsearch, Django, Git, Generative AI. We offer flexible hours, learning budget and a transparent hiring process.",2026-09-20T05:41:41+00:00
8e9fdee0d5b84a15,demo,Senior Systems Engineer,Pixelforge,"Toronto, Canada",False,Senior,134000.0,179000.0,USD,C++; Go; Rust; Kubernetes; Git; LLM; Web Scraping,2026-09-17,https://example.com/jobs/demo-w5-40,"Pixelforge | Senior Systems Engineer | Toronto, Canada | HYBRID | $134k-$179k Pixelforge is hiring a Senior Systems Engineer. You will build and ship production systems with a small, friendly team. Tech stack: Go, Rust, Web Scraping, LLM, Kubernetes, C++, Git. We offer flexible hours, learning budget and a transparent hiring process.",2026-09-20T05:41:41+00:00
1bf371c2cf451b14,demo,Senior DevOps Engineer,Helio Systems,"London, UK",False,Senior,130000.0,167000.0,USD,MongoDB; Kubernetes; Ansible; LLM,2026-09-17,https://example.com/jobs/demo-w5-41,"Helio Systems | Senior DevOps Engineer | London, UK | HYBRID | $130k-$167k Helio Systems is hiring a Senior DevOps Engineer. You will build and ship production systems with a small, friendly team. Tech stack: Ansible, MongoDB, Kubernetes, LLM. We offer flexible hours, learning budget and a transparent hiring process.",2026-09-20T05:41:41+00:00
3eedd25b9242e087,demo,Senior DevOps Engineer,Aurora Cloud,"Berlin, Germany",False,Senior,125000.0,176000.0,USD,Docker; Terraform; Grafana; RAG,2026-09-15,https://example.com/jobs/demo-w5-42,"Aurora Cloud | Senior DevOps Engineer | Berlin, Germany | ONSITE | $125k-$176k Aurora Cloud is hiring a Senior DevOps Engineer. You will build and ship production systems with a small, friendly team. Tech stack: RAG, Grafana, Docker, Terraform. We offer flexible hours, learning budget and a transparent hiring process.",2026-09-20T05:41:41+00:00
6c625368066523a2,demo,Senior Full Stack Developer,Nimbus Labs,Remote (US),True,Senior,129000.0,182000.0,USD,TypeScript; React; Node.js; GraphQL; PostgreSQL; MongoDB; Docker,2026-09-16,https://example.com/jobs/demo-w5-43,"Nimbus Labs | Senior Full Stack Developer | Remote (US) | REMOTE | $129k-$182k Nimbus Labs is hiring a Senior Full Stack Developer. You will build and ship production systems with a small, friendly team. Tech stack: MongoDB, GraphQL, Docker, Node.js, PostgreSQL, TypeScript, React. We offer flexible hours, learning budget and a transparent hiring process.",2026-09-20T05:41:41+00:00
d49623a453395e8f,demo,Senior Full Stack Developer,Aurora Cloud,"New York, NY",False,Senior,134000.0,178000.0,USD,TypeScript; Hadoop; PostgreSQL; Docker; Git,2026-09-15,https://example.com/jobs/demo-w5-44,"Aurora Cloud | Senior Full Stack Developer | New York, NY | ONSITE | $134k-$178k Aurora Cloud is hiring a Senior Full Stack Developer. You will build and ship production systems with a small, friendly team. Tech stack: PostgreSQL, Hadoop, Git, Docker, TypeScript. We offer flexible hours, learning budget and a transparent hiring process.",2026-09-20T05:41:41+00:00
6858df65b37fd07d,demo,Senior Full Stack Developer,Pixelforge,"Berlin, Germany",False,Senior,124000.0,168000.0,USD,TypeScript; React; Node.js; PostgreSQL; MongoDB; Elasticsearch; Docker,2026-09-16,https://example.com/jobs/demo-w5-45,"Pixelforge | Senior Full Stack Developer | Berlin, Germany | HYBRID | $124k-$168k Pixelforge is hiring a Senior Full Stack Developer. You will build and ship production systems with a small, friendly team. Tech stack: Elasticsearch, PostgreSQL, Docker, TypeScript, MongoDB, React, Node.js. We offer flexible hours, learning budget and a transparent hiring process.",2026-09-20T05:41:41+00:00
4c87e807f3f35b77,demo,Data Engineer,Sundial Labs,Remote (US),True,,99000.0,139000.0,USD,Python; SQL; Spark; Airflow; dbt; CI/CD; Web Scraping,2026-09-14,https://example.com/jobs/demo-w5-46,"Sundial Labs | Data Engineer | Remote (US) | REMOTE | $99k-$139k Sundial Labs is hiring a Data Engineer. You will build and ship production systems with a small, friendly team. Tech stack: SQL, Airflow, Web Scraping, dbt, Spark, CI/CD, Python. We offer flexible hours, learning budget and a transparent hiring process.",2026-09-20T05:41:41+00:00
1b5ff5d79720bbe2,demo,Senior Frontend Engineer,Mintleaf,"Bangalore, India",False,Senior,134000.0,174000.0,USD,TypeScript; PHP; GraphQL; MySQL; LLM; Web Scraping,2026-09-16,https://example.com/jobs/demo-w5-47,"Mintleaf | Senior Frontend Engineer | Bangalore, India | HYBRID | $134k-$174k Mintleaf is hiring a Senior Frontend Engineer. You will build and ship production systems with a small, friendly team. Tech stack: MySQL, Web Scraping, TypeScript, LLM, GraphQL, PHP. We offer flexible hours, learning budget and a transparent hiring process.",2026-09-20T05:41:41+00:00
3979358a62b57bbd,demo,Senior Analytics Engineer,Sundial Labs,"Austin, TX",False,Senior,133000.0,173000.0,USD,Python; SQL; Snowflake; Elasticsearch; LLM; RAG,2026-09-16,https://example.com/jobs/demo-w5-48,"Sundial Labs | Senior Analytics Engineer | Austin, TX | HYBRID | $133k-$173k Sundial Labs is hiring a Senior Analytics Engineer. You will build and ship production systems with a small, friendly team. Tech stack: RAG, LLM, Elasticsearch, Snowflake, Python, SQL. We offer flexible hours, learning budget and a transparent hiring process.",2026-09-20T05:41:41+00:00
cd7a83124c5fd270,demo,Backend Engineer,Helio Systems,Singapore,False,,87000.0,132000.0,USD,Django; Hadoop; AWS; Docker; LLM; LangChain; Selenium,2026-09-20,https://example.com/jobs/demo-w5-49,"Helio Systems | Backend Engineer | Singapore | ONSITE | $87k-$132k Helio Systems is hiring a Backend Engineer. You will build and ship production systems with a small, friendly team. Tech stack: Docker, LLM, Selenium, Hadoop, Django, AWS, LangChain. We offer flexible hours, learning budget and a transparent hiring process.",2026-09-20T05:41:41+00:00
b5f90eb064617360,demo,Junior AI Engineer,Nimbus Labs,Singapore,False,Junior,73000.0,103000.0,USD,LLM; Generative AI; RAG; Hugging Face,2026-09-14,https://example.com/jobs/demo-w5-50,"Nimbus Labs | Junior AI Engineer | Singapore | HYBRID | $73k-$103k Nimbus Labs is hiring a Junior AI Engineer. You will build and ship production systems with a small, friendly team. Tech stack: LLM, Hugging Face, RAG, Generative AI. We offer flexible hours, learning budget and a transparent hiring process.",2026-09-20T05:41:41+00:00
b38a60060179c093,demo,Lead Machine Learning Engineer,Aurora Cloud,"London, UK",False,Lead,165000.0,221000.0,USD,Python; TensorFlow; AWS; Docker; Kubernetes; Machine Learning; RAG; Selenium,2026-09-14,https://example.com/jobs/demo-w5-51,"Aurora Cloud | Lead Machine Learning Engineer | London, UK | ONSITE | $165k-$221k Aurora Cloud is hiring a Lead Machine Learning Engineer. You will build and ship production systems with a small, friendly team. Tech stack: Python, TensorFlow, Kubernetes, RAG, Selenium, AWS, Docker. We offer flexible hours, learning budget and a transparent hiring process.",2026-09-20T05:41:41+00:00
3a44df8bd4ea787a,demo,Senior Machine Learning Engineer,Helio Systems,Remote (EU),True,Senior,125000.0,181000.0,USD,Python; TensorFlow; Hadoop; Elasticsearch; AWS; CI/CD; Machine Learning; MLOps,2026-09-15,https://example.com/jobs/demo-w5-52,"Helio Systems | Senior Machine Learning Engineer | Remote (EU) | REMOTE | $125k-$181k Helio Systems is hiring a Senior Machine Learning Engineer. You will build and ship production systems with a small, friendly team. Tech stack: AWS, TensorFlow, Elasticsearch, Hadoop, MLOps, CI/CD, Python. We offer flexible hours, learning budget and a transparent hiring process.",2026-09-20T05:41:41+00:00
2fe28364675c9d0a,demo,Junior Full Stack Developer,Polaris Health,"Berlin, Germany",False,Junior,68000.0,107000.0,USD,TypeScript; Node.js; GraphQL; PostgreSQL; MongoDB; RAG,2026-09-18,https://example.com/jobs/demo-w5-53,"Polaris Health | Junior Full Stack Developer | Berlin, Germany | HYBRID | $68k-$107k Polaris Health is hiring a Junior Full Stack Developer. You will build and ship production systems with a small, friendly team. Tech stack: GraphQL, PostgreSQL, RAG, TypeScript, Node.js, MongoDB. We offer flexible hours, learning budget and a transparent hiring process.",2026-09-20T05:41:41+00:00
5fe4265f63fb6143,demo,Full Stack Developer,Mintleaf,Remote (EU),True,,103000.0,129000.0,USD,Node.js; jQuery; GraphQL; PostgreSQL; Generative AI,2026-09-17,https://example.com/jobs/demo-w5-54,"Mintleaf | Full Stack Developer | Remote (EU) | REMOTE | $103k-$129k Mintleaf is hiring a Full Stack Developer. You will build and ship production systems with a small, friendly team. Tech stack: Node.js, Generative AI, GraphQL, PostgreSQL, jQuery. We offer flexible hours, learning budget and a transparent hiring process.",2026-09-20T05:41:41+00:00
3145f73f161a8fd5,demo,Senior Frontend Engineer,Aurora Cloud,Remote,True,Senior,138000.0,170000.0,USD,JavaScript; TypeScript; React; GraphQL; MySQL; MongoDB; RAG,2026-09-26,https://example.com/jobs/demo-w6-0,"Aurora Cloud | Senior Frontend Engineer | Remote | REMOTE | $138k-$170k Aurora Cloud is hiring a Senior Frontend Engineer. You will build and ship production systems with a small, friendly team. Tech stack: React, RAG, MongoDB, TypeScript, MySQL, JavaScript, GraphQL. We offer flexible hours, learning budget and a transparent hiring process.",2026-09-27T05:41:41+00:00
eab79c5238f13b42,demo,Senior Frontend Engineer,Neonbyte,"New York, NY",False,Senior,126000.0,178000.0,USD,JavaScript; React; Tailwind CSS; GraphQL; LangChain,2026-09-22,https://example.com/jobs/demo-w6-1,"Neonbyte | Senior Frontend Engineer | New York, NY | HYBRID | $126k-$178k Neonbyte is hiring a Senior Frontend Engineer. You will build and ship production systems with a small, friendly team. Tech stack: LangChain, Tailwind CSS, JavaScript, React, GraphQL. We offer flexible hours, learning budget and a transparent hiring process.",2026-09-27T05:41:41+00:00
445778e155957a66,demo,Senior Data Scientist,Orbitly,"Toronto, Canada",False,Senior,132000.0,172000.0,USD,Python; Pandas; NumPy; scikit-learn; Elasticsearch; Machine Learning; LangChain,2026-09-26,https://example.com/jobs/demo-w6-2,"Orbitly | Senior Data Scientist | Toronto, Canada | HYBRID | $132k-$172k Orbitly is hiring a Senior Data Scientist. You will build and ship production systems with a small, friendly team. Tech stack: Python, LangChain, Machine Learning, NumPy, Elasticsearch, scikit-learn, Pandas. We offer flexible hours, learning budget and a transparent hiring process.",2026-09-27T05:41:41+00:00
23a4644a2df6d126,demo,Data Engineer,Verdant AI,Singapore,False,,90000.0,126000.0,USD,SQL; Kafka; Airflow; dbt; MySQL; AWS; Generative AI,2026-09-25,https://example.com/jobs/demo-w6-3,"Verdant AI | Data Engineer | Singapore | ONSITE | $90k-$126k Verdant AI is hiring a Data Engineer. You will build and ship production systems with a small, friendly team. Tech stack: Generative AI, dbt, AWS, Airflow, MySQL, SQL, Kafka. We offer flexible hours, learning budget and a transparent hiring process.",2026-09-27T05:41:41+00:00
434cfde7dd2ba583,demo,Junior Data Engineer,Fjord Software,"Lisbon, Portugal",False,Junior,72000.0,90000.0,USD,Python; Airflow; AWS; RAG,2026-09-24,https://example.com/jobs/demo-w6-4,"Fjord Software | Junior Data Engineer | Lisbon, Portugal | ONSITE | $72k-$90k Fjord Software is hiring a Junior Data Engineer. You will build and ship production systems with a small, friendly team. Tech stack: Python, AWS, RAG, Airflow. We offer flexible hours, learning budget and a transparent hiring process.",2026-09-27T05:41:41+00:00
0dcd58e1d520138c,demo,Junior Full Stack Developer,Sundial Labs,Singapore,False,Junior,76000.0,104000.0,USD,TypeScript; GraphQL; Docker; LangChain,2026-09-22,https://example.com/jobs/demo-w6-5,"Sundial Labs | Junior Full Stack Developer | Singapore | ONSITE | $76k-$104k Sundial Labs is hiring a Junior Full Stack Developer. You will build and ship production systems with a small, friendly team. Tech stack: LangChain, GraphQL, Docker, TypeScript. We offer flexible hours, learning budget and a transparent hiring process.",2026-09-27T05:41:41+00:00
be3f769ce336d82d,demo,Junior DevOps Engineer,Mintleaf,"Austin, TX",False,Junior,75000.0,99000.0,USD,Microservices; Elasticsearch; AWS; Docker; Kubernetes; Linux; Grafana,2026-09-23,https://example.com/jobs/demo-w6-6,"Mintleaf | Junior DevOps Engineer | Austin, TX | HYBRID | $75k-$99k Mintleaf is hiring a Junior DevOps Engineer. You will build and ship production systems with a small, friendly team. Tech stack: Linux, Kubernetes, Grafana, Docker, Microservices, Elasticsearch, AWS. We offer flexible hours, learning budget and a transparent hiring process.",2026-09-27T05:41:41+00:00
eb9bf71aeea23985,demo,AI Engineer,Fjord Software,"London, UK",False,,98000.0,141000.0,USD,Python; FastAPI; MySQL; LLM; LangChain; Generative AI; RAG,2026-09-24,https://example.com/jobs/demo-w6-7,"Fjord Software | AI Engineer | London, UK | HYBRID | $98k-$141k Fjord Software is hiring a AI Engineer. You will build and ship production systems with a small, friendly team. Tech stack: LLM, Generative AI, RAG, FastAPI, MySQL, LangChain, Python. We offer flexible hours, learning budget and a transparent hiring process.",2026-09-27T05:41:41+00:00
fcc6b39121cf381c,demo,Senior Systems Engineer,Kestrel Works,Remote,True,Senior,137000.0,185000.0,USD,Go; MongoDB; Linux; LangChain; Generative AI; Selenium,2026-09-24,https://example.com/jobs/demo-w6-8,"Kestrel Works | Senior Systems Engineer | Remote | REMOTE | $137k-$185k Kestrel Works is hiring a Senior Systems Engineer. You will build and ship production systems with a small, friendly team. Tech stack: Go, Selenium, MongoDB, LangChain, Generative AI, Linux. We offer flexible hours, learning budget and a transparent hiring process.",2026-09-27T05:41:41+00:00
c79d5b02c5ceec4a,demo,Senior Data Engineer,Verdant AI,Singapore,False,Senior,134000.0,182000.0,USD,Python; dbt; CI/CD; RAG; Selenium,2026-09-22,https://example.com/jobs/demo-w6-9,"Verdant AI | Senior Data Engineer | Singapore | HYBRID | $134k-$182k Verdant AI is hiring a Senior Data Engineer. You will build and ship production systems with a small, friendly team. Tech stack: Selenium, RAG, Python, CI/CD, dbt. We offer flexible hours, learning budget and a transparent hiring process.",2026-09-27T05:41:41+00:00
644fa9ce625544ab,demo,Senior Data Scientist,Verdant AI,"New York, NY",False,Senior,138000.0,178000.0,USD,Microservices; scikit-learn; Tableau; MySQL; Machine Learning; LLM; LangChain,2026-09-26,https://example.com/jobs/demo-w6-10,"Verdant AI | Senior Data Scientist | New York, NY | HYBRID | $138k-$178k Verdant AI is hiring a Senior Data Scientist. You will build and ship production systems with a small, friendly team. Tech stack: scikit-learn, Machine Learning, LangChain, MySQL, LLM, Microservices, Tableau. We offer flexible hours, learning budget and a transparent hiring process.",2026-09-27T05:41:41+00:00
be410a062d2a97e7,demo,Full Stack Developer,Kestrel Works,Remote (US),True,,100000.0,127000.0,USD,TypeScript; PostgreSQL; MongoDB; Docker,2026-09-23,https://example.com/jobs/demo-w6-11,"Kestrel Works | Full Stack Developer | Remote (US) | REMOTE | $100k-$127k Kestrel Works is hiring a Full Stack Developer. You will build and ship production systems with a small, friendly team. Tech stack: PostgreSQL, Docker, TypeScript, MongoDB. We offer flexible hours, learning budget and a transparent hiring process.",2026-09-27T05:41:41+00:00
9babe89c8b2deddc,demo,Senior Data Scientist,Aurora Cloud,"Toronto, Canada",False,Senior,125000.0,182000.0,USD,Tableau; MySQL; CI/CD; Machine Learning; LLM,2026-09-21,https://example.com/jobs/demo-w6-12,"Aurora Cloud | Senior Data Scientist | Toronto, Canada | HYBRID | $125k-$182k Aurora Cloud is hiring a Senior Data Scientist. You will build and ship production systems with a small, friendly team. Tech stack: CI/CD, Tableau, MySQL, Machine Learning, LLM. We offer flexible hours, learning budget and a transparent hiring process.",2026-09-27T05:41:41+00:00
d8c7a2200b0071fc,demo,Senior Systems Engineer,Brightwave,"New York, NY",False,Senior,123000.0,187000.0,USD,C++; Rust; MySQL; Kubernetes; Linux; Git; LangChain,2026-09-24,https://example.com/jobs/demo-w6-13,"Brightwave | Senior Systems Engineer | New York, NY | ONSITE | $123k-$187k Brightwave is hiring a Senior Systems Engineer. You will build and ship production systems with a small, friendly team. Tech stack: Linux, Kubernetes, Rust, Git, LangChain, MySQL, C++. We offer flexible hours, learning budget and a transparent hiring process.",2026-09-27T05:41:41+00:00
55912568be304e55,demo,Senior Systems Engineer,Helio Systems,Remote,True,Senior,127000.0,178000.0,USD,Rust; Kubernetes; Linux; LangChain; Generative AI; RAG; Selenium,2026-09-25,https://example.com/jobs/demo-w6-14,"Helio Systems | Senior Systems Engineer | Remote | REMOTE | $127k-$178k Helio Systems is hiring a Senior Systems Engineer. You will build and ship production systems with a small, friendly team. Tech stack: RAG, Generative AI, Kubernetes, LangChain, Linux, Selenium, Rust. We offer flexible hours, learning budget and a transparent hiring process.",2026-09-27T05:41:41+00:00
301917cd97779b6e,demo,Senior Systems Engineer,Helio Systems,"Amsterdam, Netherlands",False,Senior,136000.0,176000.0,USD,Rust; MySQL; Kubernetes; CI/CD; LangChain; Generative AI; RAG,2026-09-26,https://example.com/jobs/demo-w6-15,"Helio Systems | Senior Systems Engineer | Amsterdam, Netherlands | HYBRID | $136k-$176k Helio Systems is hiring a Senior Systems Engineer. You will build and ship production systems with a small, friendly team. Tech stack: CI/CD, MySQL, Generative AI, RAG, Rust, Kubernetes, LangChain. We offer flexible hours, learning budget and a transparent hiring process.",2026-09-27T05:41:41+00:00
301009fd56198e64,demo,Lead Systems Engineer,Fjord Software,"San Francisco, CA",False,Lead,154000.0,218000.0,USD,Go; Kubernetes; LangChain; Generative AI,2026-09-23,https://example.com/jobs/demo-w6-16,"Fjord Software | Lead Systems Engineer | San Francisco, CA | HYBRID | $154k-$218k Fjord Software is hiring a Lead Systems Engineer. You will build and ship production systems with a small, friendly team. Tech stack: Generative AI, Go, Kubernetes, LangChain. We offer flexible hours, learning budget and a transparent hiring process.",2026-09-27T05:41:41+00:00
001f2765d53035c2,demo,Senior Machine Learning Engineer,Sundial Labs,"Austin, TX",False,Senior,131000.0,175000.0,USD,PyTorch; TensorFlow; Docker; Kubernetes; Machine Learning; LLM; Selenium,2026-09-21,https://example.com/jobs/demo-w6-17,"Sundial Labs | Senior Machine Learning Engineer | Austin, TX | HYBRID | $131k-$175k Sundial Labs is hiring a Senior Machine Learning Engineer. You will build and ship production systems with a small, friendly team. Tech stack: PyTorch, Docker, TensorFlow, LLM, Kubernetes, Selenium. We offer flexible hours, learning budget and a transparent hiring process.",2026-09-27T05:41:41+00:00
9c439a138da9ce38,demo,Senior Data Engineer,Lumen Analytics,"Berlin, Germany",False,Senior,138000.0,185000.0,USD,Python; SQL; Airflow; Snowflake; Web Scraping; Selenium,2026-09-25,https://example.com/jobs/demo-w6-18,"Lumen Analytics | Senior Data Engineer | Berlin, Germany | ONSITE | $138k-$185k Lumen Analytics is hiring a Senior Data Engineer. You will build and ship production systems with a small, friendly team. Tech stack: Airflow, Selenium, Python, SQL, Web Scraping, Snowflake. We offer flexible hours, learning budget and a transparent hiring process.",2026-09-27T05:41:41+00:00
48efb9bc05a636d7,demo,Junior Data Engineer,Cobalt & Co,Remote (EU),True,Junior,74000.0,93000.0,USD,SQL; Spark; Kafka; Snowflake; Elasticsearch; AWS; LangChain,2026-09-27,https://example.com/jobs/demo-w6-19,"Cobalt & Co | Junior Data Engineer | Remote (EU) | REMOTE | $74k-$93k Cobalt & Co is hiring a Junior Data Engineer. You will build and ship production systems with a small, friendly team. Tech stack: Elasticsearch, LangChain, Spark, Kafka, AWS, Snowflake, SQL. We offer flexible hours, learning budget and a transparent hiring process.",2026-09-27T05:41:41+00:00
1e8ce8735e6040bb,demo,Lead DevOps Engineer,Quantix,Remote (US),True,Lead,158000.0,207000.0,USD,Elasticsearch; AWS; Ansible; Linux; Git; Generative AI; RAG,2026-09-25,https://example.com/jobs/demo-w6-20,"Quantix | Lead DevOps Engineer | Remote (US) | REMOTE | $158k-$207k Quantix is hiring a Lead DevOps Engineer. You will build and ship production systems with a small, friendly team. Tech stack: Linux, Ansible, Git, Generative AI, Elasticsearch, RAG, AWS. We offer flexible hours, learning budget and a transparent hiring process.",2026-09-27T05:41:41+00:00
b4d11ad576316d7d,demo,Lead Backend Engineer,Quantix,Remote,True,Lead,164000.0,215000.0,USD,Python; Django; REST API; PostgreSQL,2026-09-24,https://example.com/jobs/demo-w6-21,"Quantix | Lead Backend Engineer | Remote | REMOTE | $164k-$215k Quantix is hiring a Lead Backend Engineer. You will build and ship production systems with a small, friendly team. Tech stack: Python, Django, REST API, PostgreSQL. We offer flexible hours, learning budget and a transparent hiring process.",2026-09-27T05:41:41+00:00
7abdb5bb9c7530e4,demo,Senior Analytics Engineer,Pixelforge,"New York, NY",False,Senior,125000.0,171000.0,USD,Python; SQL; Snowflake; Git; LangChain; Generative AI,2026-09-26,https://example.com/jobs/demo-w6-22,"Pixelforge | Senior Analytics Engineer | New York, NY | ONSITE | $125k-$171k Pixelforge is hiring a Senior Analytics Engineer. You will build and ship production systems with a small, friendly team. Tech stack: Git, LangChain, Snowflake, SQL, Generative AI, Python. We offer flexible hours, learning budget and a transparent hiring process.",2026-09-27T05:41:41+00:00
bbeaa094faa661fb,demo,Full Stack Developer,Brightwave,"New York, NY",False,,92000.0,142000.0,USD,TypeScript; Node.js; LLM; LangChain; RAG,2026-09-26,https://example.com/jobs/demo-w6-23,"Brightwave | Full Stack Developer | New York, NY | ONSITE | $92k-$142k Brightwave is hiring a Full Stack Developer. You will build and ship production systems with a small, friendly team. Tech stack: RAG, LangChain, LLM, Node.js, TypeScript. We offer flexible hours, learning budget and a transparent hiring process.",2026-09-27T05:41:41+00:00
06df877622fd33fb,demo,Senior Full Stack Developer,Kestrel Works,"New York, NY",False,Senior,124000.0,167000.0,USD,Node.js; GraphQL; Docker; LangChain,2026-09-21,https://example.com/jobs/demo-w6-24,"Kestrel Works | Senior Full Stack Developer | New York, NY | HYBRID | $124k-$167k Kestrel Works is hiring a Senior Full Stack Developer. You will build and ship production systems with a small, friendly team. Tech stack: GraphQL, Node.js, LangChain, Docker. We offer flexible hours, learning budget and a transparent hiring process.",2026-09-27T05:41:41+00:00
4dffb4bc1f6ff0a8,demo,AI Engineer,Cobalt & Co,"San Francisco, CA",False,,87000.0,141000.0,USD,Python; Microservices; LLM; LangChain; Generative AI; RAG; Hugging Face,2026-09-21,https://example.com/jobs/demo-w6-25,"Cobalt & Co | AI Engineer | San Francisco, CA | HYBRID | $87k-$141k Cobalt & Co is hiring a AI Engineer. You will build and ship production systems with a small, friendly team. Tech stack: LLM, Microservices, RAG, LangChain, Hugging Face, Generative AI, Python. We offer flexible hours, learning budget and a transparent hiring process.",2026-09-27T05:41:41+00:00
e2de1a4a10c4ada8,demo,Senior Backend Engineer,Brightwave,"Berlin, Germany",False,Senior,124000.0,172000.0,USD,Python; PostgreSQL; Redis; AWS; Docker; LLM,2026-09-22,https://example.com/jobs/demo-w6-26,"Brightwave | Senior Backend Engineer | Berlin, Germany | HYBRID | $124k-$172k Brightwave is hiring a Senior Backend Engineer. You will build and ship production systems with a small, friendly team. Tech stack: Python, Redis, AWS, PostgreSQL, LLM, Docker. We offer flexible hours, learning budget and a transparent hiring process.",2026-09-27T05:41:41+00:00
4b033621e8afd671,demo,Analytics Engineer,Polaris Health,"Austin, TX",False,,93000.0,136000.0,USD,SQL; LangChain; Generative AI; RAG,2026-09-27,https://example.com/jobs/demo-w6-27,"Polaris Health | Analytics Engineer | Austin, TX | ONSITE | $93k-$136k Polaris Health is hiring a Analytics Engineer. You will build and ship production systems with a small, friendly team. Tech stack: LangChain, Generative AI, SQL, RAG. We offer flexible hours, learning budget and a transparent hiring process.",2026-09-27T05:41:41+00:00
2575da76bd76cc57,demo,Senior Data Engineer,Mintleaf,"London, UK",False,Senior,138000.0,170000.0,USD,Spark; Kafka; Git; LangChain; RAG,2026-09-22,https://example.com/jobs/demo-w6-28,"Mintleaf | Senior Data Engineer | London, UK | ONSITE | $138k-$170k Mintleaf is hiring a Senior Data Engineer. You will build and ship production systems with a small, friendly team. Tech stack: RAG, Kafka, LangChain, Spark, Git. We offer flexible hours, learning budget and a transparent hiring process.",2026-09-27T05:41:41+00:00
c84a5a21beb00a7e,demo,Senior Full Stack Developer,Helio Systems,"Lisbon, Portugal",False,Senior,123000.0,183000.0,USD,React; Node.js; PostgreSQL; Elasticsearch; Docker,2026-09-25,https://example.com/jobs/demo-w6-29,"Helio Systems | Senior Full Stack Developer | Lisbon, Portugal | HYBRID | $123k-$183k Helio Systems is hiring a Senior Full Stack Developer. You will build and ship production systems with a small, friendly team. Tech stack: PostgreSQL, Node.js, Docker, Elasticsearch, React. We offer flexible hours, learning budget and a transparent hiring process.",2026-09-27T05:41:41+00:00
2dd99ae66718e3d5,demo,Lead Full Stack Developer,Kestrel Works,Remote (EU),True,Lead,166000.0,220000.0,USD,React; Node.js; PostgreSQL; Docker; CI/CD; LangChain,2026-09-26,https://example.com/jobs/demo-w6-30,"Kestrel Works | Lead Full Stack Developer | Remote (EU) | REMOTE | $166k-$220k Kestrel Works is hiring a Lead Full Stack Developer. You will build and ship production systems with a small, friendly team. Tech stack: LangChain, CI/CD, Node.js, PostgreSQL, Docker, React. We offer flexible hours, learning budget and a transparent hiring process.",2026-09-27T05:41:41+00:00
28a1a063f7be184d,demo,Junior Backend Engineer,Kestrel Works,"London, UK",False,Junior,76000.0,97000.0,USD,Python; Django; REST API; Elasticsearch; LLM; Web Scraping,2026-09-21,https://example.com/jobs/demo-w6-31,"Kestrel Works | Junior Backend Engineer | London, UK | ONSITE | $76k-$97k Kestrel Works is hiring a Junior Backend Engineer. You will build and ship production systems with a small, friendly team. Tech stack: Elasticsearch, Django, REST API, Web Scraping, Python, LLM. We offer flexible hours, learning budget and a transparent hiring process.",2026-09-27T05:41:41+00:00
dcd7cb3217b15447,demo,Senior Data Scientist,Verdant AI,Remote,True,Senior,137000.0,174000.0,USD,Python; SQL; Pandas; NumPy; scikit-learn; Generative AI; RAG,2026-09-21,https://example.com/jobs/demo-w6-32,"Verdant AI | Senior Data Scientist | Remote | REMOTE | $137k-$174k Verdant AI is hiring a Senior Data Scientist. You will build and ship production systems with a small, friendly team. Tech stack: NumPy, RAG, Pandas, Generative AI, SQL, Python, scikit-learn. We offer flexible hours, learning budget and a transparent hiring process.",2026-09-27T05:41:41+00:00
9bcd8c718eef5ea3,demo,Lead Analytics Engineer,Fjord Software,"London, UK",False,Lead,167000.0,216000.0,USD,SQL; Snowflake; MySQL; LLM; RAG,2026-09-22,https://example.com/jobs/demo-w6-33,"Fjord Software | Lead Analytics Engineer | London, UK | ONSITE | $167k-$216k Fjord Software is hiring a Lead Analytics Engineer. You will build and ship production systems with a small, friendly team. Tech stack: RAG, LLM, SQL, Snowflake, MySQL. We offer flexible hours, learning budget and a transparent hiring process.",2026-09-27T05:41:41+00:00
bbf78528b969d21c,demo,Lead DevOps Engineer,Tidewater Data,"London, UK",False,Lead,160000.0,203000.0,USD,MySQL; MongoDB; Docker; Terraform; Ansible; Grafana; LangChain,2026-09-24,https://example.com/jobs/demo-w6-34,"Tidewater Data | Lead DevOps Engineer | London, UK | HYBRID | $160k-$203k Tidewater Data is hiring a Lead DevOps Engineer. You will build and ship production systems with a small, friendly team. Tech stack: LangChain, Grafana, MySQL, MongoDB, Terraform, Ansible, Docker. We offer flexible hours, learning budget and a transparent hiring process.",2026-09-27T05:41:41+00:00
5144b3c85cb77094,demo,Lead Full Stack Developer,Fjord Software,"Bangalore, India",False,Lead,154000.0,202000.0,USD,TypeScript; React; GraphQL; PostgreSQL; LLM; RAG,2026-09-27,https://example.com/jobs/demo-w6-35,"Fjord Software | Lead Full Stack Developer | Bangalore, India | HYBRID | $154k-$202k Fjord Software is hiring a Lead Full Stack Developer. You will build and ship production systems with a small, friendly team. Tech stack: LLM, PostgreSQL, React, RAG, GraphQL, TypeScript. We offer flexible hours, learning budget and a transparent hiring process.",2026-09-27T05:41:41+00:00
55a728d6f0a5cf12,demo,Machine Learning Engineer,Mintleaf,"Amsterdam, Netherlands",False,,95000.0,126000.0,USD,Microservices; Machine Learning; LangChain; Generative AI; MLOps,2026-09-25,https://example.com/jobs/demo-w6-36,"Mintleaf | Machine Learning Engineer | Amsterdam, Netherlands | ONSITE | $95k-$126k Mintleaf is hiring a Machine Learning Engineer. You will build and ship production systems with a small, friendly team. Tech stack: MLOps, Generative AI, Microservices, LangChain. We offer flexible hours, learning budget and a transparent hiring process.",2026-09-27T05:41:41+00:00
aa83b67385bf9995,demo,Lead Frontend Engineer,Mintleaf,Remote,True,Lead,152000.0,212000.0,USD,JavaScript; TypeScript; React; Next.js; MySQL; Generative AI,2026-09-24,https://example.com/jobs/demo-w6-37,"Mintleaf | Lead Frontend Engineer | Remote | REMOTE | $152k-$212k Mintleaf is hiring a Lead Frontend Engineer. You will build and ship production systems with a small, friendly team. Tech stack: MySQL, Next.js, Generative AI, React, TypeScript, JavaScript. We offer flexible hours, learning budget and a transparent hiring process.",2026-09-27T05:41:41+00:00
27a706d123384902,demo,Junior Machine Learning Engineer,Fjord Software,"Lisbon, Portugal",False,Junior,74000.0,106000.0,USD,PyTorch; TensorFlow; AWS; Kubernetes; CI/CD; Machine Learning; Generative AI; MLOps,2026-09-24,https://example.com/jobs/demo-w6-38,"Fjord Software | Junior Machine Learning Engineer | Lisbon, Portugal | HYBRID | $74k-$106k Fjord Software is hiring a Junior Machine Learning Engineer. You will build and ship production systems with a small, friendly team. Tech stack: AWS, Generative AI, PyTorch, CI/CD, MLOps, Kubernetes, TensorFlow. We offer flexible hours, learning budget and a transparent hiring process.",2026-09-27T05:41:41+00:00
37c5905a9d58e259,demo,Lead Data Scientist,Fjord Software,"Berlin, Germany",False,Lead,163000.0,218000.0,USD,Pandas; scikit-learn; Machine Learning; Generative AI; Web Scraping,2026-09-22,https://example.com/jobs/demo-w6-39,"Fjord Software | Lead Data Scientist | Berlin, Germany | ONSITE | $163k-$218k Fjord Software is hiring a Lead Data Scientist. You will build and ship production systems with a small, friendly team. Tech stack: Web Scraping, Pandas, Generative AI, Machine Learning, scikit-learn. We offer flexible hours, learning budget and a transparent hiring process.",2026-09-27T05:41:41+00:00
70599674bfe54cc7,demo,Analytics Engineer,Fjord Software,"San Francisco, CA",False,,101000.0,138000.0,USD,Python; dbt; Snowflake; CI/CD,2026-09-24,https://example.com/jobs/demo-w6-40,"Fjord Software | Analytics Engineer | San Francisco, CA | HYBRID | $101k-$138k Fjord Software is hiring a Analytics Engineer. You will build and ship production systems with a small, friendly team. Tech stack: dbt, CI/CD, Python, Snowflake. We offer flexible hours, learning budget and a transparent hiring process.",2026-09-27T05:41:41+00:00
aacc4ce31056ec14,demo,Senior AI Engineer,Lumen Analytics,"Berlin, Germany",False,Senior,137000.0,176000.0,USD,Python; Microservices; LLM; LangChain; Generative AI; RAG; Hugging Face,2026-09-27,https://example.com/jobs/demo-w6-41,"Lumen Analytics | Senior AI Engineer | Berlin, Germany | HYBRID | $137k-$176k Lumen Analytics is hiring a Senior AI Engineer. You will build and ship production systems with a small, friendly team. Tech stack: Microservices, Python, LLM, RAG, Hugging Face, Generative AI, LangChain. We offer flexible hours, learning budget and a transparent hiring process.",2026-09-27T05:41:41+00:00
dd288c1db01d6d89,demo,Lead AI Engineer,Brightwave,"San Francisco, CA",False,Lead,152000.0,215000.0,USD,Python; MongoDB; LLM; RAG; Hugging Face,2026-09-22,https://example.com/jobs/demo-w6-42,"Brightwave | Lead AI Engineer | San Francisco, CA | HYBRID | $152k-$215k Brightwave is hiring a Lead AI Engineer. You will build and ship production systems with a small, friendly team. Tech stack: RAG, Hugging Face, LLM, Python, MongoDB. We offer flexible hours, learning budget and a transparent hiring process.",2026-09-27T05:41:41+00:00
75c2905a33601187,demo,Junior Data Scientist,Quantix,"Austin, TX",False,Junior,62000.0,105000.0,USD,Python; Pandas; NumPy; Tableau; LLM,2026-09-24,https://example.com/jobs/demo-w6-43,"Quantix | Junior Data Scientist | Austin, TX | ONSITE | $62k-$105k Quantix is hiring a Junior Data Scientist. You will build and ship production systems with a small, friendly team. Tech stack: LLM, NumPy, Pandas, Tableau, Python. We offer flexible hours, learning budget and a transparent hiring process.",2026-09-27T05:41:41+00:00
c21e6102b70da19d,demo,Full Stack Developer,Polaris Health,Remote,True,,97000.0,127000.0,USD,TypeScript; Node.js; GraphQL; PostgreSQL; MySQL; Docker; Web Scraping,2026-09-26,https://example.com/jobs/demo-w6-44,"Polaris Health | Full Stack Developer | Remote | REMOTE | $97k-$127k Polaris Health is hiring a Full Stack Developer. You will build and ship production systems with a small, friendly team. Tech stack: GraphQL, TypeScript, Node.js, PostgreSQL, MySQL, Web Scraping, Docker. We offer flexible hours, learning budget and a transparent hiring process.",2026-09-27T05:41:41+00:00
172fecdeea436796,demo,Systems Engineer,Polaris Health,Remote,True,,94000.0,129000.0,USD,Go; Rust; Kubernetes; RAG; Web Scraping,2026-09-24,https://example.com/jobs/demo-w6-45,"Polaris Health | Systems Engineer | Remote | REMOTE | $94k-$129k Polaris Health is hiring a Systems Engineer. You will build and ship production systems with a small, friendly team. Tech stack: Rust, Kubernetes, RAG, Web Scraping, Go. We offer flexible hours, learning budget and a transparent hiring process.",2026-09-27T05:41:41+00:00
900bf3b6b8325d1c,demo,Junior Systems Engineer,Neonbyte,"San Francisco, CA",False,Junior,74000.0,90000.0,USD,C++; Rust; Linux; LLM; RAG,2026-09-27,https://example.com/jobs/demo-w6-46,"Neonbyte | Junior Systems Engineer | San Francisco, CA | ONSITE | $74k-$90k Neonbyte is hiring a Junior Systems Engineer. You will build and ship production systems with a small, friendly team. Tech stack: C++, Linux, Rust, RAG, LLM. We offer flexible hours, learning budget and a transparent hiring process.",2026-09-27T05:41:41+00:00
ea28835f2eff389e,demo,Frontend Engineer,Lumen Analytics,Singapore,False,,89000.0,138000.0,USD,TypeScript; React; Next.js; Tailwind CSS; MySQL; LLM; LangChain,2026-09-21,https://example.com/jobs/demo-w6-47,"Lumen Analytics | Frontend Engineer | Singapore | ONSITE | $89k-$138k Lumen Analytics is hiring a Frontend Engineer. You will build and ship production systems with a small, friendly team. Tech stack: LangChain, TypeScript, LLM, React, MySQL, Tailwind CSS, Next.js. We offer flexible hours, learning budget and a transparent hiring process.",2026-09-27T05:41:41+00:00
4c26158bdbc8e1e6,demo,Lead AI Engineer,Mintleaf,Remote (US),True,Lead,159000.0,220000.0,USD,Python; LangChain; Generative AI; Selenium,2026-09-21,https://example.com/jobs/demo-w6-48,"Mintleaf | Lead AI Engineer | Remote (US) | REMOTE | $159k-$220k Mintleaf is hiring a Lead AI Engineer. You will build and ship production systems with a small, friendly team. Tech stack: Selenium, Python, LangChain, Generative AI. We offer flexible hours, learning budget and a transparent hiring process.",2026-09-27T05:41:41+00:00
4d4d147825944893,demo,Lead DevOps Engineer,Pixelforge,"London, UK",False,Lead,161000.0,203000.0,USD,Kubernetes; Linux; Git; Grafana; LLM; LangChain; Web Scraping,2026-09-27,https://example.com/jobs/demo-w6-49,"Pixelforge | Lead DevOps Engineer | London, UK | HYBRID | $161k-$203k Pixelforge is hiring a Lead DevOps Engineer. You will build and ship production systems with a small, friendly team. Tech stack: LLM, LangChain, Linux, Kubernetes, Grafana, Git, Web Scraping. We offer flexible hours, learning budget and a transparent hiring process.",2026-09-27T05:41:41+00:00
54f6c0f4db5063ea,demo,Lead Machine Learning Engineer,Mintleaf,"Bangalore, India",False,Lead,163000.0,209000.0,USD,Python; PyTorch; CI/CD; Git; Machine Learning; Generative AI,2026-09-23,https://example.com/jobs/demo-w6-50,"Mintleaf | Lead Machine Learning Engineer | Bangalore, India | ONSITE | $163k-$209k Mintleaf is hiring a Lead Machine Learning Engineer. You will build and ship production systems with a small, friendly team. Tech stack: Python, CI/CD, PyTorch, Git, Generative AI. We offer flexible hours, learning budget and a transparent hiring process.",2026-09-27T05:41:41+00:00
cd78801cb2adc3ed,demo,Junior Data Engineer,Kestrel Works,"London, UK",False,Junior,72000.0,101000.0,USD,Python; SQL; Spark; Kafka; CI/CD; Generative AI,2026-09-23,https://example.com/jobs/demo-w6-51,"Kestrel Works | Junior Data Engineer | London, UK | ONSITE | $72k-$101k Kestrel Works is hiring a Junior Data Engineer. You will build and ship production systems with a small, friendly team. Tech stack: Spark, Generative AI, Kafka, Python, SQL, CI/CD. We offer flexible hours, learning budget and a transparent hiring process.",2026-09-27T05:41:41+00:00
df4a3a1a0313f384,demo,Analytics Engineer,Tidewater Data,"Amsterdam, Netherlands",False,,103000.0,133000.0,USD,SQL; Snowflake; BigQuery; Looker; Elasticsearch; Generative AI,2026-09-25,https://example.com/jobs/demo-w6-52,"Tidewater Data | Analytics Engineer | Amsterdam, Netherlands | ONSITE | $103k-$133k Tidewater Data is hiring a Analytics Engineer. You will build and ship production systems with a small, friendly team. Tech stack: SQL, Snowflake, Elasticsearch, Looker, BigQuery, Generative AI. We offer flexible hours, learning budget and a transparent hiring process.",2026-09-27T05:41:41+00:00
fba47be2f215830c,demo,Data Engineer,Neonbyte,Singapore,False,,101000.0,140000.0,USD,Spark; Kafka; Snowflake; AWS; LLM; RAG,2026-09-26,https://example.com/jobs/demo-w6-53,"Neonbyte | Data Engineer | Singapore | ONSITE | $101k-$140k Neonbyte is hiring a Data Engineer. You will build and ship production systems with a small, friendly team. Tech stack: AWS, RAG, Kafka, Snowflake, LLM, Spark. We offer flexible hours, learning budget and a transparent hiring process.",2026-09-27T05:41:41+00:00
62ed40b6672d28f5,demo,Senior Machine Learning Engineer,Helio Systems,"Amsterdam, Netherlands",False,Senior,125000.0,168000.0,USD,Python; TensorFlow; MongoDB; Machine Learning; LLM; RAG,2026-09-27,https://example.com/jobs/demo-w6-54,"Helio Systems | Senior Machine Learning Engineer | Amsterdam, Netherlands | ONSITE | $125k-$168k Helio Systems is hiring a Senior Machine Learning Engineer. You will build and ship production systems with a small, friendly team. Tech stack: MongoDB, LLM, RAG, TensorFlow, Python. We offer flexible hours, learning budget and a transparent hiring process.",2026-09-27T05:41:41+00:00
f967bee85eebd61b,demo,Senior Systems Engineer,Verdant AI,"Austin, TX",False,Senior,133000.0,182000.0,USD,C++; Rust; Kubernetes; Linux; Generative AI; Web Scraping,2026-09-29,https://example.com/jobs/demo-w7-0,"Verdant AI | Senior Systems Engineer | Austin, TX | HYBRID | $133k-$182k Verdant AI is hiring a Senior Systems Engineer. You will build and ship production systems with a small, friendly team. Tech stack: Web Scraping, Rust, Kubernetes, C++, Generative AI, Linux. We offer flexible hours, learning budget and a transparent hiring process.",2026-10-04T05:41:41+00:00
bce825e10bcb3bcb,demo,Senior Machine Learning Engineer,Fjord Software,"Toronto, Canada",False,Senior,123000.0,182000.0,USD,Python; TensorFlow; Kubernetes; Machine Learning; LLM; LangChain,2026-10-04,https://example.com/jobs/demo-w7-1,"Fjord Software | Senior Machine Learning Engineer | Toronto, Canada | ONSITE | $123k-$182k Fjord Software is hiring a Senior Machine Learning Engineer. You will build and ship production systems with a small, friendly team. Tech stack: LLM, LangChain, Python, Kubernetes, TensorFlow. We offer flexible hours, learning budget and a transparent hiring process.",2026-10-04T05:41:41+00:00
2288fead12d884b6,demo,Data Engineer,Quantix,"Lisbon, Portugal",False,,87000.0,129000.0,USD,SQL; Microservices; Airflow; Snowflake; Generative AI,2026-09-30,https://example.com/jobs/demo-w7-2,"Quantix | Data Engineer | Lisbon, Portugal | HYBRID | $87k-$129k Quantix is hiring a Data Engineer. You will build and ship production systems with a small, friendly team. Tech stack: Snowflake, SQL, Microservices, Airflow, Generative AI. We offer flexible hours, learning budget and a transparent hiring process.",2026-10-04T05:41:41+00:00
abe5136e3f6ba2c3,demo,DevOps Engineer,Cobalt & Co,Singapore,False,,103000.0,122000.0,USD,AWS; Ansible; Git; Prometheus; LLM,2026-09-30,https://example.com/jobs/demo-w7-3,"Cobalt & Co | DevOps Engineer | Singapore | HYBRID | $103k-$122k Cobalt & Co is hiring a DevOps Engineer. You will build and ship production systems with a small, friendly team. Tech stack: Prometheus, AWS, Git, LLM, Ansible. We offer flexible hours, learning budget and a transparent hiring process.",2026-10-04T05:41:41+00:00
5965f645f8f74c44,demo,Senior Data Scientist,Kestrel Works,Remote,True,Senior,130000.0,184000.0,USD,SQL; NumPy; scikit-learn; LangChain; Generative AI,2026-10-02,https://example.com/jobs/demo-w7-4,"Kestrel Works | Senior Data Scientist | Remote | REMOTE | $130k-$184k Kestrel Works is hiring a Senior Data Scientist. You will build and ship production systems with a small, friendly team. Tech stack: Generative AI, LangChain, NumPy, scikit-learn, SQL. We offer flexible hours, learning budget and a transparent hiring process.",2026-10-04T05:41:41+00:00
671a42606f8964df,demo,Data Engineer,Verdant AI,Remote (EU),True,,88000.0,139000.0,USD,dbt; Snowflake; AWS; LLM; Generative AI; RAG,2026-10-01,https://example.com/jobs/demo-w7-5,"Verdant AI | Data Engineer | Remote (EU) | REMOTE | $88k-$139k Verdant AI is hiring a Data Engineer. You will build and ship production systems with a small, friendly team. Tech stack: dbt, Generative AI, RAG, AWS, Snowflake, LLM. We offer flexible hours, learning budget and a transparent hiring process.",2026-10-04T05:41:41+00:00
7c344aaffd06a3ac,demo,Junior AI Engineer,Skyline Robotics,"San Francisco, CA",False,Junior,73000.0,105000.0,USD,FastAPI; Elasticsearch; Git; LLM; RAG,2026-09-29,https://example.com/jobs/demo-w7-6,"Skyline Robotics | Junior AI Engineer | San Francisco, CA | HYBRID | $73k-$105k Skyline Robotics is hiring a Junior AI Engineer. You will build and ship production systems with a small, friendly team. Tech stack: LLM, FastAPI, Elasticsearch, RAG, Git. We offer flexible hours, learning budget and a transparent hiring process.",2026-10-04T05:41:41+00:00
b0f7330c8f4d9a3d,demo,Frontend Engineer,Neonbyte,Remote,True,,100000.0,141000.0,USD,JavaScript; TypeScript; React; Tailwind CSS; GraphQL; Microservices,2026-10-01,https://example.com/jobs/demo-w7-7,"Neonbyte | Frontend Engineer | Remote | REMOTE | $100k-$141k Neonbyte is hiring a Frontend Engineer. You will build and ship production systems with a small, friendly team. Tech stack: TypeScript, Microservices, JavaScript, GraphQL, Tailwind CSS, React. We offer flexible hours, learning budget and a transparent hiring process.",2026-10-04T05:41:41+00:00
2bbc10c891c25b62,demo,Junior DevOps Engineer,Lumen Analytics,Singapore,False,Junior,75000.0,101000.0,USD,Elasticsearch; Terraform; Prometheus; Grafana; RAG,2026-10-04,https://example.com/jobs/demo-w7-8,"Lumen Analytics | Junior DevOps Engineer | Singapore | ONSITE | $75k-$101k Lumen Analytics is hiring a Junior DevOps Engineer. You will build and ship production systems with a small, friendly team. Tech stack: Grafana, RAG, Prometheus, Terraform, Elasticsearch. We offer flexible hours, learning budget and a transparent hiring process.",2026-10-04T05:41:41+00:00
ba49856052de120f,demo,Junior Data Engineer,Aurora Cloud,"Austin, TX",False,Junior,72000.0,94000.0,USD,Spark; Kafka; dbt; AWS,2026-10-02,https://example.com/jobs/demo-w7-9,"Aurora Cloud | Junior Data Engineer | Austin, TX | HYBRID | $72k-$94k Aurora Cloud is hiring a Junior Data Engineer. You will build and ship production systems with a small, friendly team. Tech stack: Kafka, Spark, AWS, dbt. We offer flexible hours, learning budget and a transparent hiring process.",2026-10-04T05:41:41+00:00
e14453c9e0ca713a,demo,Systems Engineer,Brightwave,Remote (US),True,,89000.0,127000.0,USD,C++; Rust; MongoDB; Git; RAG,2026-10-01,https://example.com/jobs/demo-w7-10,"Brightwave | Systems Engineer | Remote (US) | REMOTE | $89k-$127k Brightwave is hiring a Systems Engineer. You will build and ship production systems with a small, friendly team. Tech stack: Rust, MongoDB, Git, C++, RAG. We offer flexible hours, learning budget and a transparent hiring process.",2026-10-04T05:41:41+00:00
a1d620ba0b188e66,demo,Senior Data Engineer,Mintleaf,"Toronto, Canada",False,Senior,125000.0,180000.0,USD,dbt; Snowflake; MongoDB; AWS; LLM; LangChain; RAG,2026-09-28,https://example.com/jobs/demo-w7-11,"Mintleaf | Senior Data Engineer | Toronto, Canada | ONSITE | $125k-$180k Mintleaf is hiring a Senior Data Engineer. You will build and ship production systems with a small, friendly team. Tech stack: LLM, RAG, LangChain, AWS, Snowflake, MongoDB, dbt. We offer flexible hours, learning budget and a transparent hiring process.",2026-10-04T05:41:41+00:00
0a26fe80a0211649,demo,Senior Backend Engineer,Aurora Cloud,Remote (US),True,Senior,122000.0,183000.0,USD,Django; PostgreSQL; MySQL; Redis; AWS; LLM; RAG,2026-09-30,https://example.com/jobs/demo-w7-12,"Aurora Cloud | Senior Backend Engineer | Remote (US) | REMOTE | $122k-$183k Aurora Cloud is hiring a Senior Backend Engineer. You will build and ship production systems with a small, friendly team. Tech stack: PostgreSQL, LLM, Django, AWS, MySQL, Redis, RAG. We offer flexible hours, learning budget and a transparent hiring process.",2026-10-04T05:41:41+00:00
54a56f4c3c4fae1c,demo,Senior Data Engineer,Cobalt & Co,"Austin, TX",False,Senior,122000.0,168000.0,USD,Airflow; dbt; Snowflake; AWS; Generative AI; RAG,2026-09-30,https://example.com/jobs/demo-w7-13,"Cobalt & Co | Senior Data Engineer | Austin, TX | HYBRID | $122k-$168k Cobalt & Co is hiring a Senior Data Engineer. You will build and ship production systems with a small, friendly team. Tech stack: AWS, Snowflake, Airflow, dbt, Generative AI, RAG. We offer flexible hours, learning budget and a transparent hiring process.",2026-10-04T05:41:41+00:00
184534a396328a2d,demo,DevOps Engineer,Quantix,"Amsterdam, Netherlands",False,,89000.0,124000.0,USD,Kubernetes; Terraform; Prometheus; LLM; Generative AI,2026-10-04,https://example.com/jobs/demo-w7-14,"Quantix | DevOps Engineer | Amsterdam, Netherlands | ONSITE | $89k-$124k Quantix is hiring a DevOps Engineer. You will build and ship production systems with a small, friendly team. Tech stack: LLM, Prometheus, Generative AI, Kubernetes, Terraform. We offer flexible hours, learning budget and a transparent hiring process.",2026-10-04T05:41:41+00:00
afc96a01e2177f67,demo,Senior Systems Engineer,Helio Systems,"London, UK",False,Senior,135000.0,187000.0,USD,C++; Go; Rust; LLM; RAG,2026-10-04,https://example.com/jobs/demo-w7-15,"Helio Systems | Senior Systems Engineer | London, UK | HYBRID | $135k-$187k Helio Systems is hiring a Senior Systems Engineer. You will build and ship production systems with a small, friendly team. Tech stack: Go, LLM, Rust, RAG, C++. We offer flexible hours, learning budget and a transparent hiring process.",2026-10-04T05:41:41+00:00
2d5bb16f384bc892,demo,Senior Data Scientist,Nimbus Labs,"San Francisco, CA",False,Senior,138000.0,168000.0,USD,Tableau; MySQL; Machine Learning; LLM,2026-09-28,https://example.com/jobs/demo-w7-16,"Nimbus Labs | Senior Data Scientist | San Francisco, CA | HYBRID | $138k-$168k Nimbus Labs is hiring a Senior Data Scientist. You will build and ship production systems with a small, friendly team. Tech stack: LLM, Machine Learning, Tableau, MySQL. We offer flexible hours, learning budget and a transparent hiring process.",2026-10-04T05:41:41+00:00
280ec73b4257f01d,demo,AI Engineer,Quantix,Remote (EU),True,,96000.0,133000.0,USD,MySQL; LLM; LangChain; Generative AI,2026-10-04,https://example.com/jobs/demo-w7-17,"Quantix | AI Engineer | Remote (EU) | REMOTE | $96k-$133k Quantix is hiring a AI Engineer. You will build and ship production systems with a small, friendly team. Tech stack: Generative AI, LangChain, LLM, MySQL. We offer flexible hours, learning budget and a transparent hiring process.",2026-10-04T05:41:41+00:00
d874b466999a4257,demo,Data Scientist,Tidewater Data,"Amsterdam, Netherlands",False,,87000.0,137000.0,USD,Python; Pandas; NumPy; scikit-learn; Tableau; MongoDB; Machine Learning,2026-09-30,https://example.com/jobs/demo-w7-18,"Tidewater Data | Data Scientist | Amsterdam, Netherlands | HYBRID | $87k-$137k Tidewater Data is hiring a Data Scientist. You will build and ship production systems with a small, friendly team. Tech stack: Machine Learning, NumPy, MongoDB, Python, Tableau, scikit-learn, Pandas. We offer flexible hours, learning budget and a transparent hiring process.",2026-10-04T05:41:41+00:00
9aaec37e8869d61f,demo,Lead Machine Learning Engineer,Aurora Cloud,"Berlin, Germany",False,Lead,163000.0,216000.0,USD,AWS; Docker; Git; Machine Learning; Generative AI; RAG; MLOps; Selenium,2026-10-02,https://example.com/jobs/demo-w7-19,"Aurora Cloud | Lead Machine Learning Engineer | Berlin, Germany | ONSITE | $163k-$216k Aurora Cloud is hiring a Lead Machine Learning Engineer. You will build and ship production systems with a small, friendly team. Tech stack: RAG, Generative AI, Docker, MLOps, Selenium, Git, AWS. We offer flexible hours, learning budget and a transparent hiring process.",2026-10-04T05:41:41+00:00
cee9bddbe4121e5d,demo,Backend Engineer,Pixelforge,"Toronto, Canada",False,,90000.0,136000.0,USD,Django; REST API; PostgreSQL; Redis; AWS; Git; LangChain,2026-10-02,https://example.com/jobs/demo-w7-20,"Pixelforge | Backend Engineer | Toronto, Canada | ONSITE | $90k-$136k Pixelforge is hiring a Backend Engineer. You will build and ship production systems with a small, friendly team. Tech stack: LangChain, REST API, AWS, Git, Redis, Django, PostgreSQL. We offer flexible hours, learning budget and a transparent hiring process.",2026-10-04T05:41:41+00:00
b43510f74ecc0999,demo,Junior Systems Engineer,Kestrel Works,Remote (EU),True,Junior,63000.0,102000.0,USD,Rust; MongoDB; Kubernetes; RAG,2026-09-28,https://example.com/jobs/demo-w7-21,"Kestrel Works | Junior Systems Engineer | Remote (EU) | REMOTE | $63k-$102k Kestrel Works is hiring a Junior Systems Engineer. You will build and ship production systems with a small, friendly team. Tech stack: Kubernetes, Rust, MongoDB, RAG. We offer flexible hours, learning budget and a transparent hiring process.",2026-10-04T05:41:41+00:00
d5b39487731a45d2,demo,Senior Full Stack Developer,Tidewater Data,"Lisbon, Portugal",False,Senior,123000.0,172000.0,USD,TypeScript; React; GraphQL; PostgreSQL; MySQL; Elasticsearch; Docker,2026-09-28,https://example.com/jobs/demo-w7-22,"Tidewater Data | Senior Full Stack Developer | Lisbon, Portugal | HYBRID | $123k-$172k Tidewater Data is hiring a Senior Full Stack Developer. You will build and ship production systems with a small, friendly team. Tech stack: GraphQL, Docker, TypeScript, PostgreSQL, MySQL, Elasticsearch, React. We offer flexible hours, learning budget and a transparent hiring process.",2026-10-04T05:41:41+00:00
83d6a463166fbe82,demo,Senior Frontend Engineer,Skyline Robotics,"San Francisco, CA",False,Senior,135000.0,168000.0,USD,JavaScript; React; LLM; Generative AI,2026-10-04,https://example.com/jobs/demo-w7-23,"Skyline Robotics | Senior Frontend Engineer | San Francisco, CA | HYBRID | $135k-$168k Skyline Robotics is hiring a Senior Frontend Engineer. You will build and ship production systems with a small, friendly team. Tech stack: JavaScript, LLM, React, Generative AI. We offer flexible hours, learning budget and a transparent hiring process.",2026-10-04T05:41:41+00:00
a7e353d510bf7f5a,demo,AI Engineer,Mintleaf,Singapore,False,,103000.0,142000.0,USD,Python; MongoDB; LLM; LangChain; Generative AI,2026-10-03,https://example.com/jobs/demo-w7-24,"Mintleaf | AI Engineer | Singapore | ONSITE | $103k-$142k Mintleaf is hiring a AI Engineer. You will build and ship production systems with a small, friendly team. Tech stack: LLM, Python, LangChain, Generative AI, MongoDB. We offer flexible hours, learning budget and a transparent hiring process.",2026-10-04T05:41:41+00:00
4bd80ea4232ca26b,demo,Systems Engineer,Pixelforge,Singapore,False,,101000.0,139000.0,USD,Go; Rust; Microservices; Linux; LangChain,2026-10-04,https://example.com/jobs/demo-w7-25,"Pixelforge | Systems Engineer | Singapore | ONSITE | $101k-$139k Pixelforge is hiring a Systems Engineer. You will build and ship production systems with a small, friendly team. Tech stack: Go, Linux, Rust, LangChain, Microservices. We offer flexible hours, learning budget and a transparent hiring process.",2026-10-04T05:41:41+00:00
95a79341fa409b97,demo,Lead Analytics Engineer,Lumen Analytics,Remote (US),True,Lead,152000.0,206000.0,USD,Python; dbt; BigQuery; RAG,2026-10-02,https://example.com/jobs/demo-w7-26,"Lumen Analytics | Lead Analytics Engineer | Remote (US) | REMOTE | $152k-$206k Lumen Analytics is hiring a Lead Analytics Engineer. You will build and ship production systems with a small, friendly team. Tech stack: dbt, RAG, Python, BigQuery. We offer flexible hours, learning budget and a transparent hiring process.",2026-10-04T05:41:41+00:00
81a653c1505c4b8b,demo,AI Engineer,Mintleaf,"Austin, TX",False,,95000.0,131000.0,USD,CI/CD; LLM; LangChain; Generative AI; RAG; Web Scraping,2026-10-01,https://example.com/jobs/demo-w7-27,"Mintleaf | AI Engineer | Austin, TX | ONSITE | $95k-$131k Mintleaf is hiring a AI Engineer. You will build and ship production systems with a small, friendly team. Tech stack: Generative AI, RAG, CI/CD, LangChain, Web Scraping, LLM. We offer flexible hours, learning budget and a transparent hiring process.",2026-10-04T05:41:41+00:00
7016756b49a01426,demo,Lead AI Engineer,Quantix,"London, UK",False,Lead,152000.0,209000.0,USD,Elasticsearch; LLM; LangChain; Web Scraping,2026-10-01,https://example.com/jobs/demo-w7-28,"Quantix | Lead AI Engineer | London, UK | ONSITE | $152k-$209k Quantix is hiring a Lead AI Engineer. You will build and ship production systems with a small, friendly team. Tech stack: LLM, LangChain, Elasticsearch, Web Scraping. We offer flexible hours, learning budget and a transparent hiring process.",2026-10-04T05:41:41+00:00
f2b502d356f5d77e,demo,Data Engineer,Verdant AI,"Berlin, Germany",False,,98000.0,130000.0,USD,Python; dbt; LLM; LangChain,2026-09-29,https://example.com/jobs/demo-w7-29,"Verdant AI | Data Engineer | Berlin, Germany | HYBRID | $98k-$130k Verdant AI is hiring a Data Engineer. You will build and ship production systems with a small, friendly team. Tech stack: LLM, dbt, LangChain, Python. We offer flexible hours, learning budget and a transparent hiring process.",2026-10-04T05:41:41+00:00
f81bf10bfb8a0a3e,demo,Backend Engineer,Polaris Health,"London, UK",False,,102000.0,134000.0,USD,Python; REST API; Microservices; Docker; RAG,2026-09-28,https://example.com/jobs/demo-w7-30,"Polaris Health | Backend Engineer | London, UK | HYBRID | $102k-$134k Polaris Health is hiring a Backend Engineer. You will build and ship production systems with a small, friendly team. Tech stack: RAG, Microservices, Python, Docker, REST API. We offer flexible hours, learning budget and a transparent hiring process.",2026-10-04T05:41:41+00:00
13fd814d83023192,demo,Full Stack Developer,Pixelforge,"Austin, TX",False,,89000.0,125000.0,USD,GraphQL; MongoDB; Docker; LangChain; Generative AI; RAG,2026-10-03,https://example.com/jobs/demo-w7-31,"Pixelforge | Full Stack Developer | Austin, TX | ONSITE | $89k-$125k Pixelforge is hiring a Full Stack Developer. You will build and ship production systems with a small, friendly team. Tech stack: RAG, LangChain, GraphQL, Docker, MongoDB, Generative AI. We offer flexible hours, learning budget and a transparent hiring process.",2026-10-04T05:41:41+00:00
24e41f5c55146f70,demo,Lead AI Engineer,Brightwave,"Austin, TX",False,Lead,164000.0,213000.0,USD,FastAPI; LLM; LangChain; Generative AI; RAG,2026-09-28,https://example.com/jobs/demo-w7-32,"Brightwave | Lead AI Engineer | Austin, TX | HYBRID | $164k-$213k Brightwave is hiring a Lead AI Engineer. You will build and ship production systems with a small, friendly team. Tech stack: RAG, LangChain, Generative AI, LLM, FastAPI. We offer flexible hours, learning budget and a transparent hiring process.",2026-10-04T05:41:41+00:00
f9e2ac6337ef96ae,demo,Junior Machine Learning Engineer,Skyline Robotics,"Lisbon, Portugal",False,Junior,66000.0,97000.0,USD,PyTorch; TensorFlow; Elasticsearch; Machine Learning; LLM; MLOps; Web Scraping,2026-10-01,https://example.com/jobs/demo-w7-33,"Skyline Robotics | Junior Machine Learning Engineer | Lisbon, Portugal | HYBRID | $66k-$97k Skyline Robotics is hiring a Junior Machine Learning Engineer. You will build and ship production systems with a small, friendly team. Tech stack: LLM, Web Scraping, Elasticsearch, MLOps, PyTorch, TensorFlow. We offer flexible hours, learning budget and a transparent hiring process.",2026-10-04T05:41:41+00:00
5aa28758a194956f,demo,Senior Machine Learning Engineer,Lumen Analytics,Singapore,False,Senior,128000.0,184000.0,USD,PyTorch; TensorFlow; Kubernetes; Machine Learning; Generative AI; RAG,2026-09-30,https://example.com/jobs/demo-w7-34,"Lumen Analytics | Senior Machine Learning Engineer | Singapore | ONSITE | $128k-$184k Lumen Analytics is hiring a Senior Machine Learning Engineer. You will build and ship production systems with a small, friendly team. Tech stack: TensorFlow, RAG, Generative AI, PyTorch, Kubernetes. We offer flexible hours, learning budget and a transparent hiring process.",2026-10-04T05:41:41+00:00
0301997118508029,demo,Senior Backend Engineer,Skyline Robotics,"London, UK",False,Senior,133000.0,185000.0,USD,Django; REST API; PostgreSQL; AWS; LangChain; Generative AI; RAG,2026-10-02,https://example.com/jobs/demo-w7-35,"Skyline Robotics | Senior Backend Engineer | London, UK | ONSITE | $133k-$185k Skyline Robotics is hiring a Senior Backend Engineer. You will build and ship production systems with a small, friendly team. Tech stack: Generative AI, PostgreSQL, AWS, LangChain, Django, RAG, REST API. We offer flexible hours, learning budget and a transparent hiring process.",2026-10-04T05:41:41+00:00
c28f1881032ef7c6,demo,Senior Machine Learning Engineer,Polaris Health,Singapore,False,Senior,135000.0,181000.0,USD,Elasticsearch; Docker; Kubernetes; Machine Learning; LangChain; Generative AI; MLOps,2026-10-04,https://example.com/jobs/demo-w7-36,"Polaris Health | Senior Machine Learning Engineer | Singapore | HYBRID | $135k-$181k Polaris Health is hiring a Senior Machine Learning Engineer. You will build and ship production systems with a small, friendly team. Tech stack: Generative AI, Elasticsearch, Kubernetes, LangChain, MLOps, Docker. We offer flexible hours, learning budget and a transparent hiring process.",2026-10-04T05:41:41+00:00
8be77c71cf3e1501,demo,Data Engineer,Verdant AI,Remote (EU),True,,99000.0,128000.0,USD,SQL; dbt; Snowflake; LLM; LangChain; Web Scraping,2026-10-02,https://example.com/jobs/demo-w7-37,"Verdant AI | Data Engineer | Remote (EU) | REMOTE | $99k-$128k Verdant AI is hiring a Data Engineer. You will build and ship production systems with a small, friendly team. Tech stack: dbt, SQL, LLM, LangChain, Web Scraping, Snowflake. We offer flexible hours, learning budget and a transparent hiring process.",2026-10-04T05:41:41+00:00
f81c159bd738de08,demo,Senior Data Scientist,Kestrel Works,"Lisbon, Portugal",False,Senior,122000.0,173000.0,USD,NumPy; scikit-learn; Tableau; MySQL; Machine Learning; LangChain; Selenium,2026-09-28,https://example.com/jobs/demo-w7-38,"Kestrel Works | Senior Data Scientist | Lisbon, Portugal | ONSITE | $122k-$173k Kestrel Works is hiring a Senior Data Scientist. You will build and ship production systems with a small, friendly team. Tech stack: Tableau, LangChain, scikit-learn, Selenium, NumPy, Machine Learning, MySQL. We offer flexible hours, learning budget and a transparent hiring process.",2026-10-04T05:41:41+00:00
074ab27bd11cd832,demo,Senior Frontend Engineer,Nimbus Labs,"San Francisco, CA",False,Senior,133000.0,185000.0,USD,Next.js; Tailwind CSS; MySQL; LangChain; RAG; Web Scraping,2026-10-01,https://example.com/jobs/demo-w7-39,"Nimbus Labs | Senior Frontend Engineer | San Francisco, CA | HYBRID | $133k-$185k Nimbus Labs is hiring a Senior Frontend Engineer. You will build and ship production systems with a small, friendly team. Tech stack: Next.js, MySQL, RAG, LangChain, Web Scraping, Tailwind CSS. We offer flexible hours, learning budget and a transparent hiring process.",2026-10-04T05:41:41+00:00
d749149b3fd0119b,demo,Lead AI Engineer,Orbitly,"Lisbon, Portugal",False,Lead,153000.0,208000.0,USD,FastAPI; MySQL; LLM; RAG; Hugging Face,2026-09-28,https://example.com/jobs/demo-w7-40,"Orbitly | Lead AI Engineer | Lisbon, Portugal | HYBRID | $153k-$208k Orbitly is hiring a Lead AI Engineer. You will build and ship production systems with a small, friendly team. Tech stack: RAG, LLM, Hugging Face, FastAPI, MySQL. We offer flexible hours, learning budget and a transparent hiring process.",2026-10-04T05:41:41+00:00
eb1c5903c3186a41,demo,Lead Backend Engineer,Verdant AI,"Berlin, Germany",False,Lead,166000.0,211000.0,USD,REST API; Redis; Elasticsearch; AWS; LLM; Web Scraping,2026-09-30,https://example.com/jobs/demo-w7-41,"Verdant AI | Lead Backend Engineer | Berlin, Germany | HYBRID | $166k-$211k Verdant AI is hiring a Lead Backend Engineer. You will build and ship production systems with a small, friendly team. Tech stack: LLM, Redis, Web Scraping, REST API, AWS, Elasticsearch. We offer flexible hours, learning budget and a transparent hiring process.",2026-10-04T05:41:41+00:00
ac69a15e94baa29b,demo,Senior Data Scientist,Neonbyte,"Amsterdam, Netherlands",False,Senior,124000.0,167000.0,USD,Python; NumPy; Tableau; LangChain; Generative AI,2026-09-28,https://example.com/jobs/demo-w7-42,"Neonbyte | Senior Data Scientist | Amsterdam, Netherlands | HYBRID | $124k-$167k Neonbyte is hiring a Senior Data Scientist. You will build and ship production systems with a small, friendly team. Tech stack: Tableau, Python, Generative AI, NumPy, LangChain. We offer flexible hours, learning budget and a transparent hiring process.",2026-10-04T05:41:41+00:00
4f07323448998a20,demo,Lead Backend Engineer,Helio Systems,"London, UK",False,Lead,158000.0,217000.0,USD,Python; AWS; Docker; LLM; RAG,2026-10-01,https://example.com/jobs/demo-w7-43,"Helio Systems | Lead Backend Engineer | London, UK | ONSITE | $158k-$217k Helio Systems is hiring a Lead Backend Engineer. You will build and ship production systems with a small, friendly team. Tech stack: Python, LLM, AWS, Docker, RAG. We offer flexible hours, learning budget and a transparent hiring process.",2026-10-04T05:41:41+00:00
5adbe22db8b8c99f,demo,Senior Systems Engineer,Helio Systems,"Berlin, Germany",False,Senior,128000.0,176000.0,USD,C++; Go; Rust; Kubernetes; Linux; RAG,2026-09-30,https://example.com/jobs/demo-w7-44,"Helio Systems | Senior Systems Engineer | Berlin, Germany | HYBRID | $128k-$176k Helio Systems is hiring a Senior Systems Engineer. You will build and ship production systems with a small, friendly team. Tech stack: RAG, C++, Go, Rust, Linux, Kubernetes. We offer flexible hours, learning budget and a transparent hiring process.",2026-10-04T05:41:41+00:00
d0f10b703ed36f8b,demo,Senior AI Engineer,Verdant AI,"Lisbon, Portugal",False,Senior,124000.0,173000.0,USD,Python; LLM; Generative AI; RAG,2026-10-02,https://example.com/jobs/demo-w7-45,"Verdant AI | Senior AI Engineer | Lisbon, Portugal | ONSITE | $124k-$173k Verdant AI is hiring a Senior AI Engineer. You will build and ship production systems with a small, friendly team. Tech stack: Generative AI, Python, RAG, LLM. We offer flexible hours, learning budget and a transparent hiring process.",2026-10-04T05:41:41+00:00
d313a49b07ebc779,demo,Senior Analytics Engineer,Polaris Health,"London, UK",False,Senior,125000.0,182000.0,USD,Python; Snowflake; Looker; Generative AI,2026-10-02,https://example.com/jobs/demo-w7-46,"Polaris Health | Senior Analytics Engineer | London, UK | ONSITE | $125k-$182k Polaris Health is hiring a Senior Analytics Engineer. You will build and ship production systems with a small, friendly team. Tech stack: Python, Generative AI, Looker, Snowflake. We offer flexible hours, learning budget and a transparent hiring process.",2026-10-04T05:41:41+00:00
cf5547425e12cdb4,demo,Senior AI Engineer,Kestrel Works,"Austin, TX",False,Senior,131000.0,178000.0,USD,Elasticsearch; LLM; LangChain; Generative AI; RAG,2026-09-28,https://example.com/jobs/demo-w7-47,"Kestrel Works | Senior AI Engineer | Austin, TX | ONSITE | $131k-$178k Kestrel Works is hiring a Senior AI Engineer. You will build and ship production systems with a small, friendly team. Tech stack: LLM, Elasticsearch, LangChain, Generative AI, RAG. We offer flexible hours, learning budget and a transparent hiring process.",2026-10-04T05:41:41+00:00
d0f680e3f14f1850,demo,Junior Data Scientist,Sundial Labs,Remote (EU),True,Junior,66000.0,92000.0,USD,SQL; Pandas; scikit-learn; Tableau; Git; Machine Learning; Web Scraping,2026-09-28,https://example.com/jobs/demo-w7-48,"Sundial Labs | Junior Data Scientist | Remote (EU) | REMOTE | $66k-$92k Sundial Labs is hiring a Junior Data Scientist. You will build and ship production systems with a small, friendly team. Tech stack: Web Scraping, Machine Learning, scikit-learn, SQL, Git, Tableau, Pandas. We offer flexible hours, learning budget and a transparent hiring process.",2026-10-04T05:41:41+00:00
276be53d5fcfff95,demo,Lead AI Engineer,Skyline Robotics,"Berlin, Germany",False,Lead,162000.0,211000.0,USD,LangChain; Generative AI; Hugging Face; Web Scraping,2026-10-01,https://example.com/jobs/demo-w7-49,"Skyline Robotics | Lead AI Engineer | Berlin, Germany | ONSITE | $162k-$211k Skyline Robotics is hiring a Lead AI Engineer. You will build and ship production systems with a small, friendly team. Tech stack: Web Scraping, Hugging Face, LangChain, Generative AI. We offer flexible hours, learning budget and a transparent hiring process.",2026-10-04T05:41:41+00:00
669b1362014d0a14,demo,AI Engineer,Pixelforge,"San Francisco, CA",False,,103000.0,125000.0,USD,FastAPI; LangChain; Generative AI; Selenium,2026-10-03,https://example.com/jobs/demo-w7-50,"Pixelforge | AI Engineer | San Francisco, CA | HYBRID | $103k-$125k Pixelforge is hiring a AI Engineer. You will build and ship production systems with a small, friendly team. Tech stack: Selenium, Generative AI, FastAPI, LangChain. We offer flexible hours, learning budget and a transparent hiring process.",2026-10-04T05:41:41+00:00
aff81b94b1c7a0a9,demo,DevOps Engineer,Sundial Labs,Remote (EU),True,,103000.0,125000.0,USD,AWS; Kubernetes; Terraform; Prometheus,2026-09-29,https://example.com/jobs/demo-w7-51,"Sundial Labs | DevOps Engineer | Remote (EU) | REMOTE | $103k-$125k Sundial Labs is hiring a DevOps Engineer. You will build and ship production systems with a small, friendly team. Tech stack: Terraform, Kubernetes, Prometheus, AWS. We offer flexible hours, learning budget and a transparent hiring process.",2026-10-04T05:41:41+00:00
83e0f9d400ea4d03,demo,DevOps Engineer,Aurora Cloud,"Amsterdam, Netherlands",False,,93000.0,140000.0,USD,Docker; Prometheus; Generative AI; RAG,2026-09-30,https://example.com/jobs/demo-w7-52,"Aurora Cloud | DevOps Engineer | Amsterdam, Netherlands | HYBRID | $93k-$140k Aurora Cloud is hiring a DevOps Engineer. You will build and ship production systems with a small, friendly team. Tech stack: RAG, Prometheus, Docker, Generative AI. We offer flexible hours, learning budget and a transparent hiring process.",2026-10-04T05:41:41+00:00
823f7e5d7ba5fd50,demo,DevOps Engineer,Skyline Robotics,"Berlin, Germany",False,,87000.0,141000.0,USD,Docker; Kubernetes; Terraform; LLM; LangChain; Web Scraping,2026-09-29,https://example.com/jobs/demo-w7-53,"Skyline Robotics | DevOps Engineer | Berlin, Germany | ONSITE | $87k-$141k Skyline Robotics is hiring a DevOps Engineer. You will build and ship production systems with a small, friendly team. Tech stack: Docker, LangChain, LLM, Kubernetes, Web Scraping, Terraform. We offer flexible hours, learning budget and a transparent hiring process.",2026-10-04T05:41:41+00:00
ef9a0b18e57201e1,demo,Senior Frontend Engineer,Polaris Health,"San Francisco, CA",False,Senior,126000.0,180000.0,USD,React; LangChain; RAG; Selenium,2026-09-28,https://example.com/jobs/demo-w7-54,"Polaris Health | Senior Frontend Engineer | San Francisco, CA | ONSITE | $126k-$180k Polaris Health is hiring a Senior Frontend Engineer. You will build and ship production systems with a small, friendly team. Tech stack: React, RAG, LangChain, Selenium. We offer flexible hours, learning budget and a transparent hiring process.",2026-10-04T05:41:41+00:00
4948d6e561a78cd9,fake_jobs,Senior Python Developer,"Payne, Roberts and Davis","Stewartbury, AA",False,Senior,,,,Python,2021-04-08,https://realpython.github.io/fake-jobs/jobs/senior-python-developer-0.html,,2026-10-04T06:53:23.908735+00:00
199cd9a8fe1ba0f4,fake_jobs,Energy engineer,Vasquez-Davidson,"Christopherville, AA",False,,,,,,2021-04-08,https://realpython.github.io/fake-jobs/jobs/energy-engineer-1.html,,2026-10-04T06:53:23.908735+00:00
9a96368b31ef59d7,fake_jobs,Legal executive,"Jackson, Chambers and Levy","Port Ericaburgh, AA",False,,,,,,2021-04-08,https://realpython.github.io/fake-jobs/jobs/legal-executive-2.html,,2026-10-04T06:53:23.908735+00:00
5c7ba4b1dd20a938,fake_jobs,Fitness centre manager,Savage-Bradley,"East Seanview, AP",False,Manager,,,,,2021-04-08,https://realpython.github.io/fake-jobs/jobs/fitness-centre-manager-3.html,,2026-10-04T06:53:23.908735+00:00
2195d6fefe82463a,fake_jobs,Product manager,Ramirez Inc,"North Jamieview, AP",False,Manager,,,,,2021-04-08,https://realpython.github.io/fake-jobs/jobs/product-manager-4.html,,2026-10-04T06:53:23.908735+00:00
209e897a849dc31f,fake_jobs,Medical technical officer,Rogers-Yates,"Davidville, AP",False,,,,,,2021-04-08,https://realpython.github.io/fake-jobs/jobs/medical-technical-officer-5.html,,2026-10-04T06:53:23.908735+00:00
167ccec7724c5bc3,fake_jobs,Physiological scientist,Kramer-Klein,"South Christopher, AE",False,,,,,,2021-04-08,https://realpython.github.io/fake-jobs/jobs/physiological-scientist-6.html,,2026-10-04T06:53:23.908735+00:00
d462cb690a260c4d,fake_jobs,Textile designer,Meyers-Johnson,"Port Jonathan, AE",False,,,,,,2021-04-08,https://realpython.github.io/fake-jobs/jobs/textile-designer-7.html,,2026-10-04T06:53:23.908735+00:00
1faec15abd476d26,fake_jobs,Television floor manager,Hughes-Williams,"Osbornetown, AE",False,Manager,,,,,2021-04-08,https://realpython.github.io/fake-jobs/jobs/television-floor-manager-8.html,,2026-10-04T06:53:23.908735+00:00
f42888d805a66e52,fake_jobs,Waste management officer,"Jones, Williams and Villa","Scotttown, AP",False,,,,,,2021-04-08,https://realpython.github.io/fake-jobs/jobs/waste-management-officer-9.html,,2026-10-04T06:53:23.908735+00:00
6491a3770ffa39c1,fake_jobs,Software Engineer (Python),Garcia PLC,"Ericberg, AE",False,,,,,Python,2021-04-08,https://realpython.github.io/fake-jobs/jobs/software-engineer-python-10.html,,2026-10-04T06:53:23.908735+00:00
736421c7133573ce,fake_jobs,Interpreter,Gregory and Sons,"Ramireztown, AE",False,,,,,,2021-04-08,https://realpython.github.io/fake-jobs/jobs/interpreter-11.html,,2026-10-04T06:53:23.908735+00:00
4b92f3bd6a52d081,fake_jobs,Architect,"Clark, Garcia and Sosa","Figueroaview, AA",False,Lead,,,,,2021-04-08,https://realpython.github.io/fake-jobs/jobs/architect-12.html,,2026-10-04T06:53:23.908735+00:00
d785d1d4add52c63,fake_jobs,Meteorologist,Bush PLC,"Kelseystad, AA",False,,,,,,2021-04-08,https://realpython.github.io/fake-jobs/jobs/meteorologist-13.html,,2026-10-04T06:53:23.908735+00:00
db445e2d5b4d4ccf,fake_jobs,Audiological scientist,Salazar-Meyers,"Williamsburgh, AE",False,,,,,,2021-04-08,https://realpython.github.io/fake-jobs/jobs/audiological-scientist-14.html,,2026-10-04T06:53:23.908735+00:00
0659a7f626719201,fake_jobs,English as a second language teacher,"Parker, Murphy and Brooks","Mitchellburgh, AE",False,,,,,,2021-04-08,https://realpython.github.io/fake-jobs/jobs/english-as-a-second-language-teacher-15.html,,2026-10-04T06:53:23.908735+00:00
e86a455e2d083caf,fake_jobs,Surgeon,Cruz-Brown,"West Jessicabury, AA",False,,,,,,2021-04-08,https://realpython.github.io/fake-jobs/jobs/surgeon-16.html,,2026-10-04T06:53:23.908735+00:00
31b43ddaab7fcca2,fake_jobs,Equities trader,Macdonald-Ferguson,"Maloneshire, AE",False,,,,,,2021-04-08,https://realpython.github.io/fake-jobs/jobs/equities-trader-17.html,,2026-10-04T06:53:23.908735+00:00
b23823436ae47d9b,fake_jobs,Newspaper journalist,"Williams, Peterson and Rojas","Johnsonton, AA",False,,,,,,2021-04-08,https://realpython.github.io/fake-jobs/jobs/newspaper-journalist-18.html,,2026-10-04T06:53:23.908735+00:00
3f0c5eb4b6e38369,fake_jobs,Materials engineer,Smith and Sons,"South Davidtown, AP",False,,,,,,2021-04-08,https://realpython.github.io/fake-jobs/jobs/materials-engineer-19.html,,2026-10-04T06:53:23.908735+00:00
1468368cd6f3cd4a,fake_jobs,Python Programmer (Entry-Level),"Moss, Duncan and Allen","Port Sara, AE",False,Junior,,,,Python,2021-04-08,https://realpython.github.io/fake-jobs/jobs/python-programmer-entry-level-20.html,,2026-10-04T06:53:23.908735+00:00
8998d04f0d5c44db,fake_jobs,Product/process development scientist,Gomez-Carroll,"Marktown, AA",False,,,,,,2021-04-08,https://realpython.github.io/fake-jobs/jobs/product-process-development-scientist-21.html,,2026-10-04T06:53:23.908735+00:00
9d546c97bcb76005,fake_jobs,"Scientist, research (maths)","Manning, Welch and Herring","Laurenland, AE",False,,,,,,2021-04-08,https://realpython.github.io/fake-jobs/jobs/scientist-research-maths-22.html,,2026-10-04T06:53:23.908735+00:00
e26786bca042b68d,fake_jobs,Ecologist,"Lee, Gutierrez and Brown","Lauraton, AP",False,,,,,,2021-04-08,https://realpython.github.io/fake-jobs/jobs/ecologist-23.html,,2026-10-04T06:53:23.908735+00:00
e3bd1cf0e8c77e38,fake_jobs,Materials engineer,"Davis, Serrano and Cook","South Tammyberg, AP",False,,,,,,2021-04-08,https://realpython.github.io/fake-jobs/jobs/materials-engineer-24.html,,2026-10-04T06:53:23.908735+00:00
a4736052dff8156a,fake_jobs,Historic buildings inspector/conservation officer,Smith LLC,"North Brandonville, AP",False,,,,,,2021-04-08,https://realpython.github.io/fake-jobs/jobs/historic-buildings-inspector-conservation-officer-25.html,,2026-10-04T06:53:23.908735+00:00
998cc34364f503da,fake_jobs,Data scientist,Thomas Group,"Port Robertfurt, AA",False,,,,,,2021-04-08,https://realpython.github.io/fake-jobs/jobs/data-scientist-26.html,,2026-10-04T06:53:23.908735+00:00
fe3e4d5d6addc467,fake_jobs,Psychiatrist,Silva-King,"Burnettbury, AE",False,,,,,,2021-04-08,https://realpython.github.io/fake-jobs/jobs/psychiatrist-27.html,,2026-10-04T06:53:23.908735+00:00
392739dd59dd2f12,fake_jobs,Structural engineer,Pierce-Long,"Herbertside, AA",False,,,,,,2021-04-08,https://realpython.github.io/fake-jobs/jobs/structural-engineer-28.html,,2026-10-04T06:53:23.908735+00:00
761b9f199d1d2612,fake_jobs,Immigration officer,Walker-Simpson,"Christopherport, AP",False,,,,,,2021-04-08,https://realpython.github.io/fake-jobs/jobs/immigration-officer-29.html,,2026-10-04T06:53:23.908735+00:00
1cfd79309cd8df2c,fake_jobs,Python Programmer (Entry-Level),Cooper and Sons,"West Victor, AE",False,Junior,,,,Python,2021-04-08,https://realpython.github.io/fake-jobs/jobs/python-programmer-entry-level-30.html,,2026-10-04T06:53:23.908735+00:00
74001ff6c563b549,fake_jobs,Neurosurgeon,"Donovan, Gonzalez and Figueroa","Port Aaron, AP",False,,,,,,2021-04-08,https://realpython.github.io/fake-jobs/jobs/neurosurgeon-31.html,,2026-10-04T06:53:23.908735+00:00
cfa9296142f21215,fake_jobs,Broadcast engineer,"Morgan, Butler and Bennett","Loribury, AA",False,,,,,,2021-04-08,https://realpython.github.io/fake-jobs/jobs/broadcast-engineer-32.html,,2026-10-04T06:53:23.908735+00:00
741eeaadf970946c,fake_jobs,Make,Snyder-Lee,"Angelastad, AP",False,,,,,,2021-04-08,https://realpython.github.io/fake-jobs/jobs/make-33.html,,2026-10-04T06:53:23.908735+00:00
06a8ff8ebfcbf39c,fake_jobs,"Nurse, adult",Harris PLC,"Larrytown, AE",False,,,,,,2021-04-08,https://realpython.github.io/fake-jobs/jobs/nurse-adult-34.html,,2026-10-04T06:53:23.908735+00:00
ff43d29308326eaf,fake_jobs,Air broker,Washington PLC,"West Colin, AP",False,,,,,,2021-04-08,https://realpython.github.io/fake-jobs/jobs/air-broker-35.html,,2026-10-04T06:53:23.908735+00:00
d2a59d0d5e2d586a,fake_jobs,"Editor, film/video","Brown, Price and Campbell","West Stephanie, AP",False,,,,,,2021-04-08,https://realpython.github.io/fake-jobs/jobs/editor-film-video-36.html,,2026-10-04T06:53:23.908735+00:00
122b0a038ee3b077,fake_jobs,"Production assistant, radio",Mcgee PLC,"Laurentown, AP",False,,,,,,2021-04-08,https://realpython.github.io/fake-jobs/jobs/production-assistant-radio-37.html,,2026-10-04T06:53:23.908735+00:00
3edde901510163fe,fake_jobs,"Engineer, communications",Dixon Inc,"Wrightberg, AP",False,,,,,,2021-04-08,https://realpython.github.io/fake-jobs/jobs/engineer-communications-38.html,,2026-10-04T06:53:23.908735+00:00
19d6150ad7be2b9e,fake_jobs,Sales executive,"Thompson, Sheppard and Ward","Alberttown, AE",False,,,,,,2021-04-08,https://realpython.github.io/fake-jobs/jobs/sales-executive-39.html,,2026-10-04T06:53:23.908735+00:00
ecb68f0cd916e970,fake_jobs,Software Developer (Python),Adams-Brewer,"Brockburgh, AE",False,,,,,Python,2021-04-08,https://realpython.github.io/fake-jobs/jobs/software-developer-python-40.html,,2026-10-04T06:53:23.908735+00:00
5ef9f610b9b7e8fc,fake_jobs,Futures trader,Schneider-Brady,"North Jason, AE",False,,,,,,2021-04-08,https://realpython.github.io/fake-jobs/jobs/futures-trader-41.html,,2026-10-04T06:53:23.908735+00:00
37282fb5e46e4e56,fake_jobs,Tour manager,Gonzales-Frank,"Arnoldhaven, AE",False,Manager,,,,,2021-04-08,https://realpython.github.io/fake-jobs/jobs/tour-manager-42.html,,2026-10-04T06:53:23.908735+00:00
c476920a4ce217ef,fake_jobs,Cytogeneticist,Smith-Wong,"Lake Destiny, AP",False,,,,,,2021-04-08,https://realpython.github.io/fake-jobs/jobs/cytogeneticist-43.html,,2026-10-04T06:53:23.908735+00:00
cf979cb0242bf59c,fake_jobs,"Designer, multimedia",Pierce-Herrera,"South Timothyburgh, AP",False,,,,,,2021-04-08,https://realpython.github.io/fake-jobs/jobs/designer-multimedia-44.html,,2026-10-04T06:53:23.908735+00:00
51d456a53fd954a7,fake_jobs,Trade union research officer,"Aguilar, Rivera and Quinn","New Jimmyton, AE",False,,,,,,2021-04-08,https://realpython.github.io/fake-jobs/jobs/trade-union-research-officer-45.html,,2026-10-04T06:53:23.908735+00:00
54917369d2cc79ef,fake_jobs,"Chemist, analytical","Lowe, Barnes and Thomas","New Lucasbury, AP",False,,,,,,2021-04-08,https://realpython.github.io/fake-jobs/jobs/chemist-analytical-46.html,,2026-10-04T06:53:23.908735+00:00
dfe9c14bc2ddefb4,fake_jobs,"Programmer, multimedia","Lewis, Gonzalez and Vasquez","Port Cory, AE",False,,,,,,2021-04-08,https://realpython.github.io/fake-jobs/jobs/programmer-multimedia-47.html,,2026-10-04T06:53:23.908735+00:00
f8d02ec8c4312ee1,fake_jobs,"Engineer, broadcasting (operations)",Taylor PLC,"Gileston, AA",False,,,,,,2021-04-08,https://realpython.github.io/fake-jobs/jobs/engineer-broadcasting-operations-48.html,,2026-10-04T06:53:23.908735+00:00
877eb454185bbcb8,fake_jobs,"Teacher, primary school","Oliver, Jones and Ramirez","Cindyshire, AA",False,,,,,,2021-04-08,https://realpython.github.io/fake-jobs/jobs/teacher-primary-school-49.html,,2026-10-04T06:53:23.908735+00:00
4d6be0bc127a0f60,fake_jobs,Python Developer,Rivera and Sons,"East Michaelfort, AA",False,,,,,Python,2021-04-08,https://realpython.github.io/fake-jobs/jobs/python-developer-50.html,,2026-10-04T06:53:23.908735+00:00
dab63d143ec533dc,fake_jobs,Manufacturing systems engineer,Garcia PLC,"Joybury, AE",False,,,,,,2021-04-08,https://realpython.github.io/fake-jobs/jobs/manufacturing-systems-engineer-51.html,,2026-10-04T06:53:23.908735+00:00
04a7a1fadf460c38,fake_jobs,"Producer, television/film/video","Johnson, Wells and Kramer","Emmatown, AE",False,,,,,,2021-04-08,https://realpython.github.io/fake-jobs/jobs/producer-television-film-video-52.html,,2026-10-04T06:53:23.908735+00:00
54e1a5e530cb1932,fake_jobs,"Scientist, forensic",Gonzalez LLC,"Colehaven, AP",False,,,,,,2021-04-08,https://realpython.github.io/fake-jobs/jobs/scientist-forensic-53.html,,2026-10-04T06:53:23.908735+00:00
c408a47d4005ad3c,fake_jobs,Bonds trader,"Morgan, White and Macdonald","Port Coryton, AE",False,,,,,,2021-04-08,https://realpython.github.io/fake-jobs/jobs/bonds-trader-54.html,,2026-10-04T06:53:23.908735+00:00
841d11589801b02c,fake_jobs,Editorial assistant,Robinson-Fitzpatrick,"Amyborough, AA",False,,,,,,2021-04-08,https://realpython.github.io/fake-jobs/jobs/editorial-assistant-55.html,,2026-10-04T06:53:23.908735+00:00
b5a614273d68682d,fake_jobs,Photographer,"Waters, Wilson and Hoover","Reynoldsville, AA",False,,,,,,2021-04-08,https://realpython.github.io/fake-jobs/jobs/photographer-56.html,,2026-10-04T06:53:23.908735+00:00
528d177559372092,fake_jobs,Retail banker,Hill LLC,"Port Billy, AP",False,,,,,,2021-04-08,https://realpython.github.io/fake-jobs/jobs/retail-banker-57.html,,2026-10-04T06:53:23.908735+00:00
1b005be77edd0c36,fake_jobs,Jewellery designer,Li-Gregory,"Adamburgh, AA",False,,,,,,2021-04-08,https://realpython.github.io/fake-jobs/jobs/jewellery-designer-58.html,,2026-10-04T06:53:23.908735+00:00
07a0fff69affe5b8,fake_jobs,Ophthalmologist,"Fisher, Ryan and Coleman","Wilsonmouth, AA",False,,,,,,2021-04-08,https://realpython.github.io/fake-jobs/jobs/ophthalmologist-59.html,,2026-10-04T06:53:23.908735+00:00
c2090c5004a25e89,fake_jobs,"Back-End Web Developer (Python, Django)",Stewart-Alexander,"South Kimberly, AA",False,,,,,Python; Django,2021-04-08,https://realpython.github.io/fake-jobs/jobs/back-end-web-developer-python-django-60.html,,2026-10-04T06:53:23.908735+00:00
7e26d0475f516266,fake_jobs,Licensed conveyancer,Abbott and Sons,"Benjaminland, AP",False,,,,,,2021-04-08,https://realpython.github.io/fake-jobs/jobs/licensed-conveyancer-61.html,,2026-10-04T06:53:23.908735+00:00
c473058df3503766,fake_jobs,Futures trader,"Bryant, Santana and Davenport","Zacharyport, AA",False,,,,,,2021-04-08,https://realpython.github.io/fake-jobs/jobs/futures-trader-62.html,,2026-10-04T06:53:23.908735+00:00
cae4ecc2bb9c7d8d,fake_jobs,Counselling psychologist,Smith PLC,"Port Devonville, AE",False,,,,,,2021-04-08,https://realpython.github.io/fake-jobs/jobs/counselling-psychologist-63.html,,2026-10-04T06:53:23.908735+00:00
2e33d11028184077,fake_jobs,Insurance underwriter,Patterson-Singh,"East Thomas, AE",False,,,,,,2021-04-08,https://realpython.github.io/fake-jobs/jobs/insurance-underwriter-64.html,,2026-10-04T06:53:23.908735+00:00
4bd9f7e910a255f6,fake_jobs,"Engineer, automotive",Martinez-Berry,"New Jeffrey, AP",False,,,,,,2021-04-08,https://realpython.github.io/fake-jobs/jobs/engineer-automotive-65.html,,2026-10-04T06:53:23.908735+00:00
aac6e558f8558066,fake_jobs,"Producer, radio","May, Taylor and Fisher","Davidside, AA",False,,,,,,2021-04-08,https://realpython.github.io/fake-jobs/jobs/producer-radio-66.html,,2026-10-04T06:53:23.908735+00:00
6cefb2c0c89b23f0,fake_jobs,Dispensing optician,"Bailey, Owen and Thompson","Jamesville, AA",False,,,,,,2021-04-08,https://realpython.github.io/fake-jobs/jobs/dispensing-optician-67.html,,2026-10-04T06:53:23.908735+00:00
15ba1f35ad647a44,fake_jobs,"Designer, fashion/clothing",Vasquez Ltd,"New Kelly, AP",False,,,,,,2021-04-08,https://realpython.github.io/fake-jobs/jobs/designer-fashion-clothing-68.html,,2026-10-04T06:53:23.908735+00:00
312d36cf9cd23cbc,fake_jobs,Chartered loss adjuster,Leblanc LLC,"Lake Antonio, AA",False,,,,,,2021-04-08,https://realpython.github.io/fake-jobs/jobs/chartered-loss-adjuster-69.html,,2026-10-04T06:53:23.908735+00:00
b2e4547bf047bd68,fake_jobs,"Back-End Web Developer (Python, Django)","Jackson, Ali and Mckee","New Elizabethside, AA",False,,,,,Python; Django,2021-04-08,https://realpython.github.io/fake-jobs/jobs/back-end-web-developer-python-django-70.html,,2026-10-04T06:53:23.908735+00:00
9252d4e6c7ca5203,fake_jobs,Forest/woodland manager,"Blankenship, Knight and Powell","Millsbury, AE",False,Manager,,,,,2021-04-08,https://realpython.github.io/fake-jobs/jobs/forest-woodland-manager-71.html,,2026-10-04T06:53:23.908735+00:00
a721d834a0eada9c,fake_jobs,Clinical cytogeneticist,"Patton, Haynes and Jones","Lloydton, AP",False,,,,,,2021-04-08,https://realpython.github.io/fake-jobs/jobs/clinical-cytogeneticist-72.html,,2026-10-04T06:53:23.908735+00:00
b2ee7852d72e7423,fake_jobs,Print production planner,Wood Inc,"Port Jeremy, AA",False,,,,,,2021-04-08,https://realpython.github.io/fake-jobs/jobs/print-production-planner-73.html,,2026-10-04T06:53:23.908735+00:00
d4688dd68baa1b95,fake_jobs,Systems developer,Collins Group,"New Elizabethtown, AA",False,,,,,,2021-04-08,https://realpython.github.io/fake-jobs/jobs/systems-developer-74.html,,2026-10-04T06:53:23.908735+00:00
660b12908f41a0fb,fake_jobs,Graphic designer,Flores-Nelson,"Charlesstad, AE",False,,,,,,2021-04-08,https://realpython.github.io/fake-jobs/jobs/graphic-designer-75.html,,2026-10-04T06:53:23.908735+00:00
31897e82c8916804,fake_jobs,Writer,"Mitchell, Jones and Olson","Josephbury, AE",False,,,,,,2021-04-08,https://realpython.github.io/fake-jobs/jobs/writer-76.html,,2026-10-04T06:53:23.908735+00:00
caf09b5c6832a797,fake_jobs,Field seismologist,Howard Group,"Seanfurt, AA",False,,,,,,2021-04-08,https://realpython.github.io/fake-jobs/jobs/field-seismologist-77.html,,2026-10-04T06:53:23.908735+00:00
47961d89536faefd,fake_jobs,Chief Strategy Officer,Kramer-Edwards,"Williambury, AA",False,Manager,,,,,2021-04-08,https://realpython.github.io/fake-jobs/jobs/chief-strategy-officer-78.html,,2026-10-04T06:53:23.908735+00:00
4c39993369d408f4,fake_jobs,Air cabin crew,Berry-Houston,"South Jorgeside, AP",False,,,,,,2021-04-08,https://realpython.github.io/fake-jobs/jobs/air-cabin-crew-79.html,,2026-10-04T06:53:23.908735+00:00
b80dd3c53c06cace,fake_jobs,Python Programmer (Entry-Level),Mathews Inc,"Robertborough, AP",False,Junior,,,,Python,2021-04-08,https://realpython.github.io/fake-jobs/jobs/python-programmer-entry-level-80.html,,2026-10-04T06:53:23.908735+00:00
f49a1f976e24fd79,fake_jobs,Warden/ranger,Riley-Johnson,"South Saratown, AP",False,,,,,,2021-04-08,https://realpython.github.io/fake-jobs/jobs/warden-ranger-81.html,,2026-10-04T06:53:23.908735+00:00
943048e59a1ea7df,fake_jobs,Sports therapist,Spencer and Sons,"Hullview, AA",False,,,,,,2021-04-08,https://realpython.github.io/fake-jobs/jobs/sports-therapist-82.html,,2026-10-04T06:53:23.908735+00:00
7765dfada66c49fa,fake_jobs,Arts development officer,Camacho-Sanchez,"Philipland, AP",False,,,,,,2021-04-08,https://realpython.github.io/fake-jobs/jobs/arts-development-officer-83.html,,2026-10-04T06:53:23.908735+00:00
27f666e7b58b01a3,fake_jobs,Printmaker,Oliver and Sons,"North Patty, AE",False,,,,,,2021-04-08,https://realpython.github.io/fake-jobs/jobs/printmaker-84.html,,2026-10-04T06:53:23.908735+00:00
1c39e54763ea7b3e,fake_jobs,Health and safety adviser,Eaton PLC,"North Stephen, AE",False,,,,,,2021-04-08,https://realpython.github.io/fake-jobs/jobs/health-and-safety-adviser-85.html,,2026-10-04T06:53:23.908735+00:00
183efdb89baca9da,fake_jobs,Manufacturing systems engineer,Stanley-Frederick,"Stevensland, AP",False,,,,,,2021-04-08,https://realpython.github.io/fake-jobs/jobs/manufacturing-systems-engineer-86.html,,2026-10-04T06:53:23.908735+00:00
0407f817356b683c,fake_jobs,"Programmer, applications",Bradley LLC,"Reyesstad, AE",False,,,,,,2021-04-08,https://realpython.github.io/fake-jobs/jobs/programmer-applications-87.html,,2026-10-04T06:53:23.908735+00:00
d738d412021d077e,fake_jobs,Medical physicist,"Parker, Goodwin and Zavala","Bellberg, AP",False,,,,,,2021-04-08,https://realpython.github.io/fake-jobs/jobs/medical-physicist-88.html,,2026-10-04T06:53:23.908735+00:00
a7f69ba2775b66fb,fake_jobs,Media planner,Kim-Miles,"North Johnland, AE",False,,,,,,2021-04-08,https://realpython.github.io/fake-jobs/jobs/media-planner-89.html,,2026-10-04T06:53:23.908735+00:00
961964e836cb7d5c,fake_jobs,Software Developer (Python),Moreno-Rodriguez,"Martinezburgh, AE",False,,,,,Python,2021-04-08,https://realpython.github.io/fake-jobs/jobs/software-developer-python-90.html,,2026-10-04T06:53:23.908735+00:00
c3ccc058e6a31a11,fake_jobs,"Surveyor, land/geomatics",Brown-Ortiz,"Joshuatown, AE",False,,,,,,2021-04-08,https://realpython.github.io/fake-jobs/jobs/surveyor-land-geomatics-91.html,,2026-10-04T06:53:23.908735+00:00
a886a5c38ddf6b45,fake_jobs,Legal executive,Hartman PLC,"West Ericstad, AA",False,,,,,,2021-04-08,https://realpython.github.io/fake-jobs/jobs/legal-executive-92.html,,2026-10-04T06:53:23.908735+00:00
2e0903240de5967e,fake_jobs,"Librarian, academic",Brooks Inc,"Tuckertown, AE",False,,,,,,2021-04-08,https://realpython.github.io/fake-jobs/jobs/librarian-academic-93.html,,2026-10-04T06:53:23.908735+00:00
782a4874388b671a,fake_jobs,Barrister,Washington-Castillo,"Perezton, AE",False,,,,,,2021-04-08,https://realpython.github.io/fake-jobs/jobs/barrister-94.html,,2026-10-04T06:53:23.908735+00:00
3158f8d096920cf3,fake_jobs,Museum/gallery exhibitions officer,"Nguyen, Yoder and Petty","Lake Abigail, AE",False,,,,,,2021-04-08,https://realpython.github.io/fake-jobs/jobs/museum-gallery-exhibitions-officer-95.html,,2026-10-04T06:53:23.908735+00:00
ae20feafc454a128,fake_jobs,"Radiographer, diagnostic",Holder LLC,"Jacobshire, AP",False,,,,,,2021-04-08,https://realpython.github.io/fake-jobs/jobs/radiographer-diagnostic-96.html,,2026-10-04T06:53:23.908735+00:00
7238c114bc0136c4,fake_jobs,Database administrator,Yates-Ferguson,"Port Susan, AE",False,,,,,,2021-04-08,https://realpython.github.io/fake-jobs/jobs/database-administrator-97.html,,2026-10-04T06:53:23.908735+00:00
6847f72364a7eafd,fake_jobs,Furniture designer,Ortega-Lawrence,"North Tiffany, AA",False,,,,,,2021-04-08,https://realpython.github.io/fake-jobs/jobs/furniture-designer-98.html,,2026-10-04T06:53:23.908735+00:00
7c274c9543c147d4,fake_jobs,Ship broker,"Fuentes, Walls and Castro","Michelleville, AP",False,,,,,,2021-04-08,https://realpython.github.io/fake-jobs/jobs/ship-broker-99.html,,2026-10-04T06:53:23.908735+00:00
cd3d47e47943b324,hn_hiring,Remote (US and Canada),Mattermost,FT,True,,142723.0,172723.0,USD,TypeScript; Go; React; PostgreSQL; Redis,2026-10-03,https://news.ycombinator.com/item?id=49946276,"Mattermost | Remote (US and Canada) | FT | Multiple roles Mattermost (https://mattermost.com) is an open-core collaboration and workflow automation platform for air-gapped, on-prem and private clouds. Our customers are in defense, intelligence, security and critical infrastructure, including the USAF and NASA. Y Combinator led our Series B, their largest open-source investment at the time. Both openings are full stack on the core platform: Go backend, React/TypeScript frontend, PostgreSQL and Redis. The codebase is public (https://github.com/mattermost/mattermost), so most of what you build is too. We would rather hire people who ship and own complex software end to end than chase an exact stack match, so any systems or backend language and any frontend stack counts. What we look for in both roles: REST and WebSocket APIs with real networking fundamentals (HTTP, connection lifecycle), and relational databases including schema design and query optimization. We use coding agents daily (Claude Code, Cursor, and others) at every stage of the work: planning, building, reviewing, testing, and shipping. We treat that as core craft rather than a shortcut around the fundamentals. If you have a track record of shipping and owning complex software end-to-end, we want to hear from you. Senior Full Stack Engineer $142,723 - $172,723 USD Architect and ship full stack features end to end, own the testing strategy for what you ship, and build internal tooling and testing infrastructure that...",2026-10-04T06:53:23.908735+00:00
ef47d9a44a58e3fd,hn_hiring,Senior Software Engineer - AI Foundations,Kraken Tech,"London, Paris, Berlin, Tokyo, New York, Remote",True,Senior,,,,Machine Learning; Generative AI,2026-10-03,https://news.ycombinator.com/item?id=49945738,"Kraken Tech | Senior Software Engineer - AI Foundations | London, Paris, Berlin, Tokyo, New York, Remote | Full Time | https://kraken.tech Help us use technology to make a big green dent in the universe! Kraken powers some of the most innovative global developments in energy. We’re a technology company focused on creating a smart, sustainable energy system. From optimising renewable generation, creating a more intelligent grid and enabling utilities to provide excellent customer experiences, our operating system for energy is transforming the industry around the world in a way that benefits everyone. You’ll work in the AI Foundations team which exists to enable AI across the entire company. We build the shared platforms, tooling and patterns that enable engineering & product teams to safely, reliably and efficiently use machine learning and generative AI across the business. This is not a research lab. This is a delivery-focused team that sits at the intersection of platform engineering, applied ML and developer enablement. Apply through the link below, or send me an email to omer.korner at our domain name. https://jobs.ashbyhq.com/krakentech/28653f8c-bc4d-4159-a331-...",2026-10-04T06:53:23.908735+00:00
4d482ac3fdc0415e,hn_hiring,Senior Fullstack Engineer,Ripple,Ruby/React/Postgres/AWS,False,Senior,,,,Ruby; React; PostgreSQL; AWS,2026-10-03,https://news.ycombinator.com/item?id=49945147,"Ripple | Senior Fullstack Engineer | Ruby/React/Postgres/AWS | Based in Dublin, Ireland/ London, UK | Full-time | Hybrid Building out an existing Treasury Management system that manages $100B+ in daily global cash flow. Financial background not required, as we will teach you on job. https://treasury.ripple.com/ Want to learn more, DM me.",2026-10-04T06:53:23.908735+00:00
294c8e4b39dd29d0,hn_hiring,"Zurich, Switzerland / Berlin, Germany / other global locations",GetYourGuide,Hybrid (3 Days/week In The Office),False,,,,,,2026-10-03,https://news.ycombinator.com/item?id=49943992,"GetYourGuide | Zurich, Switzerland / Berlin, Germany / other global locations | HYBRID (3 days/week in the office) | https://www.getyourguide.com We're hiring across Engineering, Product & Design, Sales, Marketing, Care, Business Operations, and more. Explore all openings and apply at: https://www.getyourguide.careers/open-roles If you're interested, send me a message on LinkedIn: https://tinyurl.com/gyg-jaro",2026-10-04T06:53:23.908735+00:00
95f1a8f36c9aceac,hn_hiring,"Member of Technical Staff, Applied AI",GC AI,Remote (US/Canada),True,Lead,180000.0,430000.0,USD,JavaScript; TypeScript; React; Machine Learning; LLM; RAG,2026-10-03,https://news.ycombinator.com/item?id=49943713,"GC AI | Member of Technical Staff, Applied AI | REMOTE (US/Canada) | $180K–$430K + equity GC AI is building an AI platform for in-house legal teams, helping lawyers draft, review, and analyze legal documents. The product is used by 1,800+ companies, including 150+ public companies and 25+ unicorns. GC AI raised a $60M Series B in November 2025 at a $555M valuation. We’re hiring 5 engineers for the Applied AI team. This is a full-stack product engineering role with a strong AI execution layer — not an ML research or data science position. We’re looking for engineers with: - Deep, recent TypeScript/JavaScript + React production experience - Hands-on experience shipping LLM-powered product features - Experience with LLM orchestration, RAG, integrations, agents, and/or evaluation systems - Strong end-to-end product ownership, from architecture through production - A track record of shipping quickly and working closely with product Strong signals include founding/founding-engineer experience, meaningful startup ownership, or experience scaling products at strong engineering companies before moving into a smaller high-ownership environment. The Applied AI team also owns substantial model evaluation work as new models ship, and builds internal frameworks that allow the team to prototype and productionize new AI capabilities quickly. Location: Remote across the US and Canada Hybrid: Tue–Thu in-office if you’re within ~50 miles of San Mateo, CA or Provo, UT Comp: $180K–$430K + equity...",2026-10-04T06:53:23.908735+00:00
4abf58fedce4510f,hn_hiring,Various Software Engineering Roles,Prophet Town LLC,US – Remote And Hybrid,True,,140000.0,264000.0,USD,LLM,2026-10-03,https://news.ycombinator.com/item?id=49940381,"Prophet Town LLC | Various Software Engineering Roles | US – Remote and Hybrid | English fluency required | Full-time | $140K-$264K annual total comp (multiple) We are a people-first, boutique tech agency creating on-demand teams and software solutions for long-standing clients. These clients trust us to practice engineering excellence as though we were members of their own staff. Our leadership team is ex-Fortune 100 with software engineering backgrounds: we’re still coding. Notable recent projects include a gigantic ERP migration for Anduril, and working with Surge Labs to help develop some of the frontier LLM models from the big guys themselves (yes, seriously). This is a remote-first agency, but some projects involve onsite work. I’m the founder and CEO, and I’m trying to do what I call “enlightened business”. I take responsibility for both staff and clients, and I look for people who approach their work with a similar sense of ownership. We continue the hiring push we were running last month too: our current work would especially benefit from from ai-forward senior engineering expertise that can design RL benchmarks, red-team model outputs, and create rubrics to evaluate and enhance the agentic coding capabilities of various frontier models. We received 216 applications in our August posting, and issued offers to approximately 10 (still following up with a few). Applicants must meet a high bar - I intend to have a personal relationship with every hire. In return you’ll...",2026-10-04T06:53:23.908735+00:00
65326f45baf5deec,hn_hiring,https://hover.to,Hover,"San Francisco, CA & New York, NY",False,,,,,,2026-10-02,https://news.ycombinator.com/item?id=49939804,"Hover | https://hover.to | San Francisco, CA & New York, NY | ONSITE | Full-time Role: Senior Software Engineer, 3D Measurements --> https://hover.to/job-posts/7723481 We are writing software that generates 3D models of buildings. The construction and insurance industry uses those models to derive metrics, estimate construction/repair cost (think water damage due to flooding, wind damage etc.) and accelerate claims processing. Our long term ambition is to have an accurate and up to date 3D model (digital twin) of every building on the planet. Hover is expanding the team on many fronts. The 3D Measurements team in particular is looking for talented & experienced software engineers that have proven experience designing and implementing systems for 3D modeling, reconstruction, or CAD-related software and that bring a solid foundation in geometry and 3D math. If you're interested in working with us, please apply online at https://hover.to/careers/#open-roles. Mention you're from HN and let us know what you've been working on lately.",2026-10-04T06:53:23.908735+00:00
af3d956cf86f8a09,hn_hiring,"Software engineers (backend and generalist product engineers, founding recruiter)",New Lantern,Https://newlantern.ai,False,,,,,,2026-10-02,https://news.ycombinator.com/item?id=49939371,"New Lantern | https://newlantern.ai | Software engineers (backend and generalist product engineers, founding recruiter) | Full time in San Francisco, CA (ONSITE) New Lantern is building an AI radiology resident—think Cursor for radiologists. Our application integrates the three software tools radiologists use all day [1], together with AI, to create a platform that saves radiologists toil and lets them focus on reading images and finding disease. We are a series A startup with ~20 engineers (~40 total staff), have a number of live customers generating revenue, plenty of runway, and are backed by Benchmark, Anthropic, and other great investors. Our customers have told us they would cry if they couldn't use our product anymore. We're hiring for backend and product engineering, as well as a founding recruiter to help us scale. You'll work directly with our founder/CEO, our staff radiologists, and our end users to build a product that radiologists rely on daily. You'll have real ownership and autonomy, and ship meaningful work frequently. I'm Steve, New Lantern's Head of Engineering. If you're interested or want to learn more, shoot me a note at (my HN username)@newlantern.ai. I've already hired one engineer from HN this year and interviewed many more! [1] a radiology image archive & viewer, a medical report dictation system, and work management system",2026-10-04T06:53:23.908735+00:00
57c62150e12985a5,hn_hiring,Growth Marketing Engineer (AI-First),Privy.pro,Remote (Americas: US Or LatAm),True,,,,,,2026-10-02,https://news.ycombinator.com/item?id=49939260,"Privy.pro | Growth Marketing Engineer (AI-First) | REMOTE (Americas: US or LatAm) | Part-time contract, path to full-time | $3,500-$5,000 USD/month Privy.pro is an established software platform for residential real estate investors and agents, with a paying user base and seven-figure recurring revenue. Our intelligence is live: we track investor activity and market changes as they happen, and our patented algorithms turn that into personalized deal and market intelligence. We're looking for someone who builds growth systems with AI rather than just running campaigns. You'll work directly with the CEO to build an always-on growth engine: content and video from our data, SEO/AEO, landing pages, email journeys, outbound, tracking and attribution. Expect to ship a new working system every week or two, built with Claude, Claude Code and Cowork on company accounts. Good fit: you already use Claude or similar tools daily to build real things, you think like a marketer, and you can show results you owned. HubSpot, Clay or outbound/journey experience is a plus. Paid trial of up to 90 days, then a path to full-time. Apply (about 15 minutes, includes a 90-second video): https://privypro.notion.site/99b8893c09ed4967b38c8c50aa953d2... Questions: careers@privy.pro",2026-10-04T06:53:23.908735+00:00
f7050adf5a1347ba,hn_hiring,Senior Mobile Developer (iOS),Perry Street Software,Https://www.perrystreet.com/careers,True,Senior,,,,Kotlin; Swift; Android; iOS,2026-10-02,https://news.ycombinator.com/item?id=49939047,"Perry Street Software | Senior Mobile Developer (iOS) | https://www.perrystreet.com/careers | Remote (North America / LatAm) | Full-Time Perry Street Software publishes Jack'd and SCRUFF, two of the world's largest LGBTQ+ dating apps on iOS and Android. Our brands reach more than 30 million members worldwide, so members can connect, meet and express themselves on a platform that prioritizes privacy, security, and community. Our company puts user privacy first, and doesn't sell data or use third-party ad networks. As a Senior Mobile Developer, you will help us build the user-facing pieces of the next generation of Scruff and Jack’d. We are looking for engineers who are passionate about architecture and excited to become polyglot in their understanding of Swift, Kotlin, and backend framework languages. We are a small, nimble company, so the ability to make an impact is significant. The position is 40 hours per week and ongoing/full-time. What you'll do: - Clean architecture using dependency injection (Koin/Swinject), modules, and functional & reactive programming (RxJava/Combine) - Modern UIs with a live style guide and Jetpack Compose/SwiftUI - Test and behavior-driven development, starting with the ViewModel layer (see our blogs), using Quick/Nimble, KoTest, Konsist, and CombineExpectations. - We are pioneers of architectural linters (we are the #1 consumer of Konsist and introduced Harmonize for iOS). This enables us to apply architectural principles across a global, distri...",2026-10-04T06:53:23.908735+00:00
153dba1e290b996b,hn_hiring,Full-time,Middesk,NYC / SF,False,,148000.0,255000.0,USD,,2026-10-02,https://news.ycombinator.com/item?id=49937835,"Middesk | Full-time | NYC / SF | Hybrid | middesk.com At Middesk, we're building the business identity infrastructure that banks, fintechs, and platforms rely on to know who they're doing business with — powering KYB (Know Your Business) compliance, fraud prevention, and entity verification at scale. We're expanding beyond verification into a full agentic compliance platform — orchestrators and specialist agents that automate what used to be manual compliance review. Backed by YC, Sequoia, and Accel (Series B). We're a small, sharp team with high ownership — engineers work closely with customers and leadership, and get to see their work ship fast. Open roles: Forward Deployed Engineer ($148K – $255K) — NYC or SF, hybrid (2x/week in office) Apply here —> https://jobs.ashbyhq.com/middesk/a72b1048-1001-49b1-92bd-9c4... (Senior) Software Engineer ($148K – $250K) — NYC or SF, hybrid (2x/week in office) Apply here —> https://jobs.ashbyhq.com/middesk/e1c6af86-dce1-495f-a710-ad3... Data Scientist ($175K – $210K) — NYC or SF, hybrid (2x/week in office) Apply here —> https://jobs.ashbyhq.com/middesk/f0da59d3-43fa-460b-88ea-4fc... Lead Data Scientist ($210K – $250K) — NYC or SF, hybrid (2x/week in office) Apply here —> https://jobs.ashbyhq.com/middesk/7fd5aeb2-c33c-4f0a-ad3d-216... Software Engineer, Infrastructure ($148K – $230K) — SF, hybrid (2x/week in office) Apply here —> https://jobs.ashbyhq.com/middesk/aed2c535-cd58-4920-9618-a0c...",2026-10-04T06:53:23.908735+00:00
9bc55b4a9473b7b1,hn_hiring,Principal Software Engineer (Java),Tivly,"[Remote (US) Only Currently Residing In: Alabama, Florida, Georgia, Michigan, Mississippi, Missouri, North Carolina, Oklahoma, Tennessee, Texas, Or Virginia.]",True,Lead,170000.0,190000.0,USD,Java; Spring Boot; Microservices; Kafka; PostgreSQL; AWS,2026-10-02,https://news.ycombinator.com/item?id=49937789,"Tivly | Principal Software Engineer (Java) | | [REMOTE (US) only currently residing in: Alabama, Florida, Georgia, Michigan, Mississippi, Missouri, North Carolina, Oklahoma, Tennessee, Texas, or Virginia.] | Full-time | [$170k–$190k + bonus] Tivly helps small business owners find the right insurance coverage quickly by connecting them with carriers and agents through our marketplace platform. We're hiring a hands-on Principal Engineer to own architecture across our Java platform: setting technical direction, leading cross-team design, and mentoring senior engineers while still writing code. Stack: Java 17+, Spring Boot, microservices, AWS, Kafka, PostgreSQL Looking for: 10+ years building and scaling distributed systems in production, and experience leading technical direction across multiple teams. Apply: tivly.com/careers",2026-10-04T06:53:23.908735+00:00
7d6a5f6f5201fbd2,hn_hiring,Embedded Software Engineer,Paradromics,"Austin, TX Or Oakland, CA",False,,,,,TypeScript; Rust; Linux; Machine Learning,2026-10-02,https://news.ycombinator.com/item?id=49937104,"Paradromics | Embedded Software Engineer | Austin, TX or Oakland, CA | Onsite | Full-time Paradromics is building a high bandwidth brain-machine interface for clinical use. The implant we built is restoring function to patients by streaming out neural data from specific brain regions in real time, which we convert to e.g. speech using machine learning. Check out our recent article in the NYT: https://archive.ph/C6CRb . We're looking for help in further developing and hardening our embedded Linux components, which work in tandem with FPGAs and our custom ASICs to read out neural data. Some of the ongoing efforts are: HIL testing on real devices, integrating new sensor ASICs, maintaining our Yocto build system, exploratory work on prototypes, improving our clinical UX, and improving the core code that receives and massages data. The code is largely written in Rust with a little Typescript, (and bash, and bitbake recipes, etc). You'll be expected to have experience constructing reliable and understandable software in Linux, and some level of experience in building and interacting with embedded hardware. Rust experience is ideal but not necessary. We're not looking for a specific number of YoE, but for motivated and hungry engineers who want to push the frontier of brain-machine interfaces. To apply visit https://paradromicsinc.applytojob.com/apply/u5hXN4N9ID/Embed... or email your resume and a little about yourself to me, ehuber@paradromics.com . I'll be glad to hear from you!",2026-10-04T06:53:23.908735+00:00
7f56dd30b768b874,hn_hiring,"Software Engineers (C++, Python)",Vola Dynamics,NYC / CT,False,,,,,Python; Java; C++; C#,2026-10-02,https://news.ycombinator.com/item?id=49937058,"Vola Dynamics | Software Engineers (C++, Python) | NYC / CT | HYBRID | Full-time Vola Dynamics (https://voladynamics.com) builds the core C++/Java/C#/Python quant library that powers options trading and analytics at many of the world’s most sophisticated prop shops, market makers, hedge funds, and banks. Our volatility fitter and ultra-fast option pricers are the market standard. We're hiring for C++ engineers to work on our core library as well as Python engineers to build a new streaming data infrastructure from the ground up. Work style: Hybrid in NYC or South Norwalk, CT. In-office on Tuesday and Thursday. Apply here (https://jobs.ashbyhq.com/voladynamics) or email us at ""resumes [at] voladynamics [dot] com"" and mention HN in the subject.",2026-10-04T06:53:23.908735+00:00
c2aadae0fb0470e4,hn_hiring,Remote,ClickHouse,Https://clickhouse.com/,True,,,,,,2026-10-02,https://news.ycombinator.com/item?id=49936893,ClickHouse | Remote | Full-time | https://clickhouse.com/ ClickHouse Labs is an applied research group that works closely with engineering teams to identify challenging problems in database systems and develop novel solutions. Our goal is to advance the state of the art and translate research ideas into real-world system improvements. I am looking for database / systems / AI researchers to help establish a world-class research team: * Research Scientist (all levels): https://jobs.ashbyhq.com/clickhouse/962f45f3-d8d3-4073-add2-... ---- More info: https://clickhouse.com/blog/andy-pavlo-joins-clickhouse HN discussion: https://news.ycombinator.com/item?id=49156011,2026-10-04T06:53:23.908735+00:00
fb39b58d1c22355e,hn_hiring,k2space.com,K2 Space,"Torrance, CA OR Seattle, WA",False,,,,,Rust,2026-10-02,https://news.ycombinator.com/item?id=49936718,"K2 Space | k2space.com | Torrance, CA OR Seattle, WA | ONSITE | Full Time K2 is building the largest and highest-power satellites ever flown, unlocking performance levels previously out of reach across every orbit. The rise of heavy-lift launch vehicles is shifting the industry from an era of mass constraint to one of mass abundance, and we believe this new era demands a fundamentally different class of spacecraft. The software team at K2 is building our stack primarily in Rust. You will be able to write mission-critical code that controls and tests propulsion systems, attitude control systems, and power systems to ensure safe and reliable operation of the vehicle. Roles: - Flight Software Engineer: https://job-boards.greenhouse.io/k2spacecorporation/jobs/516... - Senior Flight Software Engineer: https://job-boards.greenhouse.io/k2spacecorporation/jobs/516... - Principal Flight Software Engineer: https://job-boards.greenhouse.io/k2spacecorporation/jobs/502... - Software Development Engineer, Test Infra (All Levels): https://job-boards.greenhouse.io/k2spacecorporation/jobs/521... - OS Platform Engineer (All Levels): https://job-boards.greenhouse.io/k2spacecorporation/jobs/521... - Ground Software Engineer: https://job-boards.greenhouse.io/k2spacecorporation/jobs/524... - Senior Ground Software Engineer: https://job-boards.greenhouse.io/k2spacecorporation/jobs/520... Email for Q's: oliver at k2space dot com Mention that you came from here in your application!",2026-10-04T06:53:23.908735+00:00
11d96ae51f57fd15,hn_hiring,Remote (US) or Santa Clara or Brooklyn,Oklo,Https://oklo.com,True,,,,,Machine Learning,2026-10-02,https://news.ycombinator.com/item?id=49936182,"Oklo | Remote (US) or Santa Clara or Brooklyn | Full time | https://oklo.com Join us in pioneering the next generation of nuclear reactors! You'll leverage your software skills alongside nuclear engineers to model, simulate, design, and deploy advanced fission power technology. You will work at the forefront of the nuclear industry, developing novel techniques to reach new levels of safety, efficiency, and resiliency. Come be a part of powering the future with advanced fission power plants to provide clean, reliable, affordable energy. We are hiring for: - Software Engineer: https://job-boards.greenhouse.io/oklo/jobs/4018702004 - Senior Software Engineer: https://job-boards.greenhouse.io/oklo/jobs/5739483004 - Software Engineer (Applied AI/ML): https://job-boards.greenhouse.io/oklo/jobs/6150355004 See more opportunities here: https://job-boards.greenhouse.io/oklo Please mention Hacker News in your cover letter!",2026-10-04T06:53:23.908735+00:00
da5c03f4360f3f3e,hn_hiring,(Founding) AI Systems Engineer,Charly,On-site Berlin,False,,60000.0,100000.0,EUR,,2026-10-02,https://news.ycombinator.com/item?id=49935697,"Charly | (Founding) AI Systems Engineer | 60-100k EUR | On-site Berlin | Seed | 7 headcount, 5 in engineering Charly is a voice and AI solution for municipalities and public services. After launching 12 months ago we have on-boarded over 100 municipalities and are looking to double engineering (and sales over the next months). We are looking for ambitious and customer-oriented engineers who want to build the best agentic solution for public stakeholders. On-site only in Berlin. https://hallocharly.de/en/careers/senior-ai-systems-engineer or info @ zaitgeist.com",2026-10-04T06:53:23.908735+00:00
6b81183aa2176a1a,hn_hiring,Senior Software Engineer,Small prop-trading firm,Onsite,False,Senior,,,,,2026-10-02,https://news.ycombinator.com/item?id=49935692,"Small prop-trading firm | Senior Software Engineer | Onsite | Paris, France | Full-time | Competitive comp Hi HN, we're a small proprietary trading firm focused on prediction markets & sports. If you love great software, sports, maths and want lots of ownership - come join us! Ideally, you have experience in software engineering for quant finance, but this isn't a hard filter. More details here: https://www.kairos-research.ai/blog/cracked-software-enginee...",2026-10-04T06:53:23.908735+00:00
3fcd904d96758134,hn_hiring,Multiple roles - Software - AI - FDE - Cloud,Wipro.com,Global (US/CAN/EU/India),True,,,,,,2026-10-02,https://news.ycombinator.com/item?id=49935587,"Wipro.com | Multiple roles - Software - AI - FDE - Cloud | Global (US/CAN/EU/India) | on-site and remote My company is hiring for multiple roles, and I'd like to offer internal referrals to qualified candidates from this community. I'm doing this purely because we need great talent—I don't benefit personally from referrals. If you're interested, feel free to send a brief introduction to contact info in my profile. I'll follow up with my company email to discuss the opportunity further. Check out the open roles here: https://careers.wipro.com/",2026-10-04T06:53:23.908735+00:00
8abc78f608205e6d,hn_hiring,"Technical PM, ML Infra, Research Scientist/Engineer, Backend, Full Stack",Prior Labs,"Berlin, Freiburg, NYC",False,,,,,Machine Learning; Deep Learning; LLM,2026-10-02,https://news.ycombinator.com/item?id=49935497,"Prior Labs | Berlin, Freiburg, NYC | ONSITE | Full-time | Technical PM, ML Infra, Research Scientist/Engineer, Backend, Full Stack We build foundation models for tabular data. Deep learning transformed text and images but mostly skipped tables, which are still the data behind most clinical trials, financial models and scientific experiments. The reason is structural: no natural sequence, no spatial structure, no shared vocabulary across datasets, so the architectures and scaling laws behind LLMs don't transfer. Our approach: pre-train a transformer on millions of synthetic datasets sampled from causal-structure priors. The whole dataset goes in as context, predictions come out in one forward pass. No per-dataset training, no hyperparameter tuning, seconds instead of hours. TabPFN v2 was published in Nature and set a new state of the art; TabPFN-3 scales to 10M rows. 4M+ downloads, 8k+ GitHub stars, in production from liquid biopsy to rail maintenance. Code: https://github.com/PriorLabs/TabPFN Since July we're an independent lab inside SAP, with more than EUR 1B committed over four years. Models stay open, research stays public, same team and offices. Roles (most can sit in any of the three offices): - Technical Product Manager, Integrations: take every model release live across SAP (AI Core to SAP Analytics Cloud), the cloud marketplaces and customer environments, and help decide which channels we build next. Reports to me, close to the code. - ML Engineer, Infrastructure: o...",2026-10-04T06:53:23.908735+00:00
24a702cf8937c3e8,hn_hiring,"Senior Software Engineer, Backend / Product",meetyogi.com,Hybrid NYC,False,Senior,180000.0,220000.0,USD,Python; TypeScript; React; FastAPI; PostgreSQL,2026-10-02,https://news.ycombinator.com/item?id=49935441,"meetyogi.com | Senior Software Engineer, Backend / Product | $180-220k | Hybrid NYC | Series A | 35 headcount, ~10 in engineering Yogi aggregates and analyzes millions of customer feedback data points from online retailer reviews, social, cx ticketing systems, etc to help companies make better decisions about their products and markets. We operate mostly in CPG, where our customers are household brands you'd recognize, both enterprise and up-and-coming. -- Everyone is kind and engaged with work at Yogi. It's a nice vibe. Our stack is pretty standard SaaS - python (fastapi, prefect), postgres/clickhouse, react/typescript web app. The app experience is what you'd expect from a data analytics platform - charting and agentic workflows that generate insights from the data. In terms of the moment, we're reaching the bounds of some early domain assumptions, while also figuring out how to expand into new ones. On the code front, broadly speaking we're improving quality and process each quarter by an order of magnitude. AI has been a boon for us. (I've personally invested a lot in our dev tooling to make code output high quality and deterministic) There's a lot of greenfield opportunity and also scale challenges to be solved on existing tech. No shortage of things to do, ownership is as much as you want to take on. -- Interview process is a chit chat with our CTO, an onsite with a practical coding exercise (not crazy i promise), a system design conversation, and behavioral interview....",2026-10-04T06:53:23.908735+00:00
6621ccfffd2f88aa,hn_hiring,Senior AI Engineer,ML6,"Python, TensorFlow, PyTorch, Gcp, Aws, Azure",False,Senior,,,,Python; PyTorch; TensorFlow; AWS; Azure; GCP; Machine Learning; LLM; Generative AI; Hugging Face,2026-10-02,https://news.ycombinator.com/item?id=49935210,"ML6 | Senior AI Engineer | Python, TensorFlow, PyTorch, GCP, AWS, Azure | Full-time | Amsterdam, Berlin, Munich, Eindhoven, Ghent (EU) On-site/hybrid We are an AI engineering company that builds end-to-end AI solutions. By applying the latest AI research, we keep our clients at the forefront of innovation. If you are interested check out: https://www.ml6.eu/en/customers/cases/ Work on innovative projects for the biggest clients across Europe such as Randstad, ASML, FUNKE, and many more! Whether it’s about leveraging LLMs to improve customer support, building data lakes on cloud platforms to improve storage or implementing models using sensor data for quality control. You can find it all at ML6. You will mostly work with Python and a range of ML frameworks such as TensorFlow, PyTorch, or HuggingFace Transformers and help bring application into production by building data pipelines and cloud infrastructure on all of the major cloud providers (GCP, AWS, Azure). Open roles include: • Senior AI Engineer • Senior Software Engineer • Medior AI Engineer • Squad Lead GenAI and many more! Apply now at https://jobs.ml6.eu/",2026-10-04T06:53:23.908735+00:00
fb9744cb3a5d4247,hn_hiring,"AI Scientist (Staff, Senior)",Tempus AI,Remote (US),True,Lead,,,,,2026-10-02,https://news.ycombinator.com/item?id=49935083,"Tempus AI | AI Scientist (Staff, Senior) | REMOTE (US) | Full-time | https://www.tempus.com Tempus is a leading precision medicine AI company with an exceptional data flywheel in oncology: multi-modal data (pathology, DNA/RNA, spatial -omics, longitudinal outcomes, etc.) for millions of patients and deployment channels to the majority of the hospitals in the US. As an AI scientist at AI Products group, you will build frontier clinical AI products for clinicians and life sciences partners, on top of our portfolio of foundation models in oncology. If you get excited about proving a novel product is feasible at all, or building predictive biomarkers for a new drug out of a small cohort, and you want impact beyond the benchmark results, this is the group for you. Many of us come from Paige AI, the creators of Paige Prostate (the first FDA-cleared pathology AI application). We look for future colleagues who are smart, driven, and good at working out hard problems together. Staff: https://www.linkedin.com/jobs/view/4387110060/ Senior: https://www.linkedin.com/jobs/view/4453706650/ Please apply and email donghun(dot)lee@tempus(dot)com Referrals are very welcome.",2026-10-04T06:53:23.908735+00:00
96882b63906411f6,hn_hiring,"Product Eng, Staff SWE Eng, FDE HW+SW",Somana,SF + NYC,False,Lead,,,,React,2026-10-02,https://news.ycombinator.com/item?id=49935001,"Somana | Product Eng, Staff SWE Eng, FDE HW+SW | SF + NYC | Hybrid | Full-time Somana is a well-funded stealth team building HW + SW for the world of Physical AI. Our core group has earned their stripes at Tesla, GOOG, SpaceX, Palantir, K-Scale and Zipline. We like to work together but do have a hybrid setup to allow for some flexibility. Please check the job descriptions for more details! Currently hiring for: FE Product Engineer (NYC) - React, data viz, product, UX https://jobs.ashbyhq.com/somana.tech/b3b7856f-3183-4233-9c9a... Sr / Staff SWE - Networking (SF/NYC) - distributed sys, edge AI + connectivity SW https://jobs.ashbyhq.com/somana.tech/175024db-746b-44fa-8815... Forward Deployed HW+SW Engineers (SF/NYC) - generalist (ME, EE, CS or similar) https://jobs.ashbyhq.com/somana.tech/0689cc48-6cda-4aae-80f0...",2026-10-04T06:53:23.908735+00:00
4c0167db00f24e58,hn_hiring,Senior Software Engineer,Koop AI,Nyc/jc Hybrid,False,Senior,150000.0,180000.0,USD,TypeScript; C++; Go; LLM,2026-10-02,https://news.ycombinator.com/item?id=49934886,"Koop AI | Senior Software Engineer | NYC/JC Hybrid | $150k-$180k base + Equity Koop provides insurance for robotics businesses as well as compliance implementation (www.koop.ai), in addition to other new products that we are exploring. Looking for golang background (typescript a plus), good DS&A, and attention to detail. You will be helping modernize our product, adding LLM powered features throughout the stack, building engineering systems that leverage LLMs to improve the engineering experience, and have the freedom to approach everything with a critical eye. I've recently joined as CTO and am building out the US team, and the pace of development has accelerated dramatically. I have a golang and C++ systems background myself, and am enjoying shipping code here. If you're interested in joining a fast paced, high ownership environment with immediate business impact please email me directly at engineering at koop dot ai with your resume, or apply here: https://www.linkedin.com/jobs/view/4473527631",2026-10-04T06:53:23.908735+00:00
953f96727d82fc31,hn_hiring,Forward Deployed Engineers,Fredrin,"Los Angeles, CA",True,,150000.0,250000.0,USD,TypeScript; Git,2026-10-02,https://news.ycombinator.com/item?id=49934638,"Fredrin | Forward Deployed Engineers | Los Angeles, CA | REMOTE | $150k-$250k annual salary Fredrin is an AI software factory for engineering teams: run many coding agents in parallel from one Kanban board, with each ticket getting its own branch, worktree, and agent session. We bring planning, execution, code review, and pull requests into one workspace. https://www.fredrin.com We're hiring forward deployed engineers to help teams adopt Fredrin in real production workflows. You'll work directly with customer engineers, connect their repos and CI, make their codebases agent-ready, debug deployments, and turn what you learn into improvements you ship in Fredrin itself. We're looking for strong TypeScript skills, deep practical knowledge of Git and worktrees, experience shipping production software, and hands-on experience with AI coding agents. You should be comfortable owning ambiguous problems and communicating clearly with customers. Try Fredrin before applying: you'll be teaching it from day one. Apply here: https://www.fredrin.com/careers/forward-deployed-engineer",2026-10-04T06:53:23.908735+00:00
5479caa101ce11b5,hn_hiring,"Software Engineers (Product, Applied AI, ML Infra, Data Platform)",Rebar,"Onsite 5 Days/week, New York City (Union Square Area!)",False,,150000.0,260000.0,USD,Machine Learning,2026-10-02,https://news.ycombinator.com/item?id=49934530,"Rebar | Software Engineers (Product, Applied AI, ML Infra, Data Platform) | ONSITE 5 days/week, New York City (union square area!) | Full-time | $150k–$260k + equity | https://jobs.ashbyhq.com/rebar We build AI estimating software for commercial HVAC, plumbing, and electrical contractors. Before bidding on a job, a contractor or estimator has to count every duct, fitting, diffuser, and piece of equipment across a set of construction drawings that can run to thousands of pages. We speed this up by ingesting the drawings, detecting the equipment schedules, finding symbols, and producing a priced takeoff that the estimator reviews and corrects in a collaborative canvas editor. We have strong PMF and raised a $14M Series A earlier this year. It may not sound sexy, but it actually is!! There are a ton of hard and interesting engineering challenges. Just to highlight a few: * very dense document drawings with a realtime collaborative canvas editor (think 50k DOM elements and up) * segmentation models (and many more) whose output has to become geometry a user can interact with * gpu inference across hundreds of concurrent jobs * dynamic analytics and chart generation from agentic workflows custom built for estimators Open roles: * Software Engineer, Product ($180k–$240k): https://jobs.ashbyhq.com/rebar/5ab49c2d-9a70-4723-9217-7704a... * Software Engineer, Applied AI ($150k–$250k): https://jobs.ashbyhq.com/rebar/ad41a627-d9a4-49a4-a1b4-f7202... * Software Engineer, ML Infrastructure...",2026-10-04T06:53:23.908735+00:00
ce7e0b6cef92273f,hn_hiring,Senior Fullstack Engineer / Engineering Manager Americas,HIFI Labs (https://hifilabs.co),San Francisco / Remote (PST),True,Manager,,,,TypeScript; React; Next.js; GCP,2026-10-02,https://news.ycombinator.com/item?id=49933969,"HIFI Labs (https://hifilabs.co) | Equity + Salary | San Francisco / Remote (PST) | Senior Fullstack Engineer / Engineering Manager Americas Join HIFI Labs and work on innovative projects with well known and iconic musicians. Past artist activations include Bruno Mars, John Legend, Linkin Park, Snoop Dogg / Deathrow, Jisoo / Zayn, Rüfüs Du Sol, Dua Lipa, Mike Shinoda. We're looking for a Senior Fullstack Engineer passionate about design, user interactions, and privacy. You'll work using AI-assisted workflows building with TypeScript, React/Next.js/Expo/Native, Firebase/GCP deploying to Cloudflare. CI/DI/DevOps is a requirement. You need to have worked in startups where you take on many hats and are comfortable designing, building and launching to production. a deep sense of ownership and self-drive is really important to us. Process: interview with team, paid coding case, potential trial period Sound like a fit? Email us at shout at hifilabs dot co",2026-10-04T06:53:23.908735+00:00
0fc2f5e7b23832e6,hn_hiring,Role: Head of Robotics,AREO,"On-site In Bremen, Germany",False,Lead,,,,,2026-10-02,https://news.ycombinator.com/item?id=49933507,"AREO | On-site in Bremen, Germany | Full-Time | Equity | Role: Head of Robotics My name is Marius and I am the CTO at AREO (https://goareo.com/). AREO, founded in January 2023 by a team with 20+ years of combined experience in retail and startups, is a young startup specializing in developing innovative solutions for supermarkets and grocery retail stores. Our cutting-edge B2B SaaS platform optimizes workflows for employees by providing real-time access to inventory, product information, and customer inquiries. We serve large supermarket chains in Germany and across the EU. We already hired three backend developers through ""HN - Who is hiring"" and are now seeking a Head of Robotics to run our new robotics lab in Bremen, Germany. We are building a retail robot, initially focusing on teleoperation and later on autonomous model development. You should have at least 3 years of experience with humanoid robots, VLAs, teleoperation, and other relevant robotics systems. Professional knowledge of German is required, and you must live in or be ready to move to Germany. Perks: Fully equipped robo lab with access to the latest humanoids, high customer demand, sizeable equity in a rapidly growing company, flat hierarchies, no-ego work environment, work in a lean and highly experienced team. Apply here: marius[at]goareo.com and mention ""HN - Who is hiring?"" in the subject.",2026-10-04T06:53:23.908735+00:00
708a39f801cc12a5,hn_hiring,Staff Machine Learning Engineer,Estee Lauder Companies,Long Island City - NY,False,Lead,,,,Machine Learning,2026-10-02,https://news.ycombinator.com/item?id=49933483,"Estee Lauder Companies | Staff Machine Learning Engineer | Long Island City - NY | Hybrid | Full-Time As a Staff Machine Learning Engineer, you're a player-coach: a strong hands-on contributor who also sets standards, reviews others' work, authors the designs others build against, and mentors the team. You design, build, test, and deploy production AI products and the platform beneath them, and you shape how we build and integrate AI systems — working with engineers, scientists, product managers, and domain experts to turn ambiguous problems into reliable, scalable deliverables. The core of this role is engineering: agentic AI products and their platform, including stateful, transactional services where reliability and data-modeling rigor matter. Classical ML, statistics, and experimentation are valued and let us take on predictive and inference work when the roadmap calls for it — but you may spend long stretches purely on AI-product and platform engineering, so we're looking for someone energized by that work. Interview process: Recruiter call, meet hiring manager https://careers.elcompanies.com/careers/job/1168273194779",2026-10-04T06:53:23.908735+00:00
66e3a4f09d788b6b,hn_hiring,multiple roles,TELEKIN,Https://telekin.tech,False,,,,,,2026-10-02,https://news.ycombinator.com/item?id=49933080,"TELEKIN | multiple roles | https://telekin.tech | Bay area | ONSITE | Full-Time We're building teleoperated robots, because we believe useful humanoids cannot wait for embodied AGI. Telekin puts human minds inside robotic bodies now, over the internet. Every hour of chargeable work also produces the multimodal data the machine needs to learn. Hiring: Robotics / mechatronic engineer, mechanical engineer, software engineer, COO. Apply here: https://www.telekin.tech/careers",2026-10-04T06:53:23.908735+00:00
6df2f4b6c587a481,hn_hiring,Full Stack Developer (Java + Angular/React),Avision GmbH,Remote (Germany),True,,,,,Java; SQL; React; Angular; Spring Boot; Kafka; PostgreSQL; Docker; Kubernetes; CI/CD; Linux,2026-10-02,https://news.ycombinator.com/item?id=49933038,"Avision GmbH | Full Stack Developer (Java + Angular/React) | Remote (Germany) | Full-time We're modernizing old business software in relatively small teams. Stack: Java, Spring Boot, Angular or React, Kafka, PostgreSQL, Docker, Kubernetes. GitLab CI/CD, Gradle and Maven are a plus. We want: 2+ years with Spring Boot and Angular/React, solid SQL, German at B2 or better. We offer: fully remote within Germany, 32 vacation days, flexible hours, overtime paid out or taken as time off, Windows or Linux laptop, sabbatical and workation options. Send me an e-mail and I can give you a referral if I think you deserve it. Otherwise apply through the website.",2026-10-04T06:53:23.908735+00:00
1c7887e4d627bc8e,hn_hiring,Senior Software Engineer (Dev Platform),Proxima Fusion,"Munich, Germany",False,Senior,,,,Python; Kubernetes; CI/CD; Linux,2026-10-02,https://news.ycombinator.com/item?id=49932525,"Proxima Fusion | Senior Software Engineer (Dev Platform) | Munich, Germany | ONSITE | Full-time We're building the world's first commercial stellarator fusion power plant. First spin-out from the Max Planck Institute for Plasma Physics, based on Wendelstein 7-X (the largest stellarator ever built), €650M+ raised, teams in Munich, Zurich and Oxford. Finding a good stellarator design means searching an enormous high-dimensional space, and every candidate design needs heavy plasma physics simulation. That's the compute problem this role owns: cloud + HPC clusters, K8s, Ray, Dask, and the platform work around it (CI/CD, IaC, observability). You'd sit directly next to the physicists and AI researchers burning through that compute, so you see exactly what your infrastructure unlocks. Python and Linux. If you've wanted to point your platform engineering skills at something that actually matters, clean, abundant energy, this is about as direct a shot as it gets, and it's happening in Europe. Interview process: recruiter call, meet the team lead, technical panel, meet the CEO. https://jobs.ashbyhq.com/proxima-fusion/5aebfef0-0c2c-4c87-9...",2026-10-04T06:53:23.908735+00:00
8d2a8b2a8bc133bc,hn_hiring,Multiple Roles,Sundream Studio,NYC / Remote,True,,,,,Go,2026-10-02,https://news.ycombinator.com/item?id=49932275,"Sundream Studio | Multiple Roles | Full-time / Contract | NYC / Remote Sundream Studio is an AI filmmaking app that makes it impossibly easy to create long-form AI video content. Try it here for free: https://sundream.studio We’re hiring: • AI Video Content Creators — make films, ads, and tutorials with Sundream, experiment with new models, and help shape our creative workflows. • Software Engineer — build the assistant, generation infrastructure, and editing tools that turn creative decisions into finished videos. • Go-to-Market — help filmmakers, creators, and businesses discover Sundream through content, community, partnerships, and growth experiments. • Engineering Manager — lead technical execution, grow the engineering team, and stay close to the product and code. • Product Designer — make a complex filmmaking workflow feel understandable, fluid, and enjoyable. Reach out directly at stefan@sundream.studio with the role you’re interested in, a little about yourself, and something you’ve built, designed, or created that you're proud of. Thanks :)",2026-10-04T06:53:23.908735+00:00
5a4c99a87bee4e60,hn_hiring,Multiple roles,Flok Health,Onsite,False,,,,,Python; TypeScript; Rust,2026-10-02,https://news.ycombinator.com/item?id=49932264,"Flok Health | Multiple roles | ONSITE | Cambridge UK | Series A https://www.flok.health Come help us build explainable AI for providing physiotherapy at scale. Our core systems are a custom decision engine, interactive streaming video over WebRTC, and multiple internal tools to help us scale. We care a ton about high quality software and great UX - healthcare apps has a bad rep for being unpolished. Commercially, we partner with national healthcare systems to provide high quality care that patients love. Over the next 18-24 months we are expanding our geographical and product footprint: - Our infrastructure will need to mature - Our software will need to generalise as we treat more clinical conditions - Our collection of internal tools will need to grow We're hiring for generalist engineers. Our core stack is Python/Rust/Typescript, but all backgrounds welcome as long as you like ownership and responsibility. Read more and apply at https://www.flok.health/careers/engineering-team or find me online and DM me! We're 4 days a week on-site in a beautiful farm-style office in Cambridgeshire. Definitely mention you came from HN if you apply - will help you stand out against the flood of AI-generated applications we get these days.",2026-10-04T06:53:23.908735+00:00
086bdb55218e4ecf,hn_hiring,"Product Engineer (Product Manager role, not a Full-stack role)",Search Atlas,"Remote (Anywhere, EST Hours)",True,Manager,,,,Python; SQL; React; Django; LLM,2026-10-02,https://news.ycombinator.com/item?id=49931746,"Search Atlas | Product Engineer (Product Manager role, not a Full-stack role) | REMOTE (anywhere, EST hours) | Full-time contractor | $23-$34 USD/hour | https://careers.searchatlas.com/jobs/599248-product-engineer... We're ~160 people, fully remote, building an AI marketing platform. Our main product is OTTO, which runs a site's SEO on its own - it reads live search data and pushes the technical and on-page fixes itself, nobody queues them up. Around that we've got ad automation for Google and Meta, GBP management for multi-location brands, content gen, and LLM visibility tracking (whether ChatGPT and co are citing you). Autotrader, Hyundai, P&G, Vendasta are some of our customers. Work happens in pods, 1 PM and 2-4 engineers. You own your pod's roadmap and ship it with them, no veteran PM signing off on your specs first. That's the part most PM roles won't hand you. Looking for 3+ years PM in B2B SaaS with an actual technical background - eng or QA before PM, or a PM who's been getting into the codebase themselves. You should be able to read Python and TS, write your own SQL, find your way around an API, and not need an engineer to tell you what a stack trace says. We're Django on the back, React/Next on the front. QA is yours end to end including release sign-off, people tend to underestimate that bit. And you're already using Claude Code or similar daily, not ""open to it"". A few notes before you apply: - Experience: we're looking for people with a few years of hands-on pr...",2026-10-04T06:53:23.908735+00:00
41be8b9bce2dc834,hn_hiring,"Data Scientist, Classification and Scoring",Lokker.com,"Remote: North America / Europe, Utc-8 To Utc+2",True,,,,,Python; SQL; Pandas; scikit-learn; Machine Learning; LLM,2026-10-02,https://news.ycombinator.com/item?id=49931740,"Lokker.com | Data Scientist, Classification and Scoring | REMOTE: North America / Europe, UTC-8 to UTC+2 | Full-time Lokker is a privacy platform. We continuously analyze websites, applications, third-party technologies and data flows to identify privacy, security and consent risks in production. We have built a large proprietary dataset from years of observing real-world digital behavior, and we are hiring a data scientist to help us expand and improve the classification, scoring and risk intelligence built on it. You will develop and improve models that classify digital activity, identify meaningful privacy and security behaviors, and assess the confidence and significance of findings. Looking for 2 to 4 years of production experience in data science and machine learning. Strong Python and SQL, pandas or Polars, scikit-learn and modern classification techniques, familiarity with model evaluation and explainability. Practical experience in training and evaluating supervised classification models on real PRODUCTION data, practical LLM experience beyond simple demonstrations, and curiosity about how websites and internet technologies actually behave. You do not need a privacy or adtech background. We will teach the domain. You will work closely with engineering, product and privacy experts, and what you build goes directly into the product. IMPORTANT: the timezone range above is a hard requirement, not a preference. We cannot make an exception. ON APPLICATIONS: we assume you...",2026-10-04T06:53:23.908735+00:00
6ad2878bdefb6383,hn_hiring,Senior Data Scientist,Applandeo,Remote (Poland) Or Cracow,True,Senior,,,,Python; SQL; BigQuery; GCP; Machine Learning; Deep Learning; MLOps,2026-10-02,https://news.ycombinator.com/item?id=49931382,"Applandeo | Senior Data Scientist | Remote (Poland) or Cracow | B2B from 200 PLN/h+ | 6month project We are looking for a Senior Data Scientist to join our Payment Intelligence / Fraud Prevention team. * Stack: Python, SQL, GCP, Vertex AI, BigQuery, MLOps, Deep Learning * Role: Full ML lifecycle (feature engineering, production, A/B testing) * Requirements: Production ML experience, fluency in English & Polish Full job description and direct application: https://applandeo.com/careers/senior-data-scientist/",2026-10-04T06:53:23.908735+00:00
55b4b1218c590354,hn_hiring,"IT Operations Lead, Software and Platform engineers",EggAI,Remote (EU),True,Lead,,,,,2026-10-02,https://news.ycombinator.com/item?id=49931362,"EggAI | IT Operations Lead, Software and Platform engineers | REMOTE (EU) | Full-time preferred. Contract possible. We are a small boutique consultancy and are quite experienced. A lot of us have extensive consultant experience. You will join a small, highly skilled remote team of engineers and transformation practitioners working at the forefront of enterprise AI. We use AI for both development and in our solutions. We are looking for engineers that are critical thinkers, understand the limitations of AI but also where it can have a positive impact. Apply at: https://grnh.se/wr97lgu2teu Our website: https://egg-ai.com/",2026-10-04T06:53:23.908735+00:00
b114a8e30ccbbb7b,hn_hiring,"Engineering Manager, Applied AI",JUPUS,Remote (CET ±2),True,Manager,160000.0,160000.0,EUR,,2026-10-02,https://news.ycombinator.com/item?id=49931051,"JUPUS | Engineering Manager, Applied AI | REMOTE (CET ±2) | Full-time | Up to €160k base | https://jupus.de JUPUS is an AI platform for German law firms, from client intake to drafted briefs. 2,000+ lawyers use it daily. You'll own AI at JUPUS: the Applied AI team (5 direct reports), the technical roadmap and the quality bar. No delivery commitments. You make the architecture calls on retrieval, evaluation and agent design. You've managed engineers with direct reports, and spent 3+ years at a company where agentic AI is central to the product. 85 people, €19.5M raised, fully remote. Apply here: https://jobs.ashbyhq.com/jupus/a40c4367-20c9-4afe-9b6c-bdc86... Please mention HN in your application if you saw the role here.",2026-10-04T06:53:23.908735+00:00
0cd9098f75249d1b,hn_hiring,Full-time,PlantingSpace,Remote (EU Time Zone) + Quarterly Meet-ups,True,,,,,,2026-10-02,https://news.ycombinator.com/item?id=49931033,"PlantingSpace | Full-time | Remote (EU time zone) + Quarterly Meet-ups | https://planting.space We're building a system that represents domain knowledge as modular probabilistic models — making analysis rigorous and transparent. Users can connect these models flexibly into larger structures. The system enforces consistency across them, and propagates uncertainty through each step. Our first applications are in finance and scientific research, with use cases ranging from equity valuation and distress monitoring, to particle physics. We're hiring for the following openings: * Technical Project Manager * Backend Software Engineer * Quantitative Modelling Engineer * Analytic Learning Algorithm Researcher * Product Managers and Business Development * Domain Experts - Valuation, Quantitative Default-Probability, or Interest Rate Prediction Models: to collaborate on use cases, from opportunity validation through production Find out more, and apply at: https://planting.space/joinus/",2026-10-04T06:53:23.908735+00:00
b7d68be9c2d0b041,hn_hiring,Senior Full-Stack Engineer,eventfirst,"Berlin, Germany",True,Senior,,,,TypeScript; React; Next.js; Tailwind CSS,2026-10-02,https://news.ycombinator.com/item?id=49930919,"eventfirst | Senior Full-Stack Engineer | Berlin, Germany | REMOTE (CET) | Full-time | eventfirst.com We are applying AI to organize corporate events. We are looking for a senior engineer with at least ten years of full stack experience, a strong focus on product and UX, and some experience building an AI chat based product. Our tech stack is Typescript, React, Next.js and Tailwind. On the backend we use Drizzle with Neon, deployed and monitored via Vercel. Agents and background jobs are executed via trigger.dev. This gives us a killer DX because the entire tech stack supports preview branching. This allows coding agents to work in parallel on different features and verify their work independently very close to what will run in prod. CI is fast (2-3 min) and coverage is good enough to deploy to prod many times per day. Please note that we are working remotely in the CET timezone. Having some remote experience is a plus. We have pre-seed funding from a major US VC and are experienced founders. You’ll be working alongside the founders (ex-Apple, ex-Airbnb, ex-Tulip, ex-Tourlane) and will have a chance to shape the company, product and of course the engineering culture. Apply here: https://eventfirst.jobs.personio.com/job/2821432/apply",2026-10-04T06:53:23.908735+00:00
0b542056046d7872,hn_hiring,Senior Product Engineer (Laravel); Technical Support Engineer,Hospitable,Remote (EU / US Up To East Coast),True,Senior,134450.0,167258.0,USD,PHP; Angular; Laravel; MySQL,2026-10-02,https://news.ycombinator.com/item?id=49930868,"Hospitable | Senior Product Engineer (Laravel); Technical Support Engineer | REMOTE (EU / US up to East Coast) | Full-time | https://hospitable.com/careers tldr; Software for Airbnbs to rent themselves. Remote-only (~122 people, 31 countries), bootstrapped & profitable, community-funded by hosts. Radical transparency, high trust / low bureaucracy — you're trusted, not managed. Culture: Humble, Simple, Caring, Democratic. Handbook: https://hsptb.com/hndbk We're all-in on Laravel (non-negotiable for eng) — stack is PALM-B: PHP, Angular, Laravel, MySQL, Beanstalk. Very AI-first: ~90–95% of production code is AI-generated via Cursor and similar; a great seat for agentic engineers who can direct models, review hard, and own what ships. Apply: https://apply.hospitable.com Senior Product Engineer (Laravel) — Core & Growth REMOTE | EU or US East Coast timezones | $134,450–$167,258 total budget (COL-adjusted) | up to $76,026.50 $HOST RSUs | up to $380,895/yr Performance Share Units (PSUs; payout only when business targets hit — they don't time-vest) TLDR: Ship 0→1 on the Laravel monolith (properties, calendar, messaging, ops, growth) used by 25k+ hosts. 5+ yrs backend, deep Laravel/PHP/MySQL, hands-on agentic coding tools in a real production codebase. Apply: https://wrkbl.ink/6P8FU3Z Technical Support Engineer (Americas/EMEA) REMOTE | US or EMEA timezones | $106,448–$133,106 total budget (COL-adjusted) | up to $48,402 $HOST RSUs | up to $273,628/yr PSUs TLDR: Bridge Support ↔ Engine...",2026-10-04T06:53:23.908735+00:00
e69926b6652b3960,hn_hiring,Senior Product Engineer,Modash.io,Remote (Europe),True,Senior,75000.0,110000.0,EUR,,2026-10-02,https://news.ycombinator.com/item?id=49930681,"Modash.io | Senior Product Engineer | Remote (Europe) | Full-time | €75k–110k | https://modash.io Modash helps brands find, manage, and pay creators - and helps creators earn a living. The product looks simple on the surface. Underneath, we index 380M+ public creator profiles across Instagram, TikTok, and YouTube so that 1,700+ brands search, evaluate, manage, and pay creators without drowning in spreadsheets and tabs. We're looking for Senior Product Engineers who like owning ambiguous problems end-to-end. No perfectly shaped tickets. You talk to customers, understand messy workflows, make product decisions, ship, and own whether it actually works. The problems we care about: - How do you make a 380M-profile dataset feel fast, trustworthy, and easy to explore? - How do you turn chaotic influencer marketing workflows into product that feels obvious? - How do you build tools that work for both small teams and brands like Stanley, Sennheiser, Birkenstock, and NordVPN?? We're 85 people, raised an €11M Series A, and ARR is doubling every year. HQ is in Tallinn, engineering is fully remote across Europe. No ticket factory. No seven layers of approval. Small teams, real ownership, hard product problems. Engineering blog: https://modash.io/engineering Apply: https://apply.workable.com/modash/j/C1507B65C3",2026-10-04T06:53:23.908735+00:00
541d583b6f3a9dcd,hn_hiring,"Senior Java, C#, React & Calypso engineers, Calypso BA/PO",Vistulo,Remote (Poland Or Romania),True,Senior,,,,TypeScript; Java; C#; React; .NET,2026-10-02,https://news.ycombinator.com/item?id=49930656,"Vistulo | Senior Java, C#, React & Calypso engineers, Calypso BA/PO | REMOTE (Poland or Romania) | B2B contract, pay ranges below Vistulo hires engineers in Poland to work on trading systems for capital-markets clients. All roles below are with a top North American bank: actively developed front-office systems (algorithmic order management and routing, FX, fixed income, and one of the largest Calypso deployments in the world). You work alongside the original engineering team in North America and Europe. This is core product work, not legacy support. Long-term and fully remote, with overlap with US Eastern hours (6h for the trading roles; some roles work full ET hours for the first ~2 months of onboarding). - Senior Java Trading Systems Engineer (microsecond-latency OMS/order routing, equities/options/FX), 270–300 PLN/hr, remote from Poland or Romania: https://ats.vistulo.com/roles/253cbd69-1019-4547-93b6-6ef8db... - Senior C# Trading Systems Engineer (.NET, FIX, low-latency, 7+ yrs), 250–280 PLN/hr, remote from Poland or Romania: https://ats.vistulo.com/roles/a7986cb1-7531-4376-9f07-8dfa11... - Calypso Developer (Java, FX, fixed income), remote from Poland or Romania, 240–270 PLN/hr: https://ats.vistulo.com/roles/0b4668c6-525e-4d41-8c6a-f6a8b2... - Java Backend Engineer (event-driven distributed systems, 6+ yrs), 220–240 PLN/hr, remote from Poland or Romania,: https://ats.vistulo.com/roles/64866447-8224-49ab-b655-5c2f89... - Senior React Frontend Developer (React/TypeScript,...",2026-10-04T06:53:23.908735+00:00
d3d02a3689ef60f3,hn_hiring,Technical Content & Community Lead,Enclave,Remote (UK),True,Lead,70000.0,70000.0,GBP,,2026-10-02,https://news.ycombinator.com/item?id=49930568,"Enclave | Technical Content & Community Lead | REMOTE (UK) | Full-time | £70k + share options Enclave is a Zero Trust Network Access platform built specifically for MSPs. We're hiring our first dedicated GTM person to help us become better known and understood among MSP engineers and technical leaders. It's a hands-on role spanning technical content, community participation, partner enablement, demos, and improving how Enclave shows up across the web, search and AI. We're looking for someone with strong networking/infrastructure knowledge and experience of the MSP world. Role/apply: https://enclave.io/careers/technical-content-community-lead/",2026-10-04T06:53:23.908735+00:00
7cd5266bf2667412,hn_hiring,Senior Product Engineers (AI),neoshare,"Germany (Munich, Frankfurt, Berlin)",False,Senior,,,,LLM,2026-10-02,https://news.ycombinator.com/item?id=49930478,"neoshare | Senior Product Engineers (AI) | Germany (Munich, Frankfurt, Berlin) | HYBRID (3+ days/week onsite) | Full-time | https://neoshare.com neoshare builds software for banking and real estate: complex financing workflows, property valuation and market intelligence, and corporate ownership analysis. We're hiring engineers for teams of up to four people, each owning a product or part of our shared platform. The team handles customer problems, product decisions, design, implementation and production. Work ranges from permissions and data infrastructure to financial domain logic and user interfaces. Looking for people who have shipped products and are strong across disciplines: full-stack engineers with product sense, design engineers, and backend/platform engineers who care about how their systems are used. We use LLMs throughout development, from exploring codebases to implementing and testing features. You should be comfortable directing them, reviewing their work, and taking responsibility for what ships. German preferred, especially for customer-facing work; but not a must. Hiring process: intro call, a 90-minute product exercise with your own tools, and a joint review. Apply: product-jobs@neoshare.com. Send a few links to things you've built and a short note on your contribution.",2026-10-04T06:53:23.908735+00:00
e1c3b76975e07dea,hn_hiring,AI Engineer,Metcor,"London, UK",False,,120000.0,120000.0,GBP,,2026-10-02,https://news.ycombinator.com/item?id=49930470,"Metcor | AI Engineer | London, UK | hybrid | £120k https://metcor.co.uk You will re-shape how real engineering work gets done at the UK's leading facilities management company: how our jobs get scheduled, how we predict and prevent outages before they hit our clients. We are 600+ people serving thousands of client sites. Our competitors are watching AI happen. You will extend our lead. You will be the second person in our AI team: what you build and how you build it becomes how Metcor does AI. Your budget for AI tools is unlimited, as long as you can show the business outcomes. https://metcorgroup-my.sharepoint.com/:u:/g/personal/janosch...",2026-10-04T06:53:23.908735+00:00
3eabcb015c396869,hn_hiring,Multiple Senior Eng,Longshot Systems,"London, UK, Hybrid",False,Senior,,,,,2026-10-02,https://news.ycombinator.com/item?id=49930428,"Longshot Systems | Multiple Senior Eng | London, UK, hybrid | Full time Longshot is at the cutting edge of sports betting modelling R&D and has been producing market beating models for over a decade. We need senior engineers across platform and strategy in various roles. Excellent pay and benefits, flexible hybrid working, office in central London. We operate a very high performance environment with high trust. Team small but growing. Sports knowledge optional. Passion and deep technical experience mandatory. Please check out our recruitment link here: https://apply.workable.com/longshot-systems-ltd/",2026-10-04T06:53:23.908735+00:00
fc37eb4056d0e9f9,hn_hiring,"stockholm, london (in-person)",lovable,"Full-stack, Frontend, Backend, Infra Design, And Ai Research",False,,,,,,2026-10-02,https://news.ycombinator.com/item?id=49930260,"lovable | stockholm, london (in-person) | full-stack, frontend, backend, infra design, and ai research we sponsor visas and have very generous relocation packages. lovable is building an agentic technical co-founder, we are the best way for non-technical people go from idea to a real software business with paying users. we need the best engineers in the world to join us and will compensate you accordingly. learn more at: https://lovable.dev/careers, https://lovable.dev/blog, or ping me on https://x.com/cviktore",2026-10-04T06:53:23.908735+00:00
0a7c101346d35abd,hn_hiring,Software Developer,Odoo,"Hybrid (Belgium, 3 Days/week)",False,,,,,Python; JavaScript; SQL; PostgreSQL,2026-10-02,https://news.ycombinator.com/item?id=49930136,"Odoo | Software Developer | Hybrid (Belgium, 3 days/week) | Full-time | Visa + €10k Signing Bonus | https://www.odoo.com/r/4zN Odoo builds open-source business apps used by millions. We're hiring software developers to work on our Python/PostgreSQL backend, fast JS framework, mobile apps, website builder, and more. Why join us: - €10k signing bonus - Visa sponsorship + relocation support (contains flight ticket + airport taxi + 1 month free housing) - No clients, no deadlines — just clean, open-source code - Pick your team after 3 weeks of onboarding - Great team, countryside office (with chef!), flexible hours You: - Master a programming language - Proficiency in object-oriented programming - Strong in SQL and relational database, data structures, and DB design - Passionate, autonomous, and eager to build real stuff Apply → https://www.odoo.com/r/4zN",2026-10-04T06:53:23.908735+00:00
d43f74d640fbef28,hn_hiring,Founding Engineer,Tahoma AI,Tahoma.io,True,,,,,TypeScript; Node.js; PostgreSQL; AWS; Azure; Kubernetes,2026-10-02,https://news.ycombinator.com/item?id=49929798,"Tahoma AI | tahoma.io | Austin, TX or Seattle, WA (ONSITE optional) | REMOTE (US) | Full-time | Founding Engineer Tahoma builds AI agents that automate healthcare Revenue Cycle Management (RCM): eligibility, claim status, claim submission, denials, and payment posting. We're live in production with paying enterprise customers. Our agents operate payer portals behind MFA, green-screen terminals over SSH, and Windows desktop software, where some actions are irreversible. They run on a deterministic orchestration layer we built in-house, with model calls as bounded steps, not the control loop. Stack: TypeScript/Node.js, Playwright, computer-use agents, Claude, Postgres, Azure, K8s. You'll get to own the core platform end to end and make the real architecture calls: resilience to portal changes, exactly-once guarantees, observability, and cost per run. Team: Founder from AWS, the former UnitedHealthcare CIO, advisors from Microsoft Research and Shopify's AI team, and a remote engineering team in-flight. Please write us at careers@tahoma.io with your resume and one thing you've shipped. You can see more at https://www.tahoma.io/careers Thanks!",2026-10-04T06:53:23.908735+00:00
e47b2fc366539980,hn_hiring,Early Engineer,AI x Healthcare Startup,Bracehealth.com,False,,,,,Rust; React; AWS; Kubernetes; LLM,2026-10-02,https://news.ycombinator.com/item?id=49929664,"AI x Healthcare Startup | bracehealth.com | Boston, MA Onsite | Full-time | Early Engineer We're looking for a backend-leaning fullstack dev. You will be one of the first engineers outside of the founding team. Here is a bit more about us: We're a seed stage AI startup backed by top tier investors. We're on a mission to ensure every patient gets covered for the care they need and every doctor gets paid for the work they do. We’re building deep, vertically integrated technology systems to solve fundamental problems in US healthcare - the biggest market in the world ($5T). We use AWS, K8s, React, and Rust but there is no requirement to have prior experience with them specifically. We'll teach you! We are a founding team made up of ex-YC, Amazon, Meta, Microsoft, and Harvard Business School with previous successful exits. You’ll own entire product areas and be expected to play a true full-stack role, with the ability to go from customer need to end-state product. You’ll work directly with the CTO at the edge of what's possible with LLMs and agentic systems applied to a hard domain. You'll contribute to technical strategy, make real architectural decisions, and write vast amounts of production code with AI first developer workflows. Most importantly, the technology you build will have real impact on real people - clinics staying open, clinicians getting paid, patients getting care. This is an opportunity to work in a fast paced, high ownership environment while solving real prob...",2026-10-04T06:53:23.908735+00:00
c9a6210a79e1f7c1,hn_hiring,ONSITE in SF,typesafe ai,Basically All Forms Of Engineering (Front-end / Back-end / Infra),False,,,,,,2026-10-02,https://news.ycombinator.com/item?id=49929657,typesafe ai | ONSITE in SF | basically all forms of engineering (front-end / back-end / infra) help make jev! typesafe.ai/careers,2026-10-04T06:53:23.908735+00:00
58ce49605563a901,hn_hiring,Remote,Wake Up Call Service,"At Your Convenience, No Set Hours",True,,,,,Android; iOS,2026-10-02,https://news.ycombinator.com/item?id=49929655,"Wake Up Call Service | Remote | Hiring people to make calls | At your convenience, no set hours Wake Up Call Service is a mobile app on iOS and Android that allows people to schedule a wake up call and get a call from a real, friendly human at the desired time. All calls happen through the app, so no phone numbers are exchanged. Get a chance to wake up sleepy people from all over the world! Apply in the app - it's super simple: https://www.realwakeupcalls.com",2026-10-04T06:53:23.908735+00:00
114d459d1d122a70,hn_hiring,Europe / US Remote,Looking for a commercial co-founder,,True,,,,,,2026-10-02,https://news.ycombinator.com/item?id=49929588,"Looking for a commercial co-founder | Europe / US Remote Seeking an experienced co-founder with exits, strong in sales, customer discovery and GTM. Let’s talk: hackernews.sculptor491@passinbox.com No engineer needed - will go to spam. No AI email - will go to blocked.",2026-10-04T06:53:23.908735+00:00
ffe2320f198ea91a,hn_hiring,Software Engineer,Stoke Space,"Onsite In Seattle, WA / Moses Lake, WA / Cape Canaveral, FL",False,,98000.0,289000.0,USD,TypeScript; Rust,2026-10-02,https://news.ycombinator.com/item?id=49929563,"Stoke Space | ONSITE in Seattle, WA / Moses Lake, WA / Cape Canaveral, FL | Software Engineer | Full-Time, Internship | Salary: $98k-$289k USD | https://www.stokespace.com Company: At Stoke, we believe a thriving space economy will enable a vibrant, sustainable, and equitable future here on Earth. That is why we’re building Nova, our fully and rapidly reusable launch vehicle. Designed for daily flight, Nova tackles the core challenges of space transportation by reducing cost, increasing availability, and improving reliability. By radically lowering launch costs and increasing flight cadence, we’re helping create a truly scalable space industry. Technologies: The team I'm on, Vehicle Software, makes a full in house control stack (firmware, flight computer, autonomy, ground support) in Rust. Data collected from our operations is served by a blazing fast front end written in Typescript, Svelte, and WASM, served by a Rust API. Our launch-day interface is in LabVIEW. Roles: For full-time, we are currently hiring for a Rust-based controls engineer, a front-end engineer with experience in the stack above, and a strong software engineer with interest in working in both Rust and LabVIEW. We are also hiring software integration engineers in Kent and Moses Lake. On the intern side, we are currently looking for talented interns for our summer and fall 2027 classes (~14 week terms from March to September). Apply at https://www.stokespace.com/open-roles?department=Software",2026-10-04T06:53:23.908735+00:00
8a007306c961582d,hn_hiring,Senior Backend Software Engineer,Hiya,"Seattle, WA",False,Senior,113000.0,197000.0,USD,Python; TypeScript; Node.js; AWS; Docker; Kubernetes; Terraform,2026-10-02,https://news.ycombinator.com/item?id=49929553,"Hiya | Senior Backend Software Engineer | Seattle, WA | HYBRID (3 days/week in office) | Full-time | $113K–$197K + equity Hiya makes phone calls trustworthy again. We do caller ID, spam and scam protection, and branded calling for carriers, phone makers, and businesses. I run the Communications Platform team (Seattle + Barcelona). We're building new systems where telephony meets AI: real-time scam detection on live calls, deepfake voice detection, speaker verification, and AI call screening that plugs into carrier networks. Most of it is new work, so you'll help make early architecture decisions. Stack: TypeScript/Node.js, SIP/RTP, STT/TTS, Docker, Kubernetes, AWS, Terraform, Helm. Looking for 3+ years of backend experience, strong TypeScript or Python, and comfort with APIs and event-driven systems. VoIP/telephony experience is a big plus but not required. I came to telecom from a software background too. Apply: https://jobs.ashbyhq.com/hiya/2de4d41b-a919-48c4-9a6c-e0d4f3...",2026-10-04T06:53:23.908735+00:00
70ace7d86ce8f6e2,hn_hiring,Software Engineer,Relativity Space,"In Office (Long Beach, CA )",False,,,,,,2026-10-02,https://news.ycombinator.com/item?id=49929547,"Relativity Space | In Office (Long Beach, CA ) | Software Engineer Company: We build Terran R, a reusable medium-to-heavy-lift two-stage rocket designed for first-stage reusability. https://www.relativityspace.com Sr Software Enginner, Full Stack: https://boards.greenhouse.io/relativity/jobs/8633354002?gh_j... Full Stack SWE II: https://boards.greenhouse.io/relativity/jobs/8834015002?gh_j... Full Stack SwE I: https://boards.greenhouse.io/relativity/jobs/8834005002?gh_j...",2026-10-04T06:53:23.908735+00:00
20aab9ea4767dcd6,hn_hiring,"Staff/Principal Software Engineer (Full-Stack, AI, Backend, Platform)",Seeq,Https://seeq.com,True,Lead,170000.0,205000.0,USD,Python; Java; React; PostgreSQL; Machine Learning; LLM; Generative AI; RAG,2026-10-02,https://news.ycombinator.com/item?id=49929522,"Seeq | https://seeq.com | Staff/Principal Software Engineer (Full-Stack, AI, Backend, Platform) | REMOTE (Some crossover w/ PST required) | Full-time | $170k-$205k + annual cash bonus + equity. Salary range for US-based; local adjustments for other countries. Seeq creates cutting-edge data analytics software for industrial process data, serving sectors like pharmaceuticals, energy, and manufacturing. Our core product is a robust calculation engine capable of executing advanced math and machine learning algorithms on streaming time-series data. By leveraging generative AI, we enhance usability and accelerate outcomes for our users. We've built up a great remote culture (e.g. annual meetups, home office allowance, generous PTO, a remote office app we created to collaborate) and a dev team that enjoys tackling hard problems that make a difference for our customers (dev blog for more: https://geeq.seeq.com/). Be sure to mention that you came from Hacker News in your application! Staff/Principal AI Software Engineer (Python, RAG, LLM platforms): https://apply.workable.com/seeq/j/1B6E0A1710/ Staff/Principal Backend Software Engineer (JVM, Postgres): https://apply.workable.com/seeq/j/CD7BA6EE7B/ Senior Full-Stack (React, JVM, Postgres): https://apply.workable.com/seeq/j/763AE68666/ Staff Developer Experience (Java, Infrastructure, Gradle): https://apply.workable.com/seeq/j/A966C8897D/",2026-10-04T06:53:23.908735+00:00
20fa424a55bb4490,hn_hiring,Founding Engineer,Fig,San Francisco,False,,180000.0,270000.0,USD,,2026-10-02,https://news.ycombinator.com/item?id=49929510,"Fig | Founding Engineer | San Francisco | ONSITE (hybrid) | Full-time | $180K-$270K + .5 - 2% equity | https://www.growfig.ai Fig builds AI agents purpose-fit to food production workflows, focusing on immediate revenue generation and cost saving activities. We're looking for a founding engineer who truly wants end to end ownership, and considers themselves to be a barrel! (https://www.conordewey.com/blog/barrels-and-ammunition) If you enjoy hard engineering problems & owning solutions to them end to end, you'd be a great fit! Email me at bansal@growfig.ai saying why you wanna be a founding engineer! or apply https://jobs.ashbyhq.com/growfig",2026-10-04T06:53:23.908735+00:00
e0a0b08d016d75df,hn_hiring,"Hybrid (USA) Albuquerque NM, Washington DC (Tysons VA), Dayton OH",Stellar Science,U.s. Citizenship Required,False,,,,,Python; TypeScript; Java; C++; React; Jenkins; Linux; Git; Machine Learning; Computer Vision,2026-10-02,https://news.ycombinator.com/item?id=49929352,"Stellar Science | Hybrid (USA) Albuquerque NM, Washington DC (Tysons VA), Dayton OH | Full time, interns/co-ops | U.S. citizenship required | https://www.stellarscience.com Company: We're a small scientific software development company that develops custom scientific and engineering analysis applications in domains including: space situational awareness (monitoring the locations, health and status of on-orbit satellites), image simulation, high power microwave systems, modeling and simulation, laser systems modeling, AI/ML including physics-informed neural networks (PINN), human body thermoregulation, computer vision and image processing, high performance computing (HPC), computer aided design (CAD), and more. All exciting applications and no CRUD. We emphasize high quality code and lightweight processes that free software engineers to be productive. Experience: Except for interns, we currently require a Bachelors degree in physics, engineering, math, computer science, or a related field. Masters or PhD is a plus. (Roughly 25% of our staff have PhDs.) Technologies: Lots of C++23, Qt 6.9, CMake, git, OpenGL, CUDA, Boost, Jenkins. Windows and Linux, msvc/gcc/clang/clangcl. AI/ML and analysis projects use Python and C++. Web projects use Java and Typescript/React. We're a bit behind the curve on developer AI adoption, and we're okay with that. Apply online: at https://www.stellarscience.com/careers/.",2026-10-04T06:53:23.908735+00:00
d74539b7036731ac,hn_hiring,Software Engineer (Staff+ level),Anthropic,US Incl Remote + Canada + Ireland + UK + Switzerland + Japan,True,Lead,,,,,2026-10-02,https://news.ycombinator.com/item?id=49929283,"Anthropic | Software Engineer (Staff+ level) | US incl Remote + Canada + Ireland + UK + Switzerland + Japan | Full Time The work here is super cool but we need more really smart people to make it happen, very high talent density, lots of autonomy, very low ego colleagues and lack of top-down commands (everyone being titled MTS helps!) and working on the frontier. https://www.anthropic.com/careers",2026-10-04T06:53:23.908735+00:00
4d55c552f4fed4e5,hn_hiring,"Software Engineers, Senior Research Engineer",CVector,New York City (FiDi),False,Senior,,,,Python; TypeScript; React; FastAPI; PostgreSQL; AWS; Machine Learning,2026-10-02,https://news.ycombinator.com/item?id=49929264,"CVector | Software Engineers, Senior Research Engineer | New York City (FiDi) | ONSITE | Full-time | VISA SPONSORSHIP CVector builds software to bring real time economic optimization and AI prediction to every energy and manufacturing plant. We integrate real-time data visualization and analytics to help power generation stations, chemical plants, and other critical infrastructure make informed decisions in rapidly changing environments. You'll help create intuitive, robust web apps, machine learning models and backend systems, shaping tools that directly impact industrial operations and energy reliability. Build AI agent systems that automatically foresee upcoming problems and provide possible solutions. Full Stack and Backend Software Engineers: We're looking for a passionate Software Engineers comfortable working across our stack (Python, Typescript, React, Supabase, MQTT, TimescaleDB, PostgreSQL, AWS, FastAPI) or someone to specialize in our backend infrastructure. Senior Research Engineer: Candidates should be experienced with machine learning, and analysis using Python. Reach out to me at jnapoli+hn@cvector.com",2026-10-04T06:53:23.908735+00:00
ffa2d92796d6c8b0,hn_hiring,"Software Engineers (SRE, ML, backend, full-stack, mobile, security, QA)",Radar Labs,"Remote (Us), NYC",True,,,,,Python; TypeScript; Rust; Scala; AWS; Kubernetes; Terraform; Machine Learning; Android; iOS,2026-10-02,https://news.ycombinator.com/item?id=49929235,"Radar Labs | Software Engineers (SRE, ML, backend, full-stack, mobile, security, QA) | Remote (US), NYC | Full Time | https://radar.com - Radar is the geo-location dev tool - Doing 1B+ API calls per day - Our main languages are Rust and TypeScript, we also use mobile and offline pipeline languages (Python, Scala, and Terraform). - We're based in NYC with our HQ in Union Square and remote friendly (US) Interesting things we're working on: - HorizonDB, our Geospatial database written in Rust - Agents and MCP tools to visualize and debug location data at scale - Precise indoor location more accurate than iOS and Android leveraging Ultra-Wideband, other mobile sensors and ML. - Anomaly detection to identify spoofed locations - Mobile infrastructure that automatically configures itself optimizing battery-life and location accuracy for different use-cases over time - Multi-Region AWS K8s deployment, 99.99%+ availability Check out our jobs page here: https://radar.com/jobs#jobs If you have any questions, feel free to reply here or you can e-mail me at tim@radar.com",2026-10-04T06:53:23.908735+00:00
e85a618c9ab6c582,hn_hiring,Founding team,IRLi,Southern California Or Remote (US),True,,,,,iOS,2026-10-02,https://news.ycombinator.com/item?id=49929202,"IRLi | Founding team | Southern California or REMOTE (US) | Profit share + founding equity, no salary Pre-launch marketplace, web and iOS. Company is formed and self-funded, product is fully designed. Open seats: Founding CTO, Head of Community Growth, Head of Partnerships, Head of Content and Brand, Head of Trust and Operations. CTO: you've shipped mobile and web apps with payments, and you believe IRL matters as much as AI. No salary. Profit share plus founding equity on a four-year vest. Details shared after an NDA. Email cam@irli.io with a link to something you've built or grown and the seat you want.",2026-10-04T06:53:23.908735+00:00
bdce9194999f01da,hn_hiring,Senior Software Engineer,GiveDirectly,Remote In Select Countries (Listed Here https://perfectwiki.page/p/iOeyfUha_9),True,Senior,181000.0,181000.0,USD,,2026-10-02,https://news.ycombinator.com/item?id=49929056,"GiveDirectly | Senior Software Engineer | REMOTE in select countries (listed here https://perfectwiki.page/p/iOeyfUha_9) | $181K base + 15% bonus index At GiveDirectly, we send cash directly to people living in extreme poverty, no strings attached. It's one of the most rigorously studied ways to address global poverty, with 20+ randomized controlled trials behind it, and we've delivered over $1B to more than 1.5 million people across 15 countries. Your work will translate directly into money in the hands of people who need it. We're in a phase of tremendous growth (aiming to 5X delivery YoY) and you'll help build the systems for offline data collection in low network rural villages, fraud detection and prevention, KYC, and payments. Apply here: https://job-boards.greenhouse.io/givedirectly/jobs/455834900...",2026-10-04T06:53:23.908735+00:00
8f7fef183b38ca11,hn_hiring,Platform Systems Engineers,BCC,Bethesda MD,False,,,,,Python; C++; Kafka; Kubernetes; Linux,2026-10-02,https://news.ycombinator.com/item?id=49928997,"BCC | Platform Systems Engineers | Bethesda MD | Competitive compensation! | https://www.ncbi.nlm.nih.gov Black Canyon Consulting (BCC) is hiring Platform Systems Engineers of all levels to join our team at the National Center for Biotechnology Information (NCBI). Our team is dedicated to building cutting-edge tools and systems. Our mission is to empower developers across NCBI to build, deploy, and manage software, data, and web services that make a real difference in the lives of millions of Americans. Your contributions will play a crucial role in modernizing government technology infrastructure, fostering innovation, and ultimately making a tangible impact on communities across the country and globally. This is your chance to be part of a mission-driven team that’s shaping the future of digital government. Tech: Linux, k8s, Service Mesh, Kafka, GitLab, ArgoCD, Elastic APM, Python, C++ DevEx Eng: https://job-boards.greenhouse.io/blackcanyonconsulting/jobs/... Sr DevEx Eng: https://job-boards.greenhouse.io/blackcanyonconsulting/jobs/... Plaform Eng Manager: https://job-boards.greenhouse.io/blackcanyonconsulting/jobs/...",2026-10-04T06:53:23.908735+00:00
09114151e3028df1,hn_hiring,"Durham, NC and McLean, VA",CoVar,Https://covar.com/,False,,,,,Python; Machine Learning; Computer Vision,2026-10-02,https://news.ycombinator.com/item?id=49928826,"CoVar | Durham, NC and McLean, VA | https://covar.com/ | Full-time | HYBRID (3 days in office per week) CoVar is a small R&D company specializing in AI/ML and software development for defense and healthcare. Bootstrapped and profitable. We're looking for a jack-of-all-trades who can: prototype computer vision algorithms, build Python web services, wrangle large sets of data from disparate classes of sensors, ... any or all, with the only hard requirement being eagerness to learn. Visit covar.com for more information on our current openings!",2026-10-04T06:53:23.908735+00:00
967116218bb75fb0,hn_hiring,"Rust Systems Engineer, Browser Security",Datamint,Remote (Global),True,,120000.0,170000.0,USD,Python; Rust; LLM,2026-10-02,https://news.ycombinator.com/item?id=49928677,"Datamint | Rust Systems Engineer, Browser Security | Remote (Global) | Full-time | $120k–$170k + Equity | https://datamint.xyz We build high-throughput crawling and structured data extraction infra designed for AI agents and LLM pipelines. If you’ve built scrapers recently, you already know the state of the market: - Traditional proxy providers (Bright Data, Oxylabs, Smartproxy, Proxybase) give you raw IPs or massive unparsed HTML blobs, leaving you to deal with DOM bloat, token waste, and brittle parsing pipelines. - Modern tools like Firecrawl or Jina made clean Markdown extraction easy for hobby setups, but they often struggle when you throw heavy SPAs, high-concurrency jobs, or hardened anti-bot walls (Cloudflare Under-Attack / Turnstile, Kasada, DataDome) at them. - Rolling your own Playwright / Puppeteer cluster works until target sites deploy new JA4/TLS fingerprints, and your data team ends up spending 30% of their sprints fixing broken crawlers instead of shipping product. We're tackling this by combining a low-latency Rust fast-fetch engine (JA4/TLS and HTTP/2 frame emulation) with an isolated stealth browser fleet, zero-code schema validation (JSON Schema/Pydantic), and native Model Context Protocol (MCP) support. Trade-offs / where we fit: If you just need to curl a few static Wikipedia pages, a 10-line Python script is better and cheaper. But if you need reliable, structured data out of bot-defended sites without babying headless browsers, that's what we do. We'...",2026-10-04T06:53:23.908735+00:00
2571f057b5d72fbe,hn_hiring,Full-time designer,exe.dev,Onsite,False,,,,,,2026-10-02,https://news.ycombinator.com/item?id=49928452,exe.dev | onsite | SF Bay Area | Full-time designer Come own and build a brand at a Series A startup.,2026-10-04T06:53:23.908735+00:00
614fd506718e104b,hn_hiring,Software Engineer (early team),CABLE,"Sydney, Australia (On-site)",False,,,,,TypeScript; React; PostgreSQL,2026-10-02,https://news.ycombinator.com/item?id=49928430,"CABLE | Software Engineer (early team) | Sydney, Australia (ON-SITE) | Full-time | https://jobs.cable.energy/roles/3e2cd174-71f5-80ae-a1d2-db8b... We're Australia's battery-backed electricity company. We fund, install and operate batteries on-site at small businesses, then supply their power at a firm, flat rate 20–40% below incumbents, making the economics work by optimising those batteries against wholesale prices. We're live with real customers. Team of six, backed by Systemiq and Black Nova; engineering includes Casey, who previously led Google engineering in Paris and Google Maps in Sydney. We're AI-native: engineers, energy specialists and go-to-market colleagues all ship with coding agents. Each engineer owns a product end to end, from the commercial problem through to production. Flat structure, lots of ownership. Areas you could own: * Customer experience: quoting, onboarding and the customer app * Metering and billing: turning high-volume interval data into accurate bills * Energy-market and battery data: the market, weather and telemetry pipelines behind our decisions * The agent-driven development platform the whole team builds on Stack: TypeScript, React, Postgres, serverless. Intro chat, system design, an agentic build, then a day with the team. Apply at https://jobs.cable.energy/roles/3e2cd174-71f5-80ae-a1d2-db8b... or email theo@cable.energy.",2026-10-04T06:53:23.908735+00:00
406e34ee8fb5b7ae,hn_hiring,"MTS, Forward Deployed Engineer + more",ARTIFICIAL ANALYSIS,"San Francisco, CA (On-site, 5 Days) Or Melbourne, Australia (On-site, 3 Days)",False,,,,,Machine Learning; LLM,2026-10-01,https://news.ycombinator.com/item?id=49928396,"ARTIFICIAL ANALYSIS | MTS, Forward Deployed Engineer + more | San Francisco, CA (ON-SITE, 5 days) or Melbourne, Australia (ON-SITE, 3 days) | Full-time | https://artificialanalysis.ai/careers We're an independent AI benchmarking company. We benchmark language models, inference providers, hardware, image/video and speech, and our Intelligence Index is widely cited when new models launch. Team of ~50, backed by Nat Friedman, Daniel Gross, Andrew Ng and others. The people who build our evals also work directly with the AI labs, often on pre-release models. Flat structure, lots of ownership. Main hiring needs: * Forward Deployed Engineer (FDE), Language Models: run our LLM benchmarking stack and work directly with the labs * Member of Technical Staff (MTS), Language Model Evaluations: build frontier evals (datasets, harnesses, benchmarks) * MTS, Inference: benchmark speed, quality and price across serverless inference providers * MTS, Hardware: benchmark GPUs, TPUs and custom silicon * MTS, Speech: own our TTS, STT and speech-to-speech evals Also hiring for media generation, full stack, ML engineering, robotics and product roles. Apply at https://artificialanalysis.ai/careers.",2026-10-04T06:53:23.908735+00:00
2664b0251edde706,hn_hiring,Engineer,Qualcomm,Canada,True,,,,,C++; Rust; Linux; Android,2026-10-01,https://news.ycombinator.com/item?id=49928358,"Qualcomm | Canada | Full Time | Engineer | Remote(Canada)| QEMU My team is looking to hire a ~entry-level software developer to help us design and extend QEMU support [1] for the Hexagon DSP [2]. We're looking for candidates who have experience coding in C, C++ or Rust* and who aren't afraid of rolling up their sleeves and poring over disassembled code. This particular architecture is a bit more challenging than most, because it's a bit unique. It's a VLIW [3], so it's a great opportunity to learn about an interesting architecture. Millions of Hexagon DSPs are out there, most are found in DragonWing/Snapdragon/DragonFly SoCs for Laptops, Android phones, cars and more! We collaborate a lot with Open Source communities like QEMU, LLVM [4], the Linux kernel [5], and more. I love being able to work on Open Source software at my day job. You can contact me directly (email addr is in my HN user link). If you don't have experience with QEMU - don't worry! Most of us didn't have any experience with it until recently, too. The rest of the team you'd work with lives mostly in Canada, EU, US. * Rust experience may serve the role well but we don’t (yet) have any product software in Rust. [1] https://github.com/qemu/qemu/tree/master/target/hexagon [2] https://en.wikipedia.org/wiki/Qualcomm_Hexagon [3] https://en.wikipedia.org/wiki/Very_long_instruction_word [4] https://foundation.llvm.org/sponsors/ [5] https://www.linuxfoundation.org/our-members-are-our-superpow...",2026-10-04T06:53:23.908735+00:00
fedd71e187eb3dff,hn_hiring,https://kaavio.ai,Kaavio,Remote (US Or Canada),True,,180000.0,220000.0,USD,RAG,2026-10-01,https://news.ycombinator.com/item?id=49928334,"Kaavio | https://kaavio.ai | REMOTE (US or Canada) | Full Time Kaavio builds AI-powered tools that help people buy and sell complex physical products. We work with industrial and science distributors managing massive catalogs (millions of SKUs, each with detailed specs and docs), extracting images, descriptions, and structured data for 10k+ products in days instead of months. Hiring engineering positions 2 and 3: Applied AI Engineer: work on research agents, RAG over large catalogs, structured extraction, and the eval work that makes AI trustworthy in production. Data Engineer / Backend Engineer: work on the data platform, durable workflows, APIs, and infrastructure that keep a data-intensive AI app fast, reliable, and affordable. $180k–$220k base, 0.25%–0.75% equity, depending on experience More role info and application instructions here: https://github.com/KaavioAI/jobs",2026-10-04T06:53:23.908735+00:00
f89cb95629ddbba1,hn_hiring,Senior Software Engineer (Full-stack TypeScript),All Gravy,Copenhagen Or London,True,Senior,,,,TypeScript; React; Node.js; MongoDB; React Native,2026-10-01,https://news.ycombinator.com/item?id=49928066,"All Gravy | Senior Software Engineer (Full-stack TypeScript) | Copenhagen or London | REMOTE (European time zones) or ONSITE | Full-time All Gravy is one app for running frontline teams in hospitality and retail: scheduling, shift swaps, and an AI assistant that answers staff questions and handles routine tasks. Over 2,000 restaurants and stores use it, including Dishoom, Ottolenghi, Gail's, L'Osteria and 7-Eleven. We've grown 10x in two years. You own features end to end, from the manager and employee interfaces where schedules are built and shifts get picked up, to the backend services and data layers behind them. We use AI tools heavily in our own work, and we would like you to help shape how the team uses them. Stack: TypeScript everywhere. React, React Native, Node.js, NestJS, MongoDB. Looking for: 5+ years of full-stack experience with React/React Native/TypeScript/Node, experience designing fault-tolerant distributed systems, and a startup or scale-up background. Bring concrete examples of how you build with AI tools today. NestJS and MongoDB are a plus. Apply here: https://nordictechjobs.com/jobs/3MlSv0uALS",2026-10-04T06:53:23.908735+00:00
f0de4a477b3e6f41,hn_hiring,https://hrssystems.com,HRS Systems,Remote (US),True,,,,,,2026-10-01,https://news.ycombinator.com/item?id=49928023,"HRS Systems | https://hrssystems.com | Remote (US) | Full-Time | SWE HRS Systems builds engineering software for the fire protection industry. We are continuing at a rapid pace to build features after the successful launch of our revamped product HASSCloud, with future development centered around web-based CAD solutions. We are a small team shipping software rapidly and expanding the development team. The ability and experience to take features from an idea to a polished and shipped function is essential. If this opportunity excites you, email awp@hrssystems.com with your resume.",2026-10-04T06:53:23.908735+00:00
ecd7018ad16947da,hn_hiring,"SWE, Tech Lead, ML Engineer, Product Manager, Product Marketing Manager",Sourcegraph,Remote,True,Manager,,,,Machine Learning,2026-10-01,https://news.ycombinator.com/item?id=49927984,"Sourcegraph | Remote | Full-Time | SWE, Tech Lead, ML Engineer, Product Manager, Product Marketing Manager | https://sourcegraph.com Sourcegraph is building the context layer for AI-powered software development. As AI accelerates code creation, we help engineering teams understand, navigate, and safely change large codebases. Our products, including Code Search, Deep Search, MCP, and Agentic Batch Changes, give developers and AI agents cross-repository context and enable coordinated code changes across hundreds of repositories. Engineering teams at companies like Stripe, Reddit, and Leidos use Sourcegraph to ship faster with greater confidence. If you want to build the infrastructure that lets every engineering team - and every agent they deploy - operate on their codebase with confidence, join us. Sourcegraph is backed by Sequoia, a16z, Redpoint, and Goldcrest. Apply here: https://grnh.se/0572f98b4us",2026-10-04T06:53:23.908735+00:00
4d7ba80963f30a0a,hn_hiring,AI Creative Technologist,Workday,"Pleasanton, CA",False,,,,,,2026-10-01,https://news.ycombinator.com/item?id=49927917,"Workday | AI Creative Technologist | Pleasanton, CA | ONSITE | Contract Workday's in-house creative team already uses AI every day. We built our own agent platform (Creative AI Studio) and now need a hands-on technologist to keep it running well and build what comes next. Half the work is building: new role-specific agents, plus integrations and automations over APIs and MCP servers that move work from request to brief to production to review with fewer manual handoffs. The other half is making shipped tools work for people: supporting users, improving agents through PRs, and teaching designers and writers to get real value from them. You'll also be our technical filter on AI vendors, looking past the demo to the architecture, security, data handling, and pricing. You'd be a good fit if you: - Have shipped AI agents or agentic workflows that real users depend on (Claude Code, Cursor, etc.) - Are at home in a repo: branches, PRs, code review, release hygiene - Understand APIs, auth, webhooks, and MCP, and can map data flows before you build - Can teach a room of non-technical creatives without jargon Not a fit if you want to build but not support or teach, or you'd rather research AI than ship it. To apply, email chris.varela@workday.com with your resume and links or write-ups for one or two things you've built. For each one, tell me what problem it solved, how it works, and what you'd change now. I'm the hiring manager and read every one.",2026-10-04T06:53:23.908735+00:00
305b6d069c3c8c5c,hn_hiring,"Software Engineers (Backend, Infra, Product, Security)",Column (https://column.com),"Onsite San Francisco, CA",False,,,,,,2026-10-01,https://news.ycombinator.com/item?id=49927896,"Column (https://column.com) | ONSITE San Francisco, CA | Full Time | Software Engineers (Backend, Infra, Product, Security) | Forward-deployed Engineers | Solutions Engineers, Payment Ops, Growth, Partnerships & Emerging Markets Column is building the infrastructure that powers the US dollar globally. We're a software first company, but also own a nationally chartered bank that we've built from the ground up. We're processing trillions of dollars annually, supporting some of the largest and most sophisticated companies out there like Wise, Bilt, Brex, Ramp, Mercury and dozens of others. We just launched stablecoins, full-stack card issuing, global banking, and multicurrency accounts: https://column.com/launch Column was founded by William Hockey, who previously started Plaid. We keep an extremely lean and experienced team, and we're looking for ambitious people who want to build incredible software from first principles: - Software Engineers (Backend, Infra, Product, Security) - Forward-deployed Engineers - Solutions Engineers - Payment Operations (new grad / early career) - Growth - Partnerships - Emerging Markets Profitable and owned by employees and founders. Apply here: https://column.com/careers",2026-10-04T06:53:23.908735+00:00
215376b5c83a314d,hn_hiring,Software Engineer,RINSE,"Remote (US Or Canada) Or San Francisco, Los Angeles, Chicago, Boston, New York City, New Jersey, Seattle, Austin, Toronto, Or Washington DC",True,,80000.0,200000.0,USD,Python; TypeScript; React; Django; Computer Vision,2026-10-01,https://news.ycombinator.com/item?id=49927692,"RINSE | REMOTE (US or Canada) or San Francisco, Los Angeles, Chicago, Boston, New York City, New Jersey, Seattle, Austin, Toronto, or Washington DC | Software Engineer | Full-Time | Salary: $80k-$200k USD | https://www.rinse.com Rinse provides dry cleaning and laundry delivery services to customers in twelve metropolitan areas in the US and Canada. We have sophisticated logistics optimization software, a polished consumer product, and firm business fundamentals. We're now over a decade old - this is a stable, yet consistently growing and innovating, company. Our engineering team is distributed across the United States and internationally, and has been entirely remote for years now, but a desk can be provided in the above cities if you'd prefer. We're open to both newly-graduated engineers or more senior engineers, provided they meet our bar. We're particularly interested in true full-stack engineers, with strong React / Typescript / CSS skills to complement comfort in a Python / Django environment. We're also seeking engineers with experience leveraging AI to automate complex operational processes. This season, we're particularly interested in new grads or junior engineers, to round out the team. We're also looking for people with experience manipulating video data at scale, for computer vision applications. Similarly, we're interested in adding people with experience building and managing MCP services. You will join a high-caliber team where collaboration, honesty, and ope...",2026-10-04T06:53:23.908735+00:00
41793e6afd173cbe,hn_hiring,1x Founding Infrastructure Engineer,VLM Run (https://vlm.run),In-Person (Bay Area),False,,,,,Kubernetes; Machine Learning; LLM,2026-10-01,https://news.ycombinator.com/item?id=49927464,"VLM Run (https://vlm.run) | 1x Founding Infrastructure Engineer | In-Person (Bay Area) | Full-time We’re building the inference platform for visual intelligence. We’re a deeply technical team of AI / computer-vision engineers (20+ years combined, MIT/CMU/NC State PhDs) who’ve shipped production ML infra across autonomous driving and LLMs. We launched the VLM Run Gateway (https://vlm.run/gateway) in September, a unified API that serves open-weight VLMs, embodied VLAs, ViTs, served across a fleet of GPUs and clouds. That's exactly the infrastructure problem this role will own. We're already scaling to serve 100s of thousands of requests per day, so if this sounds exciting to you, read on. Email us at hiring@vlm.run with your GitHub profile, papers, ML projects you’ve recently shipped (100+ GH stars only) - especially with Ray, k8s, GPUs, serverless. No AI text please, keep it short, shorter emails are more likely to get a response. No remote work, must be in the Bay Area (specify in email subject).",2026-10-04T06:53:23.908735+00:00
c04d64b8115d82a3,hn_hiring,Multiple positions engineering/operations/product,Brain Corp,San Diego CA,False,,,,,,2026-10-01,https://news.ycombinator.com/item?id=49927389,"Brain Corp | Multiple positions engineering/operations/product | San Diego CA | Onsite With 50k robots deployed globally and counting, we're looking for innovators and technologists to help us make the real world work better. We currently have 10 openings spanning engineering, operations and product management. All positions are posted here: https://www.braincorp.com/open-positions Recent activity at Brain Corp: https://www.braincorp.com/resources",2026-10-04T06:53:23.908735+00:00
a6bd3d988035e5ae,hn_hiring,https://reactor.inc,Reactor,"San Francisco, CA, USA",False,,,,,,2026-10-01,https://news.ycombinator.com/item?id=49927356,"Reactor | https://reactor.inc | San Francisco, CA, USA | Full Time Reactor is the developer platform for World Models. We're small, senior, and in person in San Francisco: engineers and researchers from Apple, Netflix, Meta, Google, Adobe, Replicate, Snap Inc., and Microsoft. Reactor is looking for highly-proactive talent across the board: - Inference Engineering - Product Design - Forward Deployed Engineers - DevOps - DevEx - Research - Business Development - GTM If you're interested in working at the very tip of the spear of new media, apply today! Shoot me an email at willem at reactor dot inc",2026-10-04T06:53:23.908735+00:00
682fe6295e887a11,hn_hiring,Calibration Engineer,Tangram Vision,Remote (US Preferred),True,,160000.0,180000.0,USD,,2026-10-01,https://news.ycombinator.com/item?id=49927351,"Tangram Vision | Calibration Engineer | Remote (US preferred) | Full Time | $160k-$180k + equity Tangram Vision has been awarded a Phase II SBIR from NASA to implement operator-free multi-modal calibration on the lunar surface, a system we're calling AutoCal. Read more about the grant here (https://www.tangramvision.com/blog/tangram-vision-awarded-na...). We are looking for qualified candidates to research, implement, and improve AutoCal for both NASA's applications and those of any other robotics and automation system. The ideal Calibration Engineer candidate has real-world calibration experience through robotics, autonomous vehicles, or industry. A successful candidate has not only developed calibration systems and products, but has iterated on and improved that product once deployed. They have worked with multi-modal data from a variety of sensors and systems, and they have implemented odometry solutions from fundamentals. The full description is at: https://www.tangramvision.com/careers/calibration-engineer To apply, you can email careers@tangramvision.com",2026-10-04T06:53:23.908735+00:00
055ad14cfae45839,hn_hiring,Multiple Roles,Sumble,Remote (US),True,,,,,Snowflake; Machine Learning; Generative AI,2026-10-01,https://news.ycombinator.com/item?id=49927319,"Sumble | Multiple Roles | Remote (US)| Full-time Sumble is the newco from the founders of Kaggle. We are hiring full stack engineers, ai/ml engineers, growth/marketing, sales and customer success. Can view our roles and apply here: https://sumble-inc.workable.com/ - We are building a knowledge graph from web data with a first focus on data for go-to-market teams. - We use web data to identify things like org structure, tech stack, and key projects (e.g., GenAI initiatives, cloud migrations). - Our product already has strong product-market fit, early revenue, and happy customers — and now we’re ready to accelerate. - Our long-term vision is to become the world's best data vendor. Try the product at sumble.com. - We are a team of 35 with experience at companies such as Google, Meta, Stack Overflow, Rippling, Snowflake, Confluent and Kaggle. - We raised $38.5MM from Coatue, Canaan, Square Peg Capital https://techcrunch.com/2025/10/22/sumble-emerges-from-stealt...",2026-10-04T06:53:23.908735+00:00
81e0b5f22d957790,hn_hiring,https://portswigger.net/,Portswigger,"Knutsford, UK",False,,80000.0,150000.0,GBP,,2026-10-01,https://news.ycombinator.com/item?id=49927265,"Portswigger | https://portswigger.net/ | Knutsford, UK | Full Time | Onsite | £80,000-150,000 Portswigger makes the most widely used pentesting suite in the world, the Burp Suite. We have fully embraced AI and are using it to both offer agentic solutions in Burp AT and completely rewire how the company itself works. Doing this requires instinctive builders who can't see an inefficiency without needing to rationalise it and are brimming with creativity. The AI Pioneer role is a unique chance to be a part of this, you will rove all across the business, doing everything from overhauling sales workflows to reinventing recruiting pipelines. You will need to have had experience in building and shipping - but this can have been in any capacity, any background, from engineering to marketing, is welcomed, so long as the work has been excellent. The team is onsite 5 days a week in a purpose-built office and is friendly, warm and committed. If this sounds like the role for you, don't delay, apply today! https://apply.workable.com/portswigger/j/58071DA702/",2026-10-04T06:53:23.908735+00:00
c3fdf4f70d51dd0e,hn_hiring,"Freiburg, Germany",Albs,Onsite Or Hybrid,False,,,,,C++; Rust; LLM,2026-10-01,https://news.ycombinator.com/item?id=49927257,"Albs | Freiburg, Germany | ONSITE or HYBRID | Full-time | Member of Technical Staff (Senior / Staff) Albs is an AI research lab in stealth, building real-time multimodal models (text, speech, vision) that run on-device. We treat model architecture, inference and runtime as one system, so our models hit tight budgets for latency, power and hardware cost. We are well funded, have dedicated compute for large-scale training, and publish at top venues. Small team of senior researchers and engineers. Default is 3 days a week in our Freiburg office; remote with regular visits is possible. We're adding a few senior people in: - Research: LLM pre-training, post-training, speech, vision-language models, model adaptation - Engineering: inference and hardware optimization (C++/Rust, CUDA, SIMD, NPUs), data pipelines (text and multimodal), agentic platform Research roles: typically a PhD plus several years of experience, or an equivalent track record. Engineering roles: several years of hands-on experience in the area. Competitive salary plus equity, time to publish and present, flat hierarchy, excellent coffee. We share details on the company, team and backing in the first call. Apply: jobs@albslabs.com with your CV and a link to work you're proud of (paper, code, blog). Put your area of interest in the subject line.",2026-10-04T06:53:23.908735+00:00
2aa521f73be120e5,hn_hiring,"Senior Software Engineer (Rust, Python, C, Embedded Linux)",Veo Technologies,"Copenhagen, Denmark",False,Senior,,,,Python; Rust; AWS; GitHub Actions; Linux; Grafana,2026-10-01,https://news.ycombinator.com/item?id=49927158,"Veo Technologies | Senior Software Engineer (Rust, Python, C, Embedded Linux) | Copenhagen, Denmark | ONSITE | Full-time Veo makes an AI sports camera. One camera on any pitch records the match from several sensors, stitches them into one continuous view, and our models track every player and the ball for the whole game. Coaches and players get stats like goals, possession and passes. You will build Rust and Python user-space apps on our embedded Linux camera, and help shape the firmware architecture and Linux platform. You won't be writing drivers or doing low-level hardware work. Day to day that means Yocto system services, D-Bus and device trees, BLE/Wi-Fi with GATT and Protobuf protocols to our mobile apps, cloud integrations (REST, S3, OpenTelemetry), and diagnostics across a fleet of devices. You will work closely with our AI, video and cloud teams. Stack: Rust, Python, C, Yocto/OpenEmbedded (meta-tegra), Zephyr, NixOS, GitHub Actions, AWS S3, OpenTelemetry, Grafana, Loggly. Looking for: 5+ years of experience, fluency in at least two of Rust/Python/C, and experience with embedded Linux (Yocto) and BLE/Wi-Fi. MCU/RTOS experience is a plus. Our Copenhagen office has an indoor ball court, a rooftop terrace and a gym. Apply: https://nordictechjobs.com/jobs/wQWZw34HNY",2026-10-04T06:53:23.908735+00:00
d16c80f2482bce96,hn_hiring,"Principal Product Manager, AI Products",Komodo Health,Sf/nyc On-site / Remote US,True,Manager,213000.0,288000.0,USD,,2026-10-01,https://news.ycombinator.com/item?id=49927132,"Komodo Health | Principal Product Manager, AI Products | Full-Time | $213k-$288k + equity... | SF/NYC On-site / Remote US Healthcare in the U.S. is a mess, and most of the data that could help is locked in places nobody can use. Komodo has mapped the patient journey across the country: diagnoses, treatments, providers, payers. Our customers are pharma companies, payers and health systems that want to act on that picture. We're building the platform that puts it in their hands. There's an AI analyst that works across the whole map. There are apps that turn a population described in plain English into a full report in seconds, and tools that let analysts open, check and rerun the code behind every answer. Underneath all of it is a single query engine that every app and agent shares, so a new product is weeks of work instead of quarters. Building has gotten cheap. Deciding what to build is the hard part now, and that's the job. We want product managers who: • Have shipped data, analytics or developer products that people use every day • Prototype things themselves with AI coding tools, and would rather show a working version than write a spec • Can sit with a customer, find the problem underneath the request, and say no to the rest • Write clearly and briefly Healthcare experience helps, but it isn't required. Curiosity about how the system actually works is. Small team, real customers, and more leverage per person than I've seen anywhere. If that sounds like you, email our hea...",2026-10-04T06:53:23.908735+00:00
43f1d6b8a7e4a9ff,hn_hiring,ONSITE (US),America First Policy Institute - Office for Fiscal and Regulatory Analysis,Https://www.americafirstpolicy.com/careers,False,,,,,,2026-10-01,https://news.ycombinator.com/item?id=49927083,"America First Policy Institute - Office for Fiscal and Regulatory Analysis | ONSITE (US) | Full-time | https://www.americafirstpolicy.com/careers The America First Policy Institute (AFPI), a 501(c)(3) non-profit non-partisan research institute, exists to advance policies that put the American people first. Its Office for Fiscal and Regulatory Analysis (OFRA) aims to make government policy easier to understand, reform, and reorient for the good of the American people. OFRA's open-source tools help policy professionals simplify and streamline legislative design and rulemaking. Its analyses highlight major budgetary risks and opportunities. Its voter education products enable the average American to understand the policy impact on their lives. All of OFRA's work is built to be accessible, transparent, and reproducible. 1. Visiting Fellow - https://americafirstpolicy.com/careers/visiting-fellow-offic... 2. Fellow - https://americafirstpolicy.com/careers/fellow-office-for-fis... 3. Research Engineer - https://americafirstpolicy.com/careers/research-engineer/ 4. Senior Advisor - https://americafirstpolicy.com/careers/senior-advisor-office... 5. Program Assistant - https://americafirstpolicy.com/careers/program-assistant-off...",2026-10-04T06:53:23.908735+00:00
ed48546fc2f3ae88,hn_hiring,https://www.monumental.co/,MONUMENTAL,"Amsterdam, The Netherlands",False,,,,,React,2026-10-01,https://news.ycombinator.com/item?id=49927073,"MONUMENTAL | https://www.monumental.co/ | Amsterdam, The Netherlands | Full Time | Onsite We make robots that autonomously construct buildings, starting with bricklaying. There's a lot of vapourware in robotics, but we're deploying robots across multiple concurrent sites today - and generating revenue. In the last couple of months, our robots have built affordable social housing, health care living units, canal walls in the historic city centre of Amsterdam, and a youth sports centre. Help us to build things that matter in the long run. We're looking for experienced software engineers for many roles. You can help us solve problems like: - Data sync and analytics queries across a fleet of robots (that can be offline for hours at a time) - Modelling buildings in code and finding the right UI for operators to edit them - Designing systems for robots to drive safely and fully autonomously around a building site Check out the progress we've already made on Atrium, our operating system for robotics: https://www.monumental.co/atrium We're rapidly scaling up operations - we'll be building in the UK soon - and we need experienced engineers who can build the systems that manage all of that complexity. If you think that 'full-stack' could reasonably mean debugging firmware, mixing buckets of mortar _and_ writing React components, we are looking for you. Robotics experience not required! Take a look inside our software stack: https://www.youtube.com/watch?v=eh9BfQoKCy0 https://www.monum...",2026-10-04T06:53:23.908735+00:00
40d398cf607b9420,hn_hiring,Senior Full Stack Engineer,Postscript,Remote (US Or Canada),True,Senior,180000.0,200000.0,USD,,2026-10-01,https://news.ycombinator.com/item?id=49926951,"Postscript | Senior Full Stack Engineer | REMOTE (US or Canada) | $180k-$200k + Equity Postscript powers SMS marketing and automated revenue for over 20k Shopify merchants. XXXM revenue. Pushing out new AI-native product lines, including rebuilding our entire platform in rust this year. We are looking for a Senior Full Stack Engineer for our Messaging Channels team with 6+ years of experience and a strong background in SaaS startups. We are language-agnostic. We care most about strong technical instincts, high ownership, and a desire to ship fast across the entire stack. Apply here https://www.workatastartup.com/jobs/95790",2026-10-04T06:53:23.908735+00:00
df74f385ce55fe58,hn_hiring,"Toronto, Ontario",Cardog,"Onsite, Hybrid, Remote (Role-dependent)",True,,,,,TypeScript; SQL; React; Next.js; Tailwind CSS; PostgreSQL,2026-10-01,https://news.ycombinator.com/item?id=49926872,"Cardog | Toronto, Ontario | ONSITE, HYBRID, REMOTE (role-dependent) | Full-time | https://cardog.app/careers Cardog turns raw vehicle data into facts you can check: VIN decode, market price, recalls, and what the car's own modules report. Insurers, dealers, manufacturers and the public bodies that register vehicles all use it. We're a small team and every engineer owns a whole area. Data - Data Platform Engineer (Remote). Own the datasets: government files, manufacturer filings, dealer listings, signals from the vehicle. Decide which source wins when two disagree, and be able to prove it. SQL first, entity resolution, tens of millions of rows. Postgres, TypeScript, Workers, R2. - VIN Decode Engineer (Remote). Own decode accuracy. Read manufacturer filings line by line, write the patterns, and test them against millions of real VINs. For people who are obsessive about correctness. TypeScript, Postgres. Design - Design Engineer (Remote). Own the component library and the screens built on it. Dense data, and making uncertain or missing values look uncertain. You design in the browser and you merge it yourself. React, Next.js, Tailwind. - Founding Engineer, Dealer Platform (Toronto / Remote). First engineer on software for dealer groups. Time in stores, then ship it the same week. Strong Postgres, multi-tenant. Business - Account Executive (Toronto / Remote). Enterprise and public-sector sales cycles measured in quarters. Run technical first calls alone and pull your own numbers...",2026-10-04T06:53:23.908735+00:00
899c0ed4084d5554,hn_hiring,Senior Backend Software Engineer,KSC Trading,Remote,True,Senior,200000.0,250000.0,USD,Java; PostgreSQL; GCP,2026-10-01,https://news.ycombinator.com/item?id=49926811,"KSC Trading | Remote | Full-Time | Senior Backend Software Engineer | $200k to $250k USD Total Compensation + Benefits KSC Trading is a proprietary algorithmic trading firm founded in 2020. The company creates software to engage in automated trading in sports and prediction markets. The focus has been on statistical arbitrage and liquidity provision. We are currently a team of two, expecting to grow to a team of six over the next year. The role would include maintaining and expanding the trading infrastructure. Example projects would be to integrate new exchanges and data sources, normalize market data feeds, optimize backtest performance, and build systems to monitor and analyze live trading. The current tech stack is based on Java, Google Cloud Platform, and Postgres. Location: Remote with at least 4 hours overlap with US east coast working hours. The company donates 20% of its profits. To apply reach out at hiring@ksctrading.com with your resume.",2026-10-04T06:53:23.908735+00:00
b291ec82a5686eaa,hn_hiring,Security Engineer,Factory,Https://factory.com/,False,,,,,,2026-10-01,https://news.ycombinator.com/item?id=49926793,"Factory | Security Engineer | https://factory.com/ | Onsite | San Francisco, CA | Full-time Come work with me! I'm building out Factory's Security team. Whether you're into pentesting, application and product security, cloud security, corporate security, or compliance, I could use your skills. We recently raised $200M at a $5B valuation and this is an excellent time to join! Details are at https://factory.com/careers/software-engineer-security",2026-10-04T06:53:23.908735+00:00
39e66325e7293222,hn_hiring,https://innolitics.com/join,Innolitics,Remote,True,,200000.0,250000.0,USD,,2026-10-01,https://news.ycombinator.com/item?id=49926771,"Innolitics | https://innolitics.com/join | Remote | Full-Time Innolitics' is helps bring AI-enabled regulated medical software onto the US market. We focus on righting high-quality, clearly documented code and helping our clients with regulatory submissions. We care about safety and cybersecurity. We're an organized, established team and have been in business 15 years, helping 100s of companies onto the market in radiology, cardiology, neurology, and other fields. Principal Medical Device Software Engineer - $200,000–$250,000/year + 10-12% bonus. Required 15+ years experience as a software engineer and 8+ years of experience in the medical device space. Staff Medical Device Software Engineer - $170,000–$200,000/year + 10-12% bonus. Requires 10+ years experience as a software engineer and experience going through at least one 510(k) or De Novo.",2026-10-04T06:53:23.908735+00:00
eeccf758e3aceb8d,hn_hiring,https://futo.tech/,FUTO,"Austin, TX",True,,,,,,2026-10-01,https://news.ycombinator.com/item?id=49926618,"FUTO | https://futo.tech/ | Austin, TX | REMOTE(Worldwide) or ONSITE | Full Time FUTO is an organization dedicated to developing, both through internal engineering and investment, technologies that frustrate centralization and industry consolidation. Our work consists of a combination of in-house engineering projects, targeted investments, generous grants, and multi-media public education efforts. Immich is on a mission to provide a secure and private home for your most precious memories through our high-performance, self-hostable photo and video backup solution. Roles currently available: Mobile Developer - Immich: https://futo.tech/jobs/mobile-developer-immich More listings here: https://careers.futo.tech/ We have now hired seven employees from these HN postings. We highly encourage people to mention that you came from here in your application.",2026-10-04T06:53:23.908735+00:00
61a64cfd90563ba2,hn_hiring,"Staff Product Engineer, Enterprise AI",Mozilla / Thunderbird / Thunderbolt,Remote (US Or Canada),True,Lead,185000.0,220000.0,USD,LLM; RAG,2026-10-01,https://news.ycombinator.com/item?id=49926511,"Mozilla / Thunderbird / Thunderbolt | Staff Product Engineer, Enterprise AI | REMOTE (US or Canada) | Full-Time | $185K–$220K USD / $155K–$185K CAD | https://grnh.se/viz7vum71us We're building Thunderbolt (https://github.com/thunderbird/thunderbolt). We're an 8-person and growing team within the ~60-person company behind Thunderbird, the open-source email client used by 20M+ people. Thunderbolt is an open-source, cross-platform AI product built on the principle that people and organizations should be in control of their data, infrastructure, and model choices. It's moving from early development into enterprise use cases, and we need someone to own features end to end — concept through launch, adoption, and iteration — not just close tickets. You'd work full-stack on AI-powered chat, search, research, workflow automation, admin, and integrations. We're looking for 10+ years of engineering experience at Staff scope, hands-on AI product work (LLMs, RAG, agents, retrieval, model/provider abstraction), and comfort in ambiguity — architecture and enterprise requirements are still being defined. Bonus: self-hosted or regulated deployments, EU AI Act / GDPR / SOC 2 familiarity. Must reside in and have work authorization for the US or Canada. No sponsorship. We read every cover letter - please make it authentic.",2026-10-04T06:53:23.908735+00:00
347c4953258ba0f5,hn_hiring,multiple roles,Tolmo,"San Francisco, Ca, USA",False,,,,,,2026-10-01,https://news.ycombinator.com/item?id=49926504,"Tolmo | multiple roles | San Francisco, Ca, USA | ONSITE | Full time I am hiring for multiple roles in cybersecurity x AI [1] We have security research and fullstack engineer (platform, product). We are hiring in SF in office only at this point. Candidating is one form away[2] [1] https://tolmo.com/about/careers/ [2] https://jobs.ashbyhq.com/tolmo/form/website-generic",2026-10-04T06:53:23.908735+00:00
90440f32b6ec3094,hn_hiring,Multiple Roles,Charge Robotics,Onsite,False,,,,,,2026-10-01,https://news.ycombinator.com/item?id=49926244,"Charge Robotics | Multiple Roles | Full-time | Onsite | SF Bay Area Hi HN! We’re a YC-backed, Series-A startup building robots that build large-scale solar farms. We just published a new video of our production system here! https://youtu.be/ix0oMgqTfko It turns out that construction companies literally can't build solar fast enough, so what we're doing is a crucial part of switching the grid over to renewable generation. You’ll be a key contributor, helping bring our next generation of mobile solar factory to life. Come work with us if you love: * Fast-paced prototype development with software and hardware components * Making a positive climate impact through your work * Hacking on massive construction equipment! Lots of software and hardware jobs at the following link: https://jobs.ashbyhq.com/charge-robotics Please also feel free to reach out to me directly at max@chargerobotics.com",2026-10-04T06:53:23.908735+00:00
8b425ec4e22b3f62,hn_hiring,Head of AI Sales / AI Go To Market,Toolhouse AI,"SF, Atx, Or Remote (US)",True,Lead,180000.0,250000.0,USD,Go,2026-10-01,https://news.ycombinator.com/item?id=49926232,"Toolhouse AI | Head of AI Sales / AI Go To Market | SF, ATX, or REMOTE (US) | Full-time | $180k–$250k OTE + Equity | https://toolhouse.ai Toolhouse AI builds autonomous AI agents that execute complex, multi-step business operations and workflows across 1,000+ integrations...letting teams delegate repetitive tasks in plain language. We are model-agnostic and serving fast-growing companies and prosumer teams. We've grown naturally in the last 7 months with a founder-led sales motion this far. But it wont stop here. We need to take it to the next level! We are hiring our first Head of Sales / Go To Market to build and own our entire revenue engine from 0 to 1. What you’ll do: * Own end-to-end sales strategy, outbound pipeline generation, and enterprise deal closing. * Design and execute our GTM motion for both mid-market/enterprise buyers and self-serve expansions. * Work closely with our engineering and product people to feed customer insights back into our product roadmap. * Establish pricing, sales playbooks, customer success handoffs, and contract structures. What we're looking for: * 5+ years of experience leading sales/GTM in developer tools or B2B SaaS. * Proven track record closing early-stage technical buyers, engineering leaders, and ops executives. * High agency and hands-on execution: you love closing deals yourself before building out a team. * Deep curiosity about AI, autonomous agents, and tool execution ecosystems. *Stack & Tools:* LI, Apollo, PHONE, Attio, Not...",2026-10-04T06:53:23.908735+00:00
3327fd0dde37cfa4,hn_hiring,Full-Stack Developer (Node.js),Trackerbot,Remote,True,,35000.0,45000.0,EUR,JavaScript; Node.js; PostgreSQL; AWS,2026-10-01,https://news.ycombinator.com/item?id=49926228,"Trackerbot | Full-Stack Developer (Node.js) | REMOTE | €35-45k/year Trackerbot.me is a profitable SaaS product used by thousands of eCommerce sellers to automate order tracking and fulfillment across marketplaces such as eBay and Amazon. We're a small engineering team of 3 (including me, the CTO/co-owner), so this is a hands-on role with a lot of ownership. You'll work directly on the product and take features from idea to production. Our stack is primarily Node.js / JavaScript, PostgreSQL, Heroku, AWS/S3, and Chrome Extensions. We're looking for someone with strong Node.js and PostgreSQL experience who is comfortable working independently on a production SaaS product. Experience with Heroku and especially Chrome extension development is a big plus. The position is fully remote. We're based in Sofia, Bulgaria, and also have an office here if you're local and want to work in person occasionally. Interview process: short intro call → small take-home assignment → discussion of your solution → offer. No LeetCode and no six-round interview process. Apply: email me at dobrev.d10@gmail.com with your LinkedIn, GitHub, CV, or whatever best demonstrates your experience.",2026-10-04T06:53:23.908735+00:00
5db40c2114d30533,hn_hiring,"Engineers, Designers, PMs",Tandem Health,"On-site In Stockholm, Sweden",False,,,,,,2026-10-01,https://news.ycombinator.com/item?id=49926213,"Tandem Health | Engineers, Designers, PMs | On-site in Stockholm, Sweden | Full time At Tandem Health we're building the AI-native operating system for clinics, so clinicians can focus on care rather than administration. We're building, launching and iterating quickly, and already support more than 10,000 care organisations across 14 European markets, including most of the NHS. We recently raised a $100M Series B to go further, faster. It started with our AI medical scribe, which listens in to the patient-clinician encounter to generate medical records and saves clinicians 5-10 minutes per patient. Today our AI medical assistant supports clinicians before, during and after each visit, with medical coding and clinical decision support, three products certified as medical devices under EU MDR. We're expanding our Stockholm team with exceptionally driven builders in a wide range of roles. More info and application at https://tandemhealth.ai/about/careers Feel free to reach out to me at john.moberg[at]tandemhealth.ai if you have any questions, but please don't send applications my way",2026-10-04T06:53:23.908735+00:00
42956b731e1011bd,hn_hiring,https://rootly.com/,Rootly,"Design, Engineering, Gtm, Sales",True,,,,,,2026-10-01,https://news.ycombinator.com/item?id=49926195,"Rootly | https://rootly.com/ | design, engineering, GTM, sales | SF Bay, Toronto, APAC, Remote On-call, incident response, and AI SRE. Trusted by leading companies like NVIDIA, Dropbox, Canva, Figma, and more. Hiring across marketing, engineering, product, GTM, and sales https://rootly.com/careers",2026-10-04T06:53:23.908735+00:00
6d897e03e39b1ba8,hn_hiring,GMT-2 <--> GMT+2,"Audio/Video Collaboration company, worldwide",Remote,True,,,,,,2026-10-01,https://news.ycombinator.com/item?id=49926050,"Audio/Video Collaboration company, worldwide | GMT-2 <--> GMT+2 | Remote | Full time or part time or contract We have a new opening! We're a dynamic truly-global team developing high-end audio and video collaboration tools. A long-term opportunity exist to be the architect and team lead for a new version of a widely-used multimedia product based on existing proven patterns, but expanded to new platforms and capabilities. You must have a strong background in audio DSP, networked audio and cross-platform architecture. European timezone only. We bring beautiful, complex systems to life. Our customers LOVE us. We have small teams: you work closely with the product owners and your input and expertise is meaningful and has an impact. We're a 100% remote company in business for many years supporting the film, media and broadcast industry. Celebrated for our attention to technical detail and for solving hard problems, we're working on vital technology. There's something interesting going on every day and you'd have the opportunity to be part of driving how the industry moves forward in a post-pandemic world. You'll be part of a team of experts working 100% remotely. You must have a strong background in audio DSP, networked audio and cross-platform architecture. Please send resume to hello@loopcontrol.io that shows experience in the above-mentioned required areas and you are in timezone GMT-2 <--> GMT+2. We respond to all valid candidates. We strive for diversity and welcome all per...",2026-10-04T06:53:23.908735+00:00
b5c6c057769b5da4,hn_hiring,"New York, NY",Sheer Health (https://www.sheerhealth.com),Onsite,False,,,,,,2026-10-01,https://news.ycombinator.com/item?id=49925928,"Sheer Health (https://www.sheerhealth.com) | New York, NY | Full-Time | ONSITE If you or a loved one has ever suffered from confusing/egregious medical bills or insurance communications, this is your chance to give the power back to others in a similar situation. Our mission is to demystify health insurance, healthcare and medical billing. By utilizing cutting-edge technology and advanced data analytics, we deliver personalized recommendations on how to save money, maximize use of plan benefits, stay on top of reimbursements and avoid erroneous or inflated medical bills. Currently open roles: - Automation Engineer (https://jobs.ashbyhq.com/sheerhealth/ccd28cff-eac8-4970-beb4...)",2026-10-04T06:53:23.908735+00:00
3d9f116b50045414,hn_hiring,"NY, SF, London & Toronto (In-Person)",Uncountable,Full-Stack Engineering Https://www.uncountable.com/hiring/hn,False,,130000.0,220000.0,USD,,2026-10-01,https://news.ycombinator.com/item?id=49925904,"Uncountable | NY, SF, London & Toronto (In-Person) | Full-Stack Engineering https://www.uncountable.com/hiring/hn Uncountable accelerates R&D for industrial scientists across leading materials, chemicals, and life sciences organizations. With our SaaS solution, our customers get better products to the market in half the time. Our team has grown from 100 to 200 in the last year. Full-Stack Engineers | $130k - $220k + Equity ---> Uncountable is looking for engineers who can spearhead the development of the Uncountable Web Platform. The position is heavily product-driven and comes with challenges across the stack. --> Summer internships and working student positions are also available. Learn more: https://www.uncountable.com/hiring/hn Learn about our agentic coding practices: https://engineering.uncountable.com/coding/. Contact our CTO directly at jason@uncountable.com",2026-10-04T06:53:23.908735+00:00
a734b15578e0769a,hn_hiring,Senior Software Engineer,MeritFirst,"Austin, TX (Onsite)",False,Senior,,,,TypeScript; React; Next.js; PostgreSQL,2026-10-01,https://news.ycombinator.com/item?id=49925644,"MeritFirst | Senior Software Engineer | Austin, TX (ONSITE) | Full-time MeritFirst helps companies hire on demonstrated ability instead of pedigree. Candidates take realistic work-sample assessments, and employers get a signal they can trust more than a resume. We are backed by 8VC and Slow Ventures. The hard part is building a signal good enough to influence real hiring decisions: fair to candidates, predictive for employers, explainable, and hard to game. What you'll build: - The product candidates use to prove what they can do - The product employers use to find and hire them, and the scoring behind it - The engineering bar the next hires will inherit, and helping us hire them Stack: TypeScript, React, Next.js, Postgres. We want people who have built and run real production software, debug from evidence, and do not need a fully specified roadmap. Early engineers, technical founders, and senior ICs do well here. We use AI to move faster and to understand code better, but we do not blindly ship what it writes. You are expected to know and own every line you commit. Start with the assessment: https://www.meritfirst.us/candidate/tests/40bfae94-dbf6-43fd...",2026-10-04T06:53:23.908735+00:00
4086ab6539372de2,hn_hiring,"Machine Learning Engineer (Python, ML)",Hestus,Peninsula (Onsite),False,,150000.0,200000.0,USD,Python; Machine Learning,2026-10-01,https://news.ycombinator.com/item?id=49925545,"Hestus | Machine Learning Engineer (Python, ML) | Peninsula (Onsite) | Full-time | $150k–$200k + equity | YC-funded We're building AI-powered CAD tools to transform hardware development — think next-gen design workflows powered by custom ML models. We're a fast-moving startup, working with bleeding-edge tech at the intersection of mechanical engineering and AI. We're looking for a versatile ML engineer to help us scale: develop and deploy custom models and prototype tools that make complex design work simpler and faster. https://www.hestus.co/careers for more information",2026-10-04T06:53:23.908735+00:00
dfc4da6d6e6571ee,hn_hiring,"Senior Software Engineer, Decisioning",Octane,Remote (US Only) Or NYC/Dallas,True,Senior,130000.0,170000.0,USD,Python; Django; PostgreSQL,2026-10-01,https://news.ycombinator.com/item?id=49925526,"Octane | Senior Software Engineer, Decisioning | REMOTE (US only) or NYC/Dallas | $130K to $170K base + bonus eligibility + employee stock options Octane is unlocking the power of financial products for merchants and consumers. Our cutting-edge technology and innovative financial products empower businesses with more control and flexibility, enabling them to deliver seamless digital experiences, drive customer loyalty, and build long-term value. We are hiring a Senior Software Engineer to build features and infrastructure for our decisioning (automated underwriting) team. Used by dealerships across the country, this product provides a streamlined workflow for dealerships to get fast, flexible financing to their customers. Working with a team of passionate, experienced engineers, you'll work throughout the backend of our stack with technologies such as Python, Django, PostgreSQL. Apply: https://octane.co/o/who-we-are/careers/jobs-open/?gh_jid=799...",2026-10-04T06:53:23.908735+00:00
e6c0fce62da1882c,hn_hiring,Software Engineer (L4),Paramark,San Francisco Hybrid (3 Days/wk) Or Remote (US),True,,199000.0,249000.0,USD,Python; TypeScript; React; PostgreSQL; GCP; Machine Learning,2026-10-01,https://news.ycombinator.com/item?id=49925497,"Paramark | Software Engineer (L4) | San Francisco HYBRID (3 days/wk) or REMOTE (US) | Full-time | $199K–$249K + equity Paramark helps Marketing teams optimize spend across all of their channels and programs. There are proven scientific ways to do this, but they are poorly understood and practiced by only a tiny fraction of teams. Our product ingests data from all of our customers' marketing channels and uses it to train open-source ML models for both measurement and experimentation. This makes it possible for any marketer to use these methods. In this domain, it's hard to figure out what to build, and it's even harder to be both accurate and simple. You'll be joining a small team -- we have four product engineers. That means owning systems end to end and having real influence over what gets built. Your typical project will start with a high level goal, and you will figure out the rest. Founded 2023, ~16 people, $8M from Greylock, cash-flow positive. Reasonable working hours: when the Mercury News covered the return of 996 culture, we were the counterexample. ""We don't think early stage startup life requires 18-hour days, or even 12-hour days."" https://www.mercurynews.com/2025/08/25/silicon-valley-startu.... 4 weeks PTO plus federal holidays, medical/dental/vision (100% of employee premiums, 50% for family). Looking for 8+ years, full-stack. Some exposure to statistics, experimentation, or A/B testing helps. Stack: TypeScript, React, Python, Postgres. Google Cloud, Kubernet...",2026-10-04T06:53:23.908735+00:00
e4bee176648e4be5,hn_hiring,Senior Software Engineer,Descartes - Finale Inventory,Remote,True,Senior,,,,JavaScript; C++; React; Node.js,2026-10-01,https://news.ycombinator.com/item?id=49925469,"Descartes - Finale Inventory | Senior Software Engineer | REMOTE | Full-Time Finale Inventory is a SaaS application that helps ecommerce sellers manage their operations efficiently. We integrate with over 25 other systems (Amazon, eBay, Shopify, QuickBooks, etc.) to give our customers a complete picture of their business. We’re a remote-first team that has built a thriving business grounded on long term relationships with our customers and employees. Our culture is focused on delighting our customers, honesty, transparency, learning and innovating with our colleagues and customers, and constant improvement. You'll be joining a team of 15 engineers spread across North America, South America, and Western Europe. We use continuous deployment practices to ship code to production several times per day and have a strong test driven development approach. Our technology stack is predominantly JavaScript (Node.js, React) with C++ used in select places for performance. Interested? Contact Jason Forbes, Director of Software Development, jforbes@descartes.com.",2026-10-04T06:53:23.908735+00:00
8c767b4d1495a46d,hn_hiring,Vision Systems Engineer,etc. (Exploration Technology Corp.),"Onsite San Francisco, CA",False,,160000.0,210000.0,USD,,2026-10-01,https://news.ycombinator.com/item?id=49925468,"etc. (Exploration Technology Corp.) | Vision Systems Engineer | ONSITE San Francisco, CA | $160K-$210K base + equity At etc, we are actively developing cutting-edge exploration and defense missions — including space-based IR sensing and interceptor systems. If you join the team, you will have the opportunity to work on hardware and software for US Department of Defense missions, NASA programs, and much more. We're hiring a hands-on Vision Systems Engineer to own the detection, tracking, and target discrimination software stack for a real-time space-based IR sensing program supporting US national security missions. Your job is the vision algorithms: turning LWIR imagery into high-confidence track and guidance outputs in real time, on embedded space hardware, in demanding engagement environments. Location: In person in South Park, San Francisco, California. Apply: https://ats.rippling.com/etc/jobs/3300a2a6-a2af-4b7a-b44a-1a...",2026-10-04T06:53:23.908735+00:00
e3e0a97652882299,hn_hiring,"Senior Staff Software Engineer, CodeAI",Google,"Munich, Germany",False,Lead,,,,,2026-10-01,https://news.ycombinator.com/item?id=49925329,"Google | Senior Staff Software Engineer, CodeAI | Munich, Germany | On-site The role is to help set technical direction for how we build and use coding agents at Google: agent infrastructure, making Googlers more productive with agents, and making the agents themselves better. We’re especially looking for someone who has actually built agentic systems and has experience using them to make software development materially faster in a large engineering organization. This is not primarily a “follow the space” role — we want someone who has shipped these systems, learned what works and what doesn’t, and can use that experience to shape the next generation. The space is moving very quickly and is competitive both inside Google and externally. We’re looking for someone highly creative who wants to challenge how things are done today, has strong technical judgment, and can turn ideas into working systems with the team. A big part of the role is not just setting direction, but getting there: prototyping, building, iterating, and inspiring the team to rethink what is possible. If that sounds interesting, please apply: https://www.google.com/about/careers/applications/jobs/resul...",2026-10-04T06:53:23.908735+00:00
7bdca49283aa2cec,hn_hiring,"REMOTE (US) or Austin, TX",applyapply,Https://applyapply.xyz,True,,140000.0,170000.0,USD,LLM,2026-10-01,https://news.ycombinator.com/item?id=49925300,"applyapply | REMOTE (US) or Austin, TX | Full-time | https://applyapply.xyz I'm building applyapply — it runs a serious job search overnight: matching roles, tailored resumes, cover notes, and answers so applications take minutes instead of hours. Live product. https://applyapply.xyz Hiring two founding roles: 1) Founding Engineer — $140–170k + meaningful founding equity Own the product end-to-end: sourcing, resume-per-posting pipeline, Chrome extension, reliability. Full-stack + LLM/API work. Bias to ship; keep candidate achievements intact (no bland rewrites). Apply: https://applyapply.xyz/jobs/founding-engineer 2) Founding Growth — $110–140k + meaningful founding equity Own how people find applyapply: channels, content, experiments, conversion. Partner with eng on the product surfaces that drive adoption. You've grown a consumer/prosumer product (or built something that spread without a big brand budget). Apply: https://applyapply.xyz/jobs/founding-growth Both: remote US preferred, Austin OK.",2026-10-04T06:53:23.908735+00:00
80c8c07f4ffdb10d,hn_hiring,"Engineering, sales, operations",ko-br,"San Francisco, CA / London, UK / Cairo, Egypt",False,,,,,,2026-10-01,https://news.ycombinator.com/item?id=49925283,"ko-br | Engineering, sales, operations | San Francisco, CA / London, UK / Cairo, Egypt | Full-time | https://ko-br.com We give robots the ability to reliably perform mundane manufacturing work. Come build with us We are looking for: * Founding Software Engineers * Founding Deployment & Operations Engineers * Founding Sales Engineers * Robot Teleoperators Apply here: https://app.dover.com/jobs/ko-br",2026-10-04T06:53:23.908735+00:00
c543b4b87f218f29,hn_hiring,All,Diffusion,SF Bay (Redwood City),False,,,,,,2026-10-01,https://news.ycombinator.com/item?id=49925260,"Diffusion | All | SF Bay (Redwood City) | On site (office!), full-time Justin here, founder @ Diffusion. Formerly co-founder & CTO @ StrongDM. We're finding the steepest gradients in the economy between model capability and deployed practice. A large part of that work is currently related to software factory construction. All career stages welcome (including new grads). We are particularly interested in: * Current/former founders * High consequence / high criticality technical backgrounds * Top decile communicators (writing, speech, video) who also make computer go brrr Roles: AI Eng - Factory Architect, AI Eng - Commercial, AI Eng - Compounding Leverage, Applied AI Researcher Please expect satisfying, dignifying intensity. Email hello@diffusion.io",2026-10-04T06:53:23.908735+00:00
44c008ced28a72d6,hn_hiring,Founding Product Engineer,VOYGR (YC W26),San Francisco,False,,150000.0,200000.0,USD,Python; FastAPI; PostgreSQL; Redis; DynamoDB; AWS; Machine Learning; LLM,2026-10-01,https://news.ycombinator.com/item?id=49925202,"VOYGR (YC W26) | Founding Product Engineer | San Francisco | ONSITE | Full-time | $150K-$200K + 0.5%-2.0% equity I'm Yarik, cofounder and CTO. Before this I spent 20 years in tech with 10+ years running infra, ML and search teams at Google, Meta and Apple. We love maps and build location/businesses APIs for AI apps and agents. If ChatGPT tells you a restaurant is open and it actually closed in March, that's the problem we fix. We check whether a business still exists, whether its hours and details are right, and enrich it with what's being written about it on the web (news, articles, events). Customers get all of it through one API and we solve it for them with our models which use all available sources and ai voice agents which can confirm the information. You'd be one of the first engineers. Some weeks that's search and ranking, some weeks it's data pipelines or evals, some weeks it's the API or something a customer asked for yesterday. You'll have a big say in what gets built, not just how. Stack: Python, FastAPI, Postgres/PostGIS, DynamoDB, Redis, AWS (EKS), our own ML models plus LLM APIs (OpenAI, Gemini, Anthropic). What I'm looking for: - 2+ years shipping production systems, or fewer if your background is unusual and you can show what you've built - real experience with at least one of: search/IR, large-scale data processing, ML systems, API design - you already use Claude Code, Cursor or similar as part of how you work - geo/POI data experience is a plus, not requir...",2026-10-04T06:53:23.908735+00:00
6a0e013d4b7c033d,hn_hiring,"San Francisco, CA and San Jose, CA",Cisco ThousandEyes,Hybrid Onsite (2 Days/week),False,,,,,Microservices,2026-10-01,https://news.ycombinator.com/item?id=49925116,"Cisco ThousandEyes | San Francisco, CA and San Jose, CA | Full-time | HYBRID ONSITE (2 days/week) | https://www.thousandeyes.com/ ThousandEyes helps organizations detect and resolve problems that affect digital experiences across networks. The Account Management team builds services for customer identity, access, entitlements, and contracts. We’re looking for a technical lead to guide architecture across secure, scalable microservices, high-throughput APIs, and customer-facing web apps. You’ll lead work such as application migrations, API and workflow modernization, and service decoupling; improve reliability and developer productivity; and mentor engineers across the team. Hybrid schedule: two days in the office each week, in San Francisco or San Jose. At least one day every two weeks must be in San Jose for sprint planning. Lead Software Engineer - https://careers.cisco.com/global/en/job/2023366/Lead-Softwar...",2026-10-04T06:53:23.908735+00:00
b8df0327a94c2778,hn_hiring,Head of Development – AI Agent Platform,Strategy & Transformation Consulting (s&t),Remote (Germany),True,Lead,,,,C#; .NET; Azure; GitHub Actions; CI/CD; RAG,2026-10-01,https://news.ycombinator.com/item?id=49925098,"Strategy & Transformation Consulting (s&t) | Head of Development – AI Agent Platform | REMOTE (Germany) | Full-time | German C1+ required We are a German strategy & transformation consultancy building our own product: a platform to design, orchestrate, run and govern AI agents for enterprise processes – built entirely on Microsoft Azure in C#/.NET (Azure AI Foundry, Azure OpenAI, Semantic Kernel/Agent Framework, MCP, knowledge graphs, RAG, vector DBs). We are looking for the person who owns the engineering end-to-end: architecture, hands-on coding, CI/CD (Azure DevOps or GitHub Actions, IaC), multi-tenancy, security, cost control, and leading a small senior team. Must have: AI agents that are in production today (tell us which and where), strong C#/.NET, deep Azure, 5+ years of professional software development, fluent German and English. You report directly to the founders and shape the product from day one. Apply with CV and a short description of the agents you have shipped: recruiting@strategy-transformation.com",2026-10-04T06:53:23.908735+00:00
081a214ac737c0d7,hn_hiring,Full Stack Engineer,Plutus,"In Person - Kirkland, WA",False,,,,,,2026-10-01,https://news.ycombinator.com/item?id=49925071,"Plutus | In Person - Kirkland, WA | Fintech | Full Stack Engineer We are building an investment advisor platform. Raised $5.4M in our recent funding round. The role requires a passion for writing clean code, extreme ownership, and the ability to operate with a deep understanding of the tech stack. Use AI effectively, but own the fundamentals - You leverage AI tools to move faster and be more productive, but you have deep knowledge of the entire stack. You can explain what the code does, debug when things break, and make architectural decisions without relying on AI to tell you what's right. Check out the product at https://www.runplutus.com Job/application information available at https://www.linkedin.com/company/runplutus/jobs/ If you're in the Seattle area, we're hosting a fun builder event (invite only) at our office - https://lnkd.in/p/eir4kRTW",2026-10-04T06:53:23.908735+00:00
a22a64c010523af7,hn_hiring,"Senior Software Engineer, Application Security",Discord,"Remote (US West Coast) Or San Francisco, CA",True,Senior,196000.0,245000.0,USD,Python; JavaScript; TypeScript; Rust; React; GCP,2026-10-01,https://news.ycombinator.com/item?id=49925063,"Discord | Senior Software Engineer, Application Security | REMOTE (US West Coast) or San Francisco, CA | $196K-$245K base + equity Discord is where communities and friend groups spend time together, on desktop, mobile, and now more and more inside games and third-party apps built on our platform. That surface area, plus a huge, engaged, occasionally adversarial user base, makes application security a genuinely hard and interesting problem here. We are hiring a Senior Software Engineer to join the Application Security team. This is hands-on product engineering: building security features that protect user accounts, strengthening authentication and session security, and improving security-critical services. You will work directly with product teams to ship user-facing account security tools and address emerging threats. Stack: Python primarily, some TypeScript/React, some Rust, occasional JavaScript. Runs on GCP. Looking for: hands-on AppSec experience (not just compliance-flavored security), comfort reading and writing code across languages, experience shipping production software, and sound judgment on prioritizing real risk over checklist security. Experience with authentication, passkeys, MFA, or session management is especially relevant. Location: Remote from the US West Coast. If you are in the Bay Area, our SF office is an option. Relocation to the Bay Area is not required. Interview process: recruiter call, coding round, HM interview, virtual onsite, decision. Apply: h...",2026-10-04T06:53:23.908735+00:00
f74b61148bf55ac4,hn_hiring,Remote (US),Curai,Https://curaihealth.com,True,,,,,Python; React; PostgreSQL; DynamoDB; AWS; Docker; Terraform; React Native,2026-10-01,https://news.ycombinator.com/item?id=49924974,"Curai | Remote (US) | Full-time | https://curaihealth.com We're building AI agents to expand access to affordable, and high quality healthcare. We run a vertically integrated primary and urgent care clinic and are actively building an agentic platform focused improving longitudinal care outcomes. We're hiring engineers to work across patient and clinician experiences, production AI systems, and the platforms that help people discover and access care. * Sr Software Engineer, Full-Stack: https://jobs.lever.co/curai/46e0dd2f-c1dd-4ca2-9095-5b45f477... * Sr Software Engineer, Agentic AI: https://jobs.lever.co/curai/cd31b67b-d83c-466a-ac55-cfa4c2ec... * Sr Software Engineer, Marketing Platform: https://jobs.lever.co/curai/b157298e-4dc7-4594-a9c4-29f0dec4... Tech stack: Agents SDK, Braintrust, Python, React, React Native/Expo, AWS, Postgres, DynamoDB, Docker, Terraform.",2026-10-04T06:53:23.908735+00:00
715b21350a5aef29,hn_hiring,"Santa Clara, CA and Berlin, Germany",QUOBYTE,Onsite,True,,60000.0,100000.0,EUR,Kubernetes,2026-10-01,https://news.ycombinator.com/item?id=49924972,"QUOBYTE | Santa Clara, CA and Berlin, Germany | Full-time / Remote | ONSITE | https://www.quobyte.com/ At Quobyte we are working on a highly scalable and fault-tolerant software storage system built around a parallel file system core. Our customers use us for large scale AI and HPC clusters in the enterprise and research, k8s and OpenStack infrastructures, and as a scalable backend for SaaS products. There are Quobyte clusters which span tens of thousands of machines and slurp 100s of GB/s! Under the hood, we have built a full-stack fault-tolerant parallel file system, with everything from kernel development over our own replicated database system design to distributed algorithms (Paxos!) and performance. In short: lots of real-world challenging and fun problems! We work as a highly efficient engineering team, ship frequently, do code reviews, and have lots of unit and integration testing. If you’re passionate about systems, we might be the right place for you! Berlin, Germany (onsite, please apply only if you already are in the EU): * Software Engineer (with a passion for Systems, 60-100k EUR) * QA Engineer (creative testing, test automation, release engineering, 60-100k EUR) * Infrastructure Engineer (engineering and corporate infrastructure, 50-90k) * Customer Success Engineer (50-90k) For detailed job descriptions please and application process, please visit https://www.quobyte.com/company/careers or write to work at quobyte.com.",2026-10-04T06:53:23.908735+00:00
fbe5c973eedefde1,hn_hiring,Earth,Trustworthy Technology,Remote,True,,,,,,2026-10-01,https://news.ycombinator.com/item?id=49924889,"Trustworthy Technology | Earth | Part Time | REMOTE | Anything Hi, we are a small group trying to bring the ""trustworthy"" feature back to tech. Curating and building a FOSS+ toolset, storefront, and eventually online service—all to support freedom, privacy, and informed consent—on device and on the net. We've written our thoughts and research down at: https://trustworthy.technology/ and we have a few geeks starting projects at: https://codeberg.org/aol First off, you'll notice that you've probably not heard about this project before. Next, the message is a bit scattered, and the ""programmer art,"" while arguably not horrible isn't winning any awards either, haha. That's where you come in. You are one of the few folks who really cares about this stuff, and also a graphic/product designer, or perhaps a digital marketer, communicator or ""people whisperer."" (Being in the EU would be helpful as well, to work from the digital sovereignty angle, though not required.) Geeks are welcome too. Some of us are unemployed and currently donating our time. Maybe you are too, or retired/cashed-out and bored. Consider this another FOSS-like project. We hope the store/service will make money, but we're not there yet. Interested? Let's chat at: https://trustytech.zulipchat.com/join/ivui3uglp2at3tyltau7jj... BTW, if/when you join please say hi and let us know what kind of projects you're interested in.",2026-10-04T06:53:23.908735+00:00
71faebc228b4b1a8,hn_hiring,Community & Ecosystem Lead,NeverBlink,Remote (EU),True,Lead,,,,Hugging Face,2026-10-01,https://news.ycombinator.com/item?id=49924869,"NeverBlink | Community & Ecosystem Lead | Remote (EU) We are building a HuggingFace / npm for ontologies. Ontologies are what gives data meaning. We are looking for people to get this tech into the hands of as many devs in AI & data as possible. You don't need to know what are ontologies, we can teach you that. Some background in agents or analytics preferred. Apply if you like working with OSS communities, technical writing, and physical events (e.g., workshops at conferences). You get ownership over the process – you tell us how you want to run this. All experience levels are welcome: https://app.dover.com/apply/98147191-8319-43cd-911f-98f678be...",2026-10-04T06:53:23.908735+00:00
15c5f5338064ffe4,hn_hiring,AI Harness Engineer,Tether,Remote (Worldwide),True,,,,,JavaScript; TypeScript; LLM,2026-10-01,https://news.ycombinator.com/item?id=49924581,"Tether | AI Harness Engineer | REMOTE (Worldwide) | Full-time We're looking for an AI Harness Engineer to build local AI systems combining agentic AI with P2P technology. Looking for strong JavaScript/TypeScript experience and hands-on work with AI/LLMs, agent harnesses, local inference, and/or P2P/distributed systems. Open-source experience is a plus. Apply: https://careers.tether.io/o/ai-harness-engineer-100-remote-w...",2026-10-04T06:53:23.908735+00:00
df35f9b5d9a88ad9,hn_hiring,"Applied cryptographer, protocol review",Human8e Ltd,Remote (Worldwide),True,,,,,Android; iOS,2026-10-01,https://news.ycombinator.com/item?id=49924575,"Human8e Ltd | Applied cryptographer, protocol review | REMOTE (worldwide) | Contract, fixed fee We're an early-stage UK company building a mobile application, funded by its founder (just me), which is why the scope below is deliberately narrow. I'm looking for an applied cryptographer to review a protocol specification before it ships. It is small and specific: three messages, two parties, signature-based, using hardware-backed keys on both iOS and Android. It uses standard primitives only (ECDSA over P-256, SHA-256) and invents no new cryptography; the question is how they are combined. The specification is written and frozen, with test vectors and the generator that produces them. What I want is a competent second opinion on whether it is sound: six specific questions answered in writing. Not an open-ended audit or a penetration test. The person I'm looking for has either published on protocol security or reviews protocols professionally; being good with crypto libraries isn't quite the same thing. One piece of contract work, not a role. Under a short mutual NDA. Email clive@human8e.com by Sunday 4 October with a short summary of the protocol analysis you've done, and I'll send scope, timing and what I'd need from you.",2026-10-04T06:53:23.908735+00:00
b2c9631cea68d617,hn_hiring,https://sudowrite.com,Sudowrite,√ Remote (US),True,,160000.0,160000.0,USD,React,2026-10-01,https://news.ycombinator.com/item?id=49924556,"Sudowrite | https://sudowrite.com | √ REMOTE (US) | √ PMF | √ PROFITABLE | Full-Time Kind, smart, low-drama people, seeking the same to help make writing tools authors dream about. Our users have published thousands of books using Sudowrite, and we're building a sustainable company, not chasing unrealistic growth targets set by VCs. * We help the next generation of storytellers tell better stories. * We believe the future of writing is AI & human collaboration. * Co-founders both had prior exits. ————————————————————— Hiring: Senior Mobile Developer * Build imaginative tools that help writers turn ideas into stories. * Work across the stack: from expressive, responsive interfaces and text editing to the systems and AI infrastructure behind them. * You should have: Great taste and product sense, lots of agency, strong React and backend experience, and a sense of humor, adventure, and hope. * Comp: $160K–$180K, equity, 401(k), profit sharing, retreats, and unlimited books. APPLY MOBILE: https://sudowrite.com/jobs/mobile",2026-10-04T06:53:23.908735+00:00
cb7667b06b70e128,hn_hiring,Multiple Open Roles,Yardstik,"Minneapolis, MN (Hybrid)",False,,120000.0,165000.0,USD,,2026-10-01,https://news.ycombinator.com/item?id=49924509,"Yardstik | Multiple Open Roles | Minneapolis, MN (Hybrid) - DevSecOps Engineer | $120,000 - $165,000 | apply at https://app.trinethire.com/companies/135023-yardstik/jobs/12... - Senior Software Engineer | $120,000 - $200,000 | apply at https://app.trinethire.com/companies/135023-yardstik/jobs/12... We just completed our Series B and are growing https://yardstik.com/news-articles/yardstik-raises-30m-in-se... Yardstik is a start-up software company with a mission of building trust and safety into the Internet Economy. The world of background screening, certification, and training has lacked innovation and we’re here to change that for our customers. Our enterprise-class technology allows us to provide a right-fit solution for our customers realistic for any platform, in any industry. Join us in our efforts to protect organizations and their people. We are honored to have recently been named a MSPBJ Best Place to Work for the sixth year in a row and named to Newsweek’s America’s Greatest Startup Workplaces. Come be part of our amazing culture and join an environment where you can see and feel the impact of your work every day.",2026-10-04T06:53:23.908735+00:00
060107b0dde6bc31,hn_hiring,Multiple Engineering Roles,Solace Health,Remote (US),True,,150000.0,200000.0,USD,TypeScript; SQL; React; Node.js; PostgreSQL; GCP; Kubernetes,2026-10-01,https://news.ycombinator.com/item?id=49924327,"Solace Health | Multiple Engineering Roles | REMOTE (US) | Full-time | No visa sponsorship offered We're hiring Typescript Engineers (full-stack, backend, and platform) on all our core groups. We're Solace Health. In 4.5 years, we've provided free healthcare advocacy to over 200K patients on Medicare, and just begun opening access to everyone in the US. We exist to make sure nobody in the US has to navigate their healthcare journey alone. We hit Unicorn status after our February Series-C led by IVP, bringing us to $207M raised and a $1B valuation. Compensation and benefits are highly competitive and include equity. Open Roles - Senior Full Stack Engineer ($150k-$200k) - Senior Backend Engineer ($150k-$200k) - Staff Software Engineer ($200k-$225k, Fullstack or Backend lean) - Senior Platform Engineer ($150k-$175k) - Technical Lead ($200k-$230k, player/coach people managers) Tech Stack Typescript with ReactJS and NodeJS plus NestJS, PostgreSQL, GCP, SQL, TypeORM, shadcn for our UI Library and GCP. K8s for platform. APPLY HERE https://jobs.ashbyhq.com/Solace?utm_source=x4QJmBQEg7 If you want to build fast with high autonomy and believe in strong typing as much as we do, we'd love to hear from you!",2026-10-04T06:53:23.908735+00:00
f0e4a4fbaa177395,hn_hiring,Founding Engineer,Hedge (YC),San Francisco,False,,150000.0,250000.0,USD,Python; TypeScript; React; FastAPI; PostgreSQL,2026-10-01,https://news.ycombinator.com/item?id=49924239,"Hedge (YC) | Founding Engineer | San Francisco | ONSITE | Full-time | $150K-$250K + 1-3% equity Hedge is an AI-native insurance company. We started as a wholesale brokerage for specialty commercial insurance, where AI agents do most of the work of placing policies: reading messy submissions, chasing missing information, working with 100+ insurance markets, and moving accounts toward coverage. The agents are in production doing real work for paying customers. We're hiring our founding engineer to own the platform end to end: agents, evals, data pipelines, integrations, and reliability. Python/FastAPI, TypeScript/React, Postgres. You should be deeply technical, resourceful, and have taken something from zero to one. No insurance experience needed. In office in SF Apply: https://www.hedgespecialty.com/careers?ashby_jid=b79fa956-bd...",2026-10-04T06:53:23.908735+00:00
7c4f7be09a82e672,hn_hiring,"Berkeley, CA",SwingVision,,False,,,,,Machine Learning; Computer Vision,2026-10-01,https://news.ycombinator.com/item?id=49924165,"SwingVision | Berkeley, CA | Full time + Internships SwingVision uses computer vision to turn a single phone camera into an automated stats, highlights, and line-calling system for tennis, pickleball, and padel. Models run on-device in real time, and the app won an Apple Design Award for Innovation. We're growing the ML and product teams. - Head of Machine Learning: https://jobs.deel.com/swingvision/job-details/c2cc0f23-3e59-... - Machine Learning Engineer: https://jobs.deel.com/swingvision/job-details/cc271cef-58f7-... - Head of Product: https://jobs.deel.com/swingvision/job-details/cb631dcb-1a80-... - Machine Learning Intern: https://jobs.deel.com/swingvision/job-details/0597eeac-eded-... - Data Labeling Intern: https://app.deel.com/job-boards/swingvision/job-details/a9a7...",2026-10-04T06:53:23.908735+00:00
6ec92fc5f78caae5,hn_hiring,"San Francisco, CA (Hybrid)",Baton,,False,,260000.0,350000.0,USD,Machine Learning; MLOps,2026-10-01,https://news.ycombinator.com/item?id=49924087,"Baton | San Francisco, CA (Hybrid) | Full-Time Baton (baton.io) is Ryder's in-house product development group focused on harnessing emerging technologies to redefine transportation and logistics. With $10B in freight under management, our technology reaches every part of the U.S. economy. We design and ship category-defining software that enables Ryder and its 50,000+ customers—including some of the world's most well-known brands—to plan and execute freight intelligently, efficiently, and cost-effectively. Our work includes everything from customer-facing software to the data platform that will power the next era of innovation at Ryder. Baton's mission: enable supply chain on autopilot. Ryder acquired Baton in 2022 to power its next wave of digital products. We operate at startup speed, with Fortune 500 reach. If you have a passion for solving complex problems and creating impact for the engine of the American economy, you'll love it here. Current openings at Baton: * Staff Software Engineer - Infrastructure, Data Platform (hybrid, $260,000 - $350,000): https://grnh.se/55wbfa9g7us * Software Engineer - Data Platform (hybrid, $162,000 - $216,000): https://grnh.se/8pm4cytg7us * Software Engineer - Infrastructure, Data Platform (hybrid, $162,000 - $216,000): https://grnh.se/wb558ncz7us * Senior Product Manager, Machine Learning (hybrid, $190,000 - $240,000): https://grnh.se/537yusl37us * Software Engineer, MLOps - Machine Learning (hybrid, $162,000 - $216,000): https://grnh.se/...",2026-10-04T06:53:23.908735+00:00
fc0112447a1a2fbb,hn_hiring,Full Stack Product Engineer (Design & Geospatial),City Detect,"Tuscaloosa, AL",True,,110000.0,159000.0,USD,Python; TypeScript; React; FastAPI; PostgreSQL; AWS; Computer Vision,2026-10-01,https://news.ycombinator.com/item?id=49924016,"City Detect | Full Stack Product Engineer (Design & Geospatial) | Tuscaloosa, AL | REMOTE (US) | Full-time | $110k–$159k + equity City Detect uses AI and computer vision to map the physical world for cities. Sensors capture street-level conditions so local governments can find and respond to issues like blight and track how neighborhoods change over time. Founded in 2021, Series A, working with municipalities across Texas, California, Florida, and beyond. We're looking for a frontend-leaning full stack engineer with a strong eye for design to own the map-heavy parts of our product. That means interactive maps, spatial data explorers and dashboards that city staff use to make decisions. Stack: React/TypeScript, Python/FastAPI on AWS Lambda, Aurora PostgreSQL + PostGIS. Experience with Mapbox, deck.gl, Leaflet, D3, vector tiles/H3, or nation-scale OSM data is a big plus. Mid to senior level. Small team, close work with the founders, real ownership. Process: phone screen, portfolio/design review, 1–2 technical conversations, references, then a chat with our CEO. No LeetCode. Perks: unlimited PTO, health/dental/vision, $100/mo wellness stipend, team retreats twice a year. Apply: https://jobs.gem.com/citydetect/am9icG9zdDr5AWjF1AZ1UgSdc0I0... Questions: bjorn@citydetect.com",2026-10-04T06:53:23.908735+00:00
d3bee1cb3e45952a,hn_hiring,Lead Engineer,Relevant Healthcare,Remote (US/Canada Only),True,Lead,,,,TypeScript; Go; React; Ruby on Rails; GraphQL,2026-10-01,https://news.ycombinator.com/item?id=49923964,"Relevant Healthcare | Lead Engineer | Remote (US/Canada only) | Full-time Relevant builds a data platform that helps safety-net healthcare providers deliver better care using data from their electronic health records. Our customers are non-profit clinics called Community Health Centers. You can read more about them, us, and the role on our jobs page: https://relevant.healthcare/jobs/ We're a small team (~25 overall). We're bootstrapped (no external capital whatsoever, VC or otherwise) and profitable. We've got a modern tech stack (Rails, Typescript, Go, React, GraphQL, d3) and a healthy approach to both tech debt and work/life balance... and we’re also a very nice group of people that get to work on interesting problems for some of the few unimpeachably good actors in healthcare!",2026-10-04T06:53:23.908735+00:00
251b2acc1df7df40,hn_hiring,Senior/Staff Software Engineer (Interactives),Brilliant.org,"Remote (North America), SF, NYC",True,Lead,180000.0,250000.0,USD,,2026-10-01,https://news.ycombinator.com/item?id=49923870,"Brilliant.org | Senior/Staff Software Engineer (Interactives) | Remote (North America), SF, NYC | Full-time | $180k-$250k | https://brilliant.org In a world of cognitive offloading, Brilliant's AI tutor gets kids to actually think. The graphical canvas is interactable by both the learner and their tutor, leading to pedagogically-rich interactions. We're hiring an interactive-focused engineer to craft the building blocks that power this experience. Each interactive exposes an API used by learning designers, our authoring agents, and the tutor itself. And every configuration those APIs can produce has to be a correct, solvable, meaningful puzzle. It's a tricky technical problem with a big payoff for our learners. Engineers at Brilliant think about both ""building the right thing"" AND ""building the thing right"" while pursuing high standards of excellence for ourselves, our product, and our codebase. If you'd like to do the best work of your career while changing how the world learns, apply here: https://brilliant.org/careers.",2026-10-04T06:53:23.908735+00:00
a3f1d890250bd7e2,hn_hiring,Robotics / Drones / ML / Cloud / Web engineers,Skydio,"San Mateo CA, Zurich CH, Or Hybrid",False,,,,,Machine Learning; Deep Learning,2026-10-01,https://news.ycombinator.com/item?id=49923847,"Skydio | Robotics / Drones / ML / Cloud / Web engineers | San Mateo CA, Zurich CH, or Hybrid | https://www.skydio.com/careers Skydio is the leading U.S. drone company and world leader in autonomous flight. Our drones are responding to millions of 911 calls, de-escalate life and death scenarios in public safety, inspect the energy grid, giving soldiers better situational awareness on the battlefield, and more. We serve the core industries that our civilization runs on and have life-saving impact. If you’re interested in being a core member of a 300+ person world-class engineering and research team that is defining the future of a major emerging industry, We’re looking for a diverse combination of engineers, researchers, and managers with strong SW skills and experience across complex products. We’re particularly interested in people with robotics, web, deep learning, game dev, streaming or cloud experience. I am a Senior Director of Engineering there and a YC S18 alumni, we're looking at all applications from the careers page. https://www.skydio.com/careers#job-listing",2026-10-04T06:53:23.908735+00:00
eddba35e0e2c7868,hn_hiring,"San Francisco, CA / New York, NY / Zurich, Switzerland / Remote",Namespace,Remote Or Hybrid,True,,,,,,2026-10-01,https://news.ycombinator.com/item?id=49923784,"Namespace | San Francisco, CA / New York, NY / Zurich, Switzerland / Remote | Full-time | REMOTE or HYBRID | https://namespace.so At Namespace, we’re building a global, vertically integrated infra stack (custom server racks, hypervisor, scheduler, and much more) for the next wave of software development. We’re hiring for the following openings * Security Engineer * Product Engineer * Infrastructure Software Engineer * Customer-Facing Software Engineer * Engineering Lead Today, we power software development for SpaceXAI, Ramp, Sierra, Fal, Vanta, Framer, ElevenLabs, and many more. Find out more, and apply at: https://namespace.so/careers or write to hannah@namespacelabs.com",2026-10-04T06:53:23.908735+00:00
f48bb8bed6f68f81,hn_hiring,Senior Product Engineer,Starbridge,NYC Or Remote,True,Senior,,,,TypeScript; React,2026-10-01,https://news.ycombinator.com/item?id=49923756,"Starbridge | Senior Product Engineer | NYC or Remote | Full-time | https://starbridge.ai/ Starbridge is building an AI platform that turns large-scale public and enterprise data into reliable sales insights. We are early, moving fast, and building from zero to one, so this role will have huge ownership and product impact. Product Engineer: (React/Typescript) who would work closely with product and design to build user-facing parts of the platform. You will craft performant, stable frontends that explain technical concepts to non-technical users and help us iterate fast based on customer feedback. We're looking to build our in-person team in NYC but also open to remote! Apply: https://starbridge.ai/careers and mention HackerNews or email recruiting@starbridge.ai with your resume in pdf format.",2026-10-04T06:53:23.908735+00:00
03f7ca9cb121a9ea,hn_hiring,"3 days hybrid in San Carlos, CA",Beacon AI,Https://beaconai.co/careers,False,,,,,Python; TypeScript; C++; Swift; React; AWS; iOS,2026-10-01,https://news.ycombinator.com/item?id=49923640,"Beacon AI | 3 days hybrid in San Carlos, CA | https://beaconai.co/careers Due to U.S. export control regulations, we can only hire U.S. Persons (U.S. citizens, Green Card holders, lawful permanent residents, or individuals granted asylum or refugee status). Beacon AI builds intelligent systems that make aviation safer and more autonomous. We’ve completed multiple DoD programs and are expanding our team with exceptional technical leaders to push the boundaries of human-machine collaboration in the cockpit. At Beacon, you will lead by example, mentoring and growing a small team of talented engineers (typically 1–2 to start) while staying hands-on in design and execution. You’ll help shape critical systems that advance aviation safety and autonomy, working alongside a team that values effort, creativity, and accountability. We’re hiring Senior/Lead Engineers with 5+ YOE who love solving complex problems. At Beacon, you’ll own your work end-to-end, from prototype to deployment, and literally see your code take flight in real world aviation environments! Roles: ++ iOS Engineer [Tech Stack: Swift, SwiftUI, UIKit, Mapbox] ++ Senior Security Engineer [FedRAMP ATO/SSP or DoD IL4/IL5, AWS/GovCloud] ++ Infra/Backend Engineer [Tech Stack: AWS] ++ WebApp/FrontEnd Engineer [Tech Stack: Python, Typescript, React] ++ Lead Autonomy/Robotics Engineer [Tech Stack: C++, Python, iOT]",2026-10-04T06:53:23.908735+00:00
e4238e299b04006d,hn_hiring,GenAI Tooling & DevEx,Shield AI,Onsite Washington DC,False,,,,,Generative AI,2026-10-01,https://news.ycombinator.com/item?id=49923454,"Shield AI | GenAI Tooling & DevEx | Full Time | ONSITE Washington DC Shield AI's mission is to protect service members and civilians by creating intelligent systems. Come build AI tooling with me! Working with AI Agents alongside export controlled data is really difficult, so we are building completely custom solutions to meet our teams needs. You must be fluent with GenAI assisted development. https://jobs.lever.co/shieldai/e74514eb-0abd-4bae-b794-6ad1f... Contact info on my profile if you have any questions I'm happy to chat!",2026-10-04T06:53:23.908735+00:00
120c364969cbd43f,hn_hiring,"NYC, Hybrid, 3 days in office",PDT Partners,,False,,,,,,2026-10-01,https://news.ycombinator.com/item?id=49923426,"PDT Partners | NYC, Hybrid, 3 days in office PDT was a pioneer in the field of algorithmic trading in the 1990s and has today risen to become one of the most renowned quant investment companies in the world. Open roles: Cloud Computing Engineer: https://grnh.se/lbqjx7de1us Software Engineer: https://grnh.se/a13993bl1us Performance Engineer: https://grnh.se/8pvu6jy91us Systems Intern (Summer 2027): https://grnh.se/vwvd8k041us",2026-10-04T06:53:23.908735+00:00
832d98c4517bd8c5,hn_hiring,Senior Software Engineer,Fazeshift,"San Francisco, CA",False,Senior,200000.0,235000.0,USD,,2026-10-01,https://news.ycombinator.com/item?id=49923384,"Fazeshift | Senior Software Engineer | San Francisco, CA | ONSITE (5 days/week) | Full-time | $200k–$235k + equity I’m Chris, VP Engineering at Fazeshift. We’re nine engineers plus our Founder/CTO and me, and I’m hiring someone who can help us do more, better: increase both what we can build and the quality and sophistication of the software we build. Accounts receivable sounds boring until you look under the hood. It sits at the intersection of money, business relationships, software systems of various vintages, and a huge amount of repetitive human work. Instead of giving finance teams another dashboard to stare at, we’re building AI agents that actually do the work across billing, collections, payments, cash application, and the systems connecting them. We’ve grown revenue 12x since 2024, and eight unicorns now run AR on Fazeshift. A big part of what makes the engineering interesting is that we’re intentionally not the system of record. Our customers already run on ERPs, CRMs, banks, billing systems, payment processors, spreadsheets, and internal software, so we have to understand state across systems we don’t control, act safely in them, and recover when reality disagrees with what an API says should have happened. A timeout doesn’t necessarily mean a write failed. Webhooks can arrive late or twice. A payment may not contain enough information to identify an invoice. In those cases, blindly retrying can be exactly the wrong thing to do. We use coding agents heavily ourse...",2026-10-04T06:53:23.908735+00:00
b8404be765070bf6,hn_hiring,"Multiple Engineering, AI/ML Data Science, Revenue, and Ops Roles",Spade,Onsite NYC Or Remote (US/Can),True,,130000.0,240000.0,USD,Machine Learning,2026-10-01,https://news.ycombinator.com/item?id=49923320,"Spade | Multiple Engineering, AI/ML Data Science, Revenue, and Ops Roles | ONSITE NYC or REMOTE (US/Can) | $130-240K+ (depending on role/level) + equity Spade is the data and AI platform for modern finance. We take messy transaction data and turn it into structured, verified records — with a platform, models, and tooling that help our customers use it everywhere it matters. We're looking for extraordinary builders to play a foundational role in a company designed for scale: - Senior Platform Security Engineer - Fullstack Engineer (Mid Level) - Backend Engineer (Mid Level) - Data Scientist - AI/ML (Mid & Sr Levels) - Product Performance Analyst - Account Executive - Enterprise, Mid Market, Fintech - Account Manager - Enterprise - Product Marketing Manager - Executive Assistant to CEO/COO We're well-funded by top investors (YC/a16z/OAK), and known for building intentional, inclusive culture. We offer competitive compensation (salary + equity) and comprehensive benefits. NYC roles are hybrid (2 days/week in our dog-friendly Flatiron office). If interested, please apply here (https://spade.com/careers/) and mention this post.",2026-10-04T06:53:23.908735+00:00
9669ba8fb5e6744d,hn_hiring,"Senior Software Engineer, Reporting",JustPark,"Hybrid: Dallas, TX",False,Senior,,,,,2026-10-01,https://news.ycombinator.com/item?id=49923163,"JustPark | Senior Software Engineer, Reporting | Hybrid: Dallas, TX | Full-Time/Perm | Competitive salary + Benefits. Apply at: https://apply.workable.com/j/FE43DE896A JustPark is the premier partner offering both B2B solutions for destinations and B2C services for drivers, giving us the best of both worlds. We simplify the entire parking experience. From venues and councils to private driveways, our platform makes it simple for drivers to find, book, and pay for parking—while empowering our operating partners to deliver exceptional parking experiences. Join the JustPark Reporting team. You'll build, ship and maintain the data platform and reporting products behind our venue operations, used at venues like Mercedes Benz Stadium, The Greek Theatre and The O2 Arena. Following the 2024 merger of ParkHub and JustPark, we're scaling internationally, which means distributed systems, teams, and interesting problems at the intersection of payments, data and real time event operations. This is a hands-on engineering role where you'll own meaningful pieces of our platform from design through production, including keeping them healthy on live event days. We're an AI native engineering team: engineers use Claude Code, Copilot and Cursor as daily tools for code generation, review, debugging and documentation, and we build MCP integrations that connect our AI tools directly to Jira, Confluence, Slack and internal APIs so engineers stay in flow. You'll work closely with Product, QA, and ou...",2026-10-04T06:53:23.908735+00:00
9c12c5eb4d1e5dcc,hn_hiring,Staff Engineers (Elixir),River,"NYC Or Remote (US, Europe, South America)",True,Lead,200000.0,250000.0,USD,Python; Go; React; GraphQL; PyTorch; Machine Learning; LLM; React Native,2026-10-01,https://news.ycombinator.com/item?id=49923010,"River | Staff Engineers (Elixir) | NYC or REMOTE (US, Europe, South America) | Full-Time | $200K-$250K + equity | https://jobs.ashbyhq.com/river?utm_source=Zp9nJyqvd4 I'm Alex, founder and CEO of River. I also wrote the first line of code and still ship PRs. River is a client-first Bitcoin-only financial institution building the financial app people use every day to save in bitcoin and spend in dollars. We custody over 33,000 BTC, serve individuals and businesses across the U.S., and are profitable. We publish cryptographic proof of reserves monthly and our company financials annually. Here's what our engineering team is working on: - Real-time Bitcoin and USD payments, trading, and settlement on an Elixir monolith with a unified GraphQL API - Next-generation Bitcoin custody with quorum signing, key ceremonies, and geo-redundant infrastructure - Scaling our ML/AI systems (Python, PyTorch, XGBoost, LLMs) to automate operations and tackle fraud/risk - A ground-up React and React Native rewrite of our consumer app - Porting our Lightning Network infrastructure from Go into Elixir We're hiring: - Staff Software Engineer (Elixir) | $200K-$250K Apply at https://jobs.ashbyhq.com/river/610f652b-bdb9-4d82-9973-680ba...",2026-10-04T06:53:23.908735+00:00
35416e1671547eb9,hn_hiring,"Growth Lead, Expansion & Lifecycle",Arrangr,Remote,True,Lead,,,,,2026-10-01,https://news.ycombinator.com/item?id=49922970,"Arrangr | Growth Lead, Expansion & Lifecycle | REMOTE | Fixed-fee project ($12K, milestone-based) + equity tied to ARR results → founding role | https://arrangr.com Arrangr is a scheduling platform with tens of thousands of registered users and hundreds of thousands of people reached through scheduling invitations. Calendly is the incumbent, and it's good. Our thesis: booking links make it efficient to fill your calendar, not productive. Every open slot looks identical, so your best hours go to whoever clicks first. Arrangr schedules by importance. The opportunity: we can see which companies already have several people using Arrangr individually. Each of those is an unmonetized team. You'd build the motion that converts them (in-product surface, sequences, landing page, pilot) and handle the replies it generates: seats, admin rights, security questions. Then reactivate a large dormant base and fix acquisition. The engagement: five milestones over roughly three months, $12K paid on milestone completion, milestones 1 and 2 contracted first. ""Done"" means shipped, instrumented and measured against a baseline. Equity is a defined grant tied to new ARR booked; hitting the middle tier triggers a founding title. Engineering time is limited, so you ship within existing product surfaces. Right for you if you've run PQL-to-team expansion and reactivation against a base in the tens of thousands. Not for CRO specialists (our volume won't support the testing), paid media buyers, or anyone...",2026-10-04T06:53:23.908735+00:00
c5ba0d0741458529,hn_hiring,"Software Engineers (Senior, Staff, Principal)",Fastly,"US, UK, EU, APAC Onsite Preferred",False,Lead,,,,Python; JavaScript; TypeScript; C++; Go; Rust; Ruby; Linux,2026-10-01,https://news.ycombinator.com/item?id=49922929,"Fastly | Software Engineers (Senior, Staff, Principal) | US, UK, EU, APAC ONSITE PREFERRED | Full-time When you look at the headers of major websites, you’ll see us. If it has to be performant, secure, scaled worldwide, and always-on, it uses Fastly. We're a global edge cloud platform for performance and security, emphasizing open standards, sustainable engineering, and resilience-by-design. We're hiring across compute, security, platform engineering, network and edge protocols, release engineering, network architecture, client services engineering, and more. Onsite preferred, but remote candidates with a strong fit are welcome! Rather than building walled gardens, we co-founded the Bytecode Alliance, heavily upstream our work to open standards, actively author IETF drafts, and power the global infrastructure for open-source Python, Rust, Ruby, OpenStreetMap, and much more. * The Stack: Rust, C/C++, Go, Javascript, Typescript, WebAssembly (Wasm/WASI), Wasmtime, Cranelift, eBPF/XDP, QUIC, HTTP, TLS, TCP, Varnish/VCL, Linux kernel internals, distributed systems, professional services. * Apply: https://www.fastly.com/about/careers",2026-10-04T06:53:23.908735+00:00
8747d309d458c4ca,hn_hiring,Founding Hardware Lead,Devin (The Devin Experience),Toronto Or Boston Preferred,True,Lead,,,,C++,2026-10-01,https://news.ycombinator.com/item?id=49922921,"Devin (The Devin Experience) | Founding Hardware Lead | Toronto or Boston preferred | REMOTE (North American time zones) | Full-time | Competitive salary + meaningful founding equity | https://experiencedevin.com/jobs We're building an intimate device that responds in real time to a live AI-generated story and to her body: an app-connected, sensor-equipped vibrator synced to an interactive audio story that AI performs live. The device follows the story, and the story follows her body. Our first 1,000 pre-orders sold out, and we've raised a $1.5M pre-seed. All-woman founding team (CEO is an exited founder and HBS grad; CTO is a multi-time founder and MIT alum; COO/CPO helped lead Wattpad to a $650M exit). This is employee #1. You'll own hardware architecture, review and change our China partners' schematics and C/C++ BLE firmware (ESP32 / nRF), co-design the BLE protocol under tight latency budgets, integrate the IMU and body sensors (separating real body signals from the device's own vibration), and take us from prototype through EVT/DVT, certification and production, with trips to Shenzhen at key milestones. You've shipped connected hardware end to end (consumer, wearable, medical or robotics), have 8+ years building hardware products with hands-on embedded work, and have been through at least one production ramp with a contract manufacturer. Bonus: haptics/motor control (ERM/LRA, PWM, waveform tuning), real-time systems, body-worn sensing, FCC/CE/Bluetooth SIG certificatio...",2026-10-04T06:53:23.908735+00:00
6bf17e13b846a535,hn_hiring,Product Engineer,OpenSanctions,"Berlin, Germany / Remote (CET ±3 Preferred)",True,,,,,Python; SQL; React; Next.js,2026-10-01,https://news.ycombinator.com/item?id=49922910,"OpenSanctions | Product Engineer | Berlin, Germany / REMOTE (CET ±3 preferred) | Freelance / employment OpenSanctions is a small, bootstrapped company building an open source database of sanctioned people and companies, politicians, and other entities of public interest. Journalists use it for investigations; hundreds of businesses use it for compliance screening. I'm looking for a product engineer to own the systems around our commercial product: customer signup and lifecycle management, billing, reporting and analytics, and tools for our support team. You'd work across Python, SQL, and React/Next.js. You'll be empowered to decide what to build, working with the people who use these systems. We hope to ship improvements continuously and see what works quickly. We're remote first, with a desk in Berlin if you want one. This is a freelance role with an option to go for employment. We're reviewing applications on a rolling basis. Not considering agencies. Details: https://www.opensanctions.org/docs/company/jobs/2026-09-prod... Please apply through the form linked in the job description - no cover letter, just share some basic facts please :)",2026-10-04T06:53:23.908735+00:00
a7c3238b21416a98,hn_hiring,Lead Rust Engineering Consultant,Mainmatter (https://mainmatter.com/rust-consulting/),Remote (EU),True,Lead,80000.0,100000.0,,Rust; Redis,2026-10-01,https://news.ycombinator.com/item?id=49922899,"Mainmatter (https://mainmatter.com/rust-consulting/) | REMOTE (EU) | Lead Rust Engineering Consultant | Full-time | 80-100k€ Mainmatter (https://mainmatter.com), the company behind EuroRust (https://eurorust.eu), is looking for an exceptional Rust engineering consultant to lead our team. You'll be supporting international clients like Google, BMW, and Redis in adopting Rust: reviewing their codebase, recommending and implementing improvements, driving codebase migrations to Rust, and training their team on advanced Rust concepts. - Must be located in the EU - Excellent Rust skills, including several years of using Rust in a production environment - Excellent engineering skills, ideally 10+ years of professional experience - Excellent English communication skills The ideal candidate has spoken at conferences, ran workshops, written articles etc. See the full job description and contact information here: https://mainmatter.notion.site/Lead-Rust-Engineering-Consult...",2026-10-04T06:53:23.908735+00:00
a2919edcf7293e7b,hn_hiring,Full Time,Smarkets (https://www.smarkets.com),"Hybrid - Onsite (London, UK)",False,,,,,Python; Rust,2026-10-01,https://news.ycombinator.com/item?id=49922881,"Smarkets (https://www.smarkets.com) | Full Time | Hybrid - Onsite (London, UK) Smarkets runs one of the world’s most sophisticated prediction markets, handling over £29 billion in volume since 2010 and engaging 200,000+ traders globally. We’re a technology company that happens to revolutionise betting - from sports to political markets, to delivering the sharpest prices and the fairest odds. We are currently looking for: Senior DevSecOps Engineer - https://jobs.ashbyhq.com/smarkets/97b041b6-489c-4148-8e2c-2d... Software Engineers - Backend, Python, Rust -https://jobs.ashbyhq.com/smarkets/aaaf901f-77c0-4b35-9240-ed... Engineering Team Lead/Manager - https://jobs.ashbyhq.com/smarkets/59c8a1d1-25b6-4350-840c-9e... Front End Engineer - https://jobs.ashbyhq.com/smarkets/d24b8384-0894-46b3-834c-ee... Senior Product Designer - https://jobs.ashbyhq.com/smarkets/c2950791-db73-444c-809e-f7...",2026-10-04T06:53:23.908735+00:00
9420b523fee4e5cd,hn_hiring,"C++ Systems, Infrastructure, BizOps",Thunder Compute (YC S24),San Francisco (Onsite),False,,215000.0,325000.0,USD,C++; Go; AWS; Kubernetes,2026-10-01,https://news.ycombinator.com/item?id=49922850,"Thunder Compute (YC S24) | C++ Systems, Infrastructure, BizOps | San Francisco (Onsite) | Full-time | https://www.thundercompute.com We're building the VMware for GPUs. Most GPUs in the cloud sit idle a lot of the time because they're bolted to one machine over PCIe. We decouple them. Our virtualization layer is a userspace shim, loaded through LD_PRELOAD, that intercepts CUDA calls and ships them over the network to a host with a physical GPU somewhere else in the data center. Workloads run unchanged. When a process goes idle, the GPU detaches and gets reassigned, and reattaches in tens of milliseconds when it's needed again. Think Ceph for GPUs: the GPU becomes a network resource a cluster-wide scheduler can pool and pack. The hard part is making that fast. We're within ~10% of native on most AI workloads, and it lets us serve ~1.8x more users on the same fleet. We run it in production as our own GPU cloud and sell it to enterprises with underutilized fleets. Team is from Citadel Securities, Aquatic, Old Mission, AWS, and Bain. Series A, $17.5M raised from Matrix and Y Combinator. Open roles: - Software Engineer, C++ Systems ($215K-$325K + meaningful equity). Low-level, latency-sensitive work on the virtualization layer. Quant dev / HFT background preferred: https://jobs.ashbyhq.com/thundercompute/2efae53b-817c-43e7-9... - Software Engineer, Infrastructure ($150K-$250K + meaningful equity). Go, Kubernetes, reliable systems at scale: https://jobs.ashbyhq.com/thundercompute/...",2026-10-04T06:53:23.908735+00:00
beed0614d2e57fa3,hn_hiring,Sr. WordPress Engineer,RMG,Remote (US/Canada),True,Senior,100000.0,150000.0,USD,PHP; Next.js; MySQL; Docker; GitHub Actions; Linux,2026-10-01,https://news.ycombinator.com/item?id=49922829,"RMG | Sr. WordPress Engineer | $100-150k | REMOTE (US/Canada) We run 100+ WordPress and Next.js properties and we're rebuilding our development workflow around coding agents. You'd own the platform and set the standard for how we use AI in production. Stack: WordPress (Gutenberg, ACF, WP-CLI), PHP, MySQL, Next.js, Linux/Docker, GitHub Actions, n8n. We want someone who has shipped production code with Claude Code, Codex or similar and has real opinions about where agents help and where they don't. US: W2 or contract. Canada: contract. Contract available with an immediate start. Email: contact@rehabmedia.com",2026-10-04T06:53:23.908735+00:00
fd0b237da274e109,hn_hiring,Android Software Engineer,Flexibits,Remote,True,,,,,C++; C#; Kotlin; Swift; Android; iOS,2026-10-01,https://news.ycombinator.com/item?id=49922803,"Flexibits | Android Software Engineer | Remote | Full-time https://flexibits.com/jobs We make Fantastical and Cardhop, award-winning calendar and contacts apps for macOS, iOS, visionOS, and Windows. We are a small, fully-remote company spread across the US and Europe, and welcome anyone from around the world. We prefer candidates that are in time zones between US Pacific Time and Central European Time. We're looking for an enthusiastic and experienced Android developer to help bring the joy of Flexibits apps to Android. This will include learning the ins and outs of Fantastical and bringing its magic to Android, all the way from the natural language parser to the beautiful user interface. Tech stack: Kotlin, C#, Objective-C, Swift, AppKit, UIKit, SwiftUI, C, C++.",2026-10-04T06:53:23.908735+00:00
d08c6af3935b2065,hn_hiring,"Senior Product Engineer, Product Manager, Senior Sales Engineer, Solutions Engineer",Checkly,Https://www.checklyhq.com,True,Manager,,,,,2026-10-01,https://news.ycombinator.com/item?id=49922769,"Checkly | https://www.checklyhq.com | Senior Product Engineer, Product Manager, Senior Sales Engineer, Solutions Engineer | REMOTE (Europe / US Eastern) | Full-time The best developers don't wait for a customer to tell them something's broken. They catch it first, in the pull request, in staging, or in the checkout flow at 3am, before a single user notices. That instinct is Checkly's whole reason to exist. We give developers and their agents the tools to own reliability the way they own their code: monitoring defined as code, powered by OpenTelemetry and Playwright, versioned and reviewed like everything else they ship. From pull request to post-mortem, in one place. Open roles: - Senior Product Engineer (DevTools & AI reliability) - remote, UTC-3 to UTC+3 - Product Manager (DevTools & AI Reliability) - remote UTC-3 to UTC+3 - Senior Sales Engineer - remote Europe (UTC+1 to UTC+2) - Sales Engineer - remote US, Eastern time zone All roles, compensation and applications: https://jobs.ashbyhq.com/checkly?utm_source=hn",2026-10-04T06:53:23.908735+00:00
829e31a17abafc0a,hn_hiring,Multiple engineering + go-to-market roles,CareerJumpShip,Remote-first,True,,104000.0,150000.0,USD,Android,2026-10-01,https://news.ycombinator.com/item?id=49922711,"CareerJumpShip | Multiple engineering + go-to-market roles | Remote-first - Shinvestments (3 roles) — Technical Writer II, Remote — https://www.careerjumpship.com/jobs/technical-writer-ii-shin... - Bree (2 roles) — Software Engineer, Backend (Co-op), Remote · $104K–$150K — https://www.careerjumpship.com/jobs/software-engineer-backen... - Emergent Software (2 roles) — AI Director, Remote — https://www.careerjumpship.com/jobs/ai-director-emergent-sof... - Leadership Connect (2 roles) — Software Engineer / Senior Software Engineer, Remote — https://www.careerjumpship.com/jobs/software-engineer-senior... - Matchgroup (2 roles) — Software Engineer II, Android, Palo Alto, California · $140K–$160K — https://www.careerjumpship.com/jobs/software-engineer-ii-and... - Samsara (2 roles) — Manager II, Software Engineering, Infrastructure, Remote · $260K–$260K — https://www.careerjumpship.com/jobs/manager-ii-software-engi... - SpaceX (2 roles) — Full Stack Software Engineer, Bastrop, TX — https://www.careerjumpship.com/jobs/full-stack-software-engi... - True Tandem (2 roles) — Power Platform Developer, Remote — https://www.careerjumpship.com/jobs/power-platform-developer...",2026-10-04T06:53:23.908735+00:00
34472588d752ae7b,hn_hiring,"London, UK",OpenRent,Onsite+part Remote,True,,,,,,2026-10-01,https://news.ycombinator.com/item?id=49922695,"OpenRent | London, UK | Full-Time | ONSITE+PART REMOTE | https://www.openrent.co.uk What sucked the last time you rented a house or flat? Come and fix it. OpenRent is force for good in an industry tarnished by rip-off agencies and one of the biggest UK websites by traffic. Enabled by an unrelenting focus on technology, we let more properties than any agency in the UK. In the last 12m we let over £50 billion worth of property, to over 8 million registered users, without ever charging any admin fees. You'll be working on solving every aspect of the rental journey, from models to predict the right price of a property, to building the future of property management, all to help tenants find their dream home, and landlords their ideal tenant. We're PE backed, profitable, and have plenty of ambition to maintain our fast growth in this absolutely massive market. Roles currently available: - Senior Full-Stack Engineer | 110k+ (based on experience) + quarterly bonus All roles visible here: https://www.openrent.co.uk/jobs",2026-10-04T06:53:23.908735+00:00
eeb93589ab5208a0,hn_hiring,Product Engineer (Design) & Platform Engineer,Planlab.ai,"Onsite In London, UK",False,,100000.0,160000.0,GBP,,2026-10-01,https://news.ycombinator.com/item?id=49922693,"Planlab.ai | | Product Engineer (Design) & Platform Engineer | ONSITE in London, UK | 100k-160k GBP + 0.25-0.75% Equity | Visa sponsorship We’re building AI coworkers for project scheduling, helping teams deliver complex construction and infrastructure projects. We’re hiring: - *Product Engineer (Design):* Design and build intuitive software for complex projects. - *Platform Engineer:* Build our algorithms, infrastructure, shared components, agents and internal tooling. Earlier-career through senior applicants welcome, with ownership and support matched to your experience. Both roles offer the compensation above. Company rapidly growing, with 9 team members today. We value initiative, creativity, and ownership. For more information, including how to apply, see https://planlab.ai/jobs",2026-10-04T06:53:23.908735+00:00
70dd345b79faf7cd,hn_hiring,Multiple Engineering + Product Roles,Snout https://snout.com/,"Remote US Or Ontario, Canada",True,,,,,Python; JavaScript; TypeScript; React; Node.js; Tailwind CSS; dbt; PostgreSQL; AWS; LLM,2026-10-01,https://news.ycombinator.com/item?id=49922621,"Snout https://snout.com/ | Multiple Engineering + Product Roles | Remote US or Ontario, Canada | Full Time Join us at Snout on our mission to ensure no one ever has to make a health decision for their pet based on the cash in their bank account. Snout plans pay for 100% of routine veterinary care, unlimited visits, and additional member benefits - think pet insurance, that you will actually use every year. We're growing the team and hiring across the board. Featured role this month: Founding Data Engineer - be our first data hire: make sense of hundreds of millions of rows from vet practice-management systems and our own app, and turn our Postgres and dbt warehouse into a foundation the whole company trusts. Our tech stack includes Node.js, React, PostgreSQL, AWS, Tailwind, and Python. We use both JavaScript and TypeScript heavily. Our team uses LLM-based tooling day to day, but we're fundamentally a human-centric team, and our product itself does not heavily feature AI components. Apply at https://jobs.gem.com/snout",2026-10-04T06:53:23.908735+00:00
caaf527668b0f91c,hn_hiring,"Cloud Engineer, AWS Serverless (TypeScript/Node.js)",PAGNOS,Remote (Germany),True,,75000.0,80000.0,EUR,TypeScript; React; Next.js; Node.js; DynamoDB; AWS; CI/CD,2026-10-01,https://news.ycombinator.com/item?id=49922616,"PAGNOS | Cloud Engineer, AWS Serverless (TypeScript/Node.js) | REMOTE (Germany) | Full-time | €75k–80k | business-fluent German required We build serverless applications on AWS for clients and for our own SaaS products. On client projects, we work directly with their developers and help them understand and maintain what we build. You’ll write backend code in TypeScript/Node.js, build APIs with Lambda and API Gateway, model data in DynamoDB, and design event-driven workflows and integrations. Infrastructure lives in code using AWS CDK, with CI/CD pipelines for builds and deployments. You’ll help decide how systems are designed and take testing, observability and security into account as you build. There’s some React/Next.js work too. We’re looking for practical experience building AWS serverless applications with TypeScript/Node.js, including infrastructure as code, CI/CD and event-driven design. The role includes working through requirements and technical decisions with clients, so you should be comfortable with that. We use coding agents daily and expect you to use them too, and to share useful approaches with other developers. AWS serverless development is the main focus of the role. We’re remote-first, use Scrum, and work with code reviews, pair programming, and unit and integration tests. We meet in person regularly, sometimes in Cologne, sometimes in Austria or Mallorca. We plan travel around family commitments. You must be based in Germany and speak business-fluent Ger...",2026-10-04T06:53:23.908735+00:00
4a58bce36a42bee8,hn_hiring,"Senior/Lead Platform & DevOps Engineer, Senior Frontend Engineer, Senior Full-Stack Engineer",Open Education Applications / Neon,"Utrecht, The Netherlands",False,Lead,,,,Python; TypeScript; React; PostgreSQL; Kubernetes; Terraform; Git,2026-10-01,https://news.ycombinator.com/item?id=49922615,"Open Education Applications / Neon | Senior/Lead Platform & DevOps Engineer, Senior Frontend Engineer, Senior Full-Stack Engineer | Utrecht, The Netherlands | HYBRID | DUTCH REQUIRED Please note: working proficiency in Dutch is strictly required for these roles, and we kindly ask for no automated applications. The rest of this post will continue in Dutch. Wij zijn een non-profit die zich inzet om lesmateriaal voor scholen beter, betaalbaarder en flexibeler te maken, in zowel digitale als gedrukte vorm. Werktijden en kantoordagen zijn flexibel en worden in overleg bepaald op basis van de rol. Wij bieden een competitief salaris. Technologiestack: Git monorepo, TypeScript, Yjs en React, een beetje Python, OpenTofu/Terraform, Scaleway, managed PostgreSQL en managed Kubernetes. Openstaande rollen: - Senior/Lead Platform & DevOps Engineer - Senior Backend Engineer/Architect - Senior Frontend Engineer - Senior Full-Stack Engineer E-mail jobs[at]openeducation.foundation met (HN) + de functienaam in het onderwerp, samen met een korte introductie en een link naar je LinkedIn-profiel en/of GitHub. Als er van beide kanten een goede match lijkt te zijn, plan ik graag een kennismakingsgesprek in. https://openeducation.foundation | https://www.neon.nl",2026-10-04T06:53:23.908735+00:00
b916a156caf2c110,hn_hiring,"Senior SWE, R&D Engineer, Intelligence Engineer",Sidekick Labs,Remote (US Timezones),True,Senior,170000.0,230000.0,USD,Python; Go; Microservices,2026-10-01,https://news.ycombinator.com/item?id=49922609,"Sidekick Labs | Senior SWE, R&D Engineer, Intelligence Engineer | REMOTE (US Timezones) | Full-time | $170k to $230k Base + Equity + Health Sidekick builds AI security software for enterprises. Our sensors observe AI behavior and use in situ. From those observations, our reasoning pipeline produces an application inventory and a risk picture, allowing us to provide real-time intervention and coaching right when it matters. Compensation: base salary scaled to experience, meaningful early-stage equity, and 100% covered health insurance for you and your immediate family We are a highly senior team. Most of us have been founders or on early founding teams, so we operate with high ownership. We expect you to have a real, current AI-assisted development practice. Our system spans several languages, and we expect you to use AI tools to quickly navigate unfamiliar parts of the codebase so you can comfortably own problems end-to-end across a broad stack. We are hiring for three roles: - Senior Software Engineer: You will work across our event-driven architecture. You'll write Go and Python backend services and touch endpoint-deployed browser and desktop components. You need to be comfortable developing in a multi-tenant, microservice-driven SaaS architecture and understand typical scale and security implications for such products. - R&D Engineer: This is not an open-ended research function. You will take ambiguous feasibility questions tied to our roadmap and return defensible answer...",2026-10-04T06:53:23.908735+00:00
85f11b564b8b9bff,hn_hiring,Production Designer,We The Flywheel,"Remote (Async, Global)",True,,,,,,2026-10-01,https://news.ycombinator.com/item?id=49922606,"We The Flywheel | Production Designer | REMOTE (async, global) | Contract, part-time to full-time | https://wetheflywheel.com/en/careers/production-designer-rem... We're a small, agent-led studio. Most of our ops run through AI agents, and the people here direct them. We need a production designer who turns briefs into polished, on-brand marketing, social and ad creative, fast, inside an existing brand system. What we're looking for: - Real Figma experience (required) - You've wired Figma into coding agents like Codex or Claude Code (e.g. Figma MCP), so a design becomes working code without a hand-off - Strong typography and layout craft, and you can keep quality up across a high volume of assets - Clear written English for async work Apply through the link. It starts with a short skills assessment, no cover letter needed. For other roles, see our careers page: https://wetheflywheel.com/en/careers/?utm_source=hackernews&...",2026-10-04T06:53:23.908735+00:00
39060004907faa9d,hn_hiring,ONSITE,Shepherd (Series B),"San Francisco, CA & New York City, NY",False,,,,,TypeScript; React; Next.js; Node.js; GraphQL; PostgreSQL; Redis; Machine Learning,2026-10-01,https://news.ycombinator.com/item?id=49922593,"Shepherd (Series B) | ONSITE | San Francisco, CA & New York City, NY At Shepherd, we're pursuing the most ambitious technical vision in commercial insurance: fully autonomous underwriting. Shepherd is an AI-native commercial insurance platform transforming how high-hazard industries get covered. The infrastructure behind the AI boom (data centers, semiconductor fabs, renewable energy assets) has to be built and insured, but traditional carriers weren't built for this speed. We built Shepherd to solve that. We announced our $42M Series B earlier this year! That brings our total funding to over $60M — led by Intact Private Capital, the investment arm of one of the largest insurers in the world. Intact is not only our lead investor but also a carrier partner, a testament to the confidence the incumbent industry has in what we're building. We’re looking for product-minded, high ownership engineers to join our team! The Engineering team is HQ’d in SF, but we’re growing in NYC now too! We’re hiring for 2 Senior Full Stack Software Engineers, 1 Machine Learning Engineer and 1 AI Product Manager in SF, and 2 Staff Full Stack Software Engineers in NYC. Engineers own projects end-to-end so full stack ability is expected. Check out our open roles here: https://shepherdinsurance.com/careers Our stack includes: Typescript, React, Next.js, GraphQL w/ Apollo, Node.js, Postgres & Redis – If you have experience building AI agents or multi-step reasoning systems, we’d love to hear from you. *...",2026-10-04T06:53:23.908735+00:00
